money,weekday,is_weekend,day_period,hour,cash_type,coffee_name_Americano,coffee_name_Americano with Milk,coffee_name_Cappuccino,coffee_name_Cocoa,coffee_name_Cortado,coffee_name_Espresso,coffee_name_Hot Chocolate,coffee_name_Latte
0.9405850091407679,4,0,1,10,0,0,0,0,0,0,0,0,1
0.9405850091407679,4,0,2,12,0,0,0,0,0,0,0,1,0
0.9405850091407679,4,0,2,12,0,0,0,0,0,0,0,1,0
0.4926873857404021,4,0,2,13,0,1,0,0,0,0,0,0,0
0.9405850091407679,4,0,2,13,0,0,0,0,0,0,0,0,1
0.7166361974405848,4,0,2,15,0,0,1,0,0,0,0,0,0
0.9405850091407679,4,0,2,16,0,0,0,0,0,0,0,1,0
0.7166361974405848,4,0,3,18,0,0,1,0,0,0,0,0,0
0.9405850091407679,4,0,3,19,0,0,0,0,1,0,0,0,0
0.7166361974405848,4,0,3,19,0,0,1,0,0,0,0,0,0
0.7166361974405848,4,0,3,19,0,0,1,0,0,0,0,0,0
0.4926873857404021,5,1,1,10,0,1,0,0,0,0,0,0,0
1.0,5,1,1,10,1,0,0,0,0,0,0,0,1
0.7166361974405848,5,1,1,10,0,0,1,0,0,0,0,0,0
0.7166361974405848,5,1,1,11,0,0,1,0,0,0,0,0,0
0.4926873857404021,5,1,2,14,0,1,0,0,0,0,0,0,0
0.7166361974405848,5,1,2,16,0,0,1,0,0,0,0,0,0
0.4926873857404021,5,1,2,17,0,1,0,0,0,0,0,0,0
1.0,6,1,1,10,1,0,0,0,0,0,0,0,1
0.9405850091407679,6,1,1,10,0,0,0,0,0,0,0,0,1
0.4926873857404021,6,1,1,11,0,0,0,0,0,1,0,0,0
0.4926873857404021,6,1,2,12,0,1,0,0,0,0,0,0,0
0.9405850091407679,6,1,2,13,0,0,0,0,0,0,0,1,0
0.9405850091407679,6,1,2,17,0,0,0,0,1,0,0,0,0
0.4926873857404021,6,1,2,17,0,0,0,0,0,1,0,0,0
0.7166361974405848,6,1,3,18,0,0,1,0,0,0,0,0,0
0.7166361974405848,6,1,3,18,0,0,1,0,0,0,0,0,0
0.9405850091407679,6,1,3,18,0,0,0,0,0,0,0,1,0
0.9405850091407679,0,0,1,10,0,0,0,0,0,0,0,0,1
0.9405850091407679,0,0,1,10,0,0,0,0,0,0,0,0,1
0.7166361974405848,0,0,1,11,0,0,1,0,0,0,0,0,0
0.26873857404021934,0,0,2,14,0,0,0,0,0,0,1,0,0
0.9405850091407679,1,0,1,9,0,0,0,0,0,0,0,0,1
0.9405850091407679,1,0,2,14,0,0,0,0,0,0,0,0,1
0.9405850091407679,1,0,2,17,0,0,0,0,0,0,0,0,1
0.9405850091407679,1,0,2,17,0,0,0,0,0,0,0,1,0
0.9405850091407679,1,0,2,17,0,0,0,0,1,0,0,0,0
0.9405850091407679,1,0,2,17,0,0,0,0,0,0,0,1,0
0.9405850091407679,1,0,2,17,0,0,0,0,0,0,0,1,0
0.4926873857404021,1,0,2,17,0,0,0,0,0,1,0,0,0
0.9405850091407679,1,0,3,18,0,0,0,0,0,0,0,1,0
0.7714808043875685,2,0,2,12,1,0,1,0,0,0,0,0,0
0.4926873857404021,2,0,2,13,0,1,0,0,0,0,0,0,0
0.4926873857404021,2,0,2,13,0,0,0,0,0,1,0,0,0
0.9405850091407679,2,0,2,14,0,0,0,1,0,0,0,0,0
0.9405850091407679,2,0,2,14,0,0,0,1,0,0,0,0,0
1.0,3,0,1,10,1,0,0,0,0,0,0,0,1
0.9405850091407679,3,0,1,10,0,0,0,0,0,0,0,1,0
0.9405850091407679,3,0,1,11,0,0,0,0,0,0,0,0,1
1.0,3,0,1,11,1,0,0,0,0,0,0,0,1
0.4926873857404021,3,0,2,15,0,1,0,0,0,0,0,0,0
0.7166361974405848,3,0,2,15,0,0,1,0,0,0,0,0,0
0.4926873857404021,4,0,1,10,0,0,0,0,0,1,0,0,0
0.9405850091407679,4,0,2,12,0,0,0,1,0,0,0,0,0
0.4926873857404021,4,0,2,13,0,1,0,0,0,0,0,0,0
0.4926873857404021,4,0,2,14,0,1,0,0,0,0,0,0,0
0.4926873857404021,4,0,2,14,0,1,0,0,0,0,0,0,0
0.7166361974405848,4,0,2,14,0,0,1,0,0,0,0,0,0
0.9405850091407679,4,0,3,18,0,0,0,0,0,0,0,0,1
0.9405850091407679,4,0,3,18,0,0,0,0,0,0,0,0,1
1.0,5,1,1,11,1,0,0,0,0,0,0,1,0
0.26873857404021934,5,1,2,12,0,0,0,0,0,0,1,0,0
0.4926873857404021,5,1,2,12,0,1,0,0,0,0,0,0,0
0.9405850091407679,5,1,2,12,0,0,0,1,0,0,0,0,0
0.4926873857404021,5,1,2,12,0,1,0,0,0,0,0,0,0
0.4926873857404021,5,1,2,12,0,1,0,0,0,0,0,0,0
0.9405850091407679,5,1,2,13,0,0,0,0,0,0,0,0,1
0.7166361974405848,5,1,2,13,0,0,1,0,0,0,0,0,0
0.4926873857404021,5,1,2,13,0,0,0,0,0,1,0,0,0
0.9405850091407679,5,1,2,13,0,0,0,1,0,0,0,0,0
0.7166361974405848,5,1,2,14,0,0,1,0,0,0,0,0,0
0.9405850091407679,5,1,2,14,0,0,0,0,0,0,0,1,0
0.9405850091407679,5,1,3,19,0,0,0,1,0,0,0,0,0
0.9405850091407679,5,1,3,19,0,0,0,0,0,0,0,1,0
0.5429616087751371,6,1,1,7,1,1,0,0,0,0,0,0,0
0.7714808043875685,6,1,1,7,1,0,1,0,0,0,0,0,0
1.0,6,1,1,10,1,0,0,0,0,0,0,0,1
0.26873857404021934,6,1,1,11,0,0,0,0,0,0,1,0,0
0.7714808043875685,6,1,2,17,1,0,1,0,0,0,0,0,0
0.9405850091407679,6,1,3,19,0,0,0,0,0,0,0,0,1
0.4926873857404021,6,1,3,19,0,0,0,0,0,1,0,0,0
1.0,0,0,1,10,1,0,0,0,0,0,0,0,1
1.0,0,0,1,11,1,0,0,1,0,0,0,0,0
0.5429616087751371,0,0,1,11,1,0,0,0,0,1,0,0,0
0.5429616087751371,0,0,1,11,1,1,0,0,0,0,0,0,0
0.9405850091407679,0,0,1,11,0,0,0,1,0,0,0,0,0
0.4926873857404021,0,0,2,16,0,1,0,0,0,0,0,0,0
0.9405850091407679,0,0,2,16,0,0,0,0,0,0,0,0,1
0.4926873857404021,0,0,2,16,0,0,0,0,0,1,0,0,0
1.0,1,0,1,10,1,0,0,0,0,0,0,0,1
0.4926873857404021,1,0,1,10,0,1,0,0,0,0,0,0,0
0.4926873857404021,1,0,1,10,0,0,0,0,0,1,0,0,0
0.9405850091407679,1,0,1,11,0,0,0,0,0,0,0,1,0
0.7166361974405848,1,0,2,12,0,0,1,0,0,0,0,0,0
0.4926873857404021,1,0,2,12,0,1,0,0,0,0,0,0,0
0.4926873857404021,1,0,2,16,0,1,0,0,0,0,0,0,0
0.9405850091407679,2,0,1,11,0,0,0,0,0,0,0,1,0
0.4926873857404021,2,0,1,11,0,1,0,0,0,0,0,0,0
0.4926873857404021,2,0,2,12,0,1,0,0,0,0,0,0,0
0.4926873857404021,2,0,2,12,0,1,0,0,0,0,0,0,0
0.31444241316270566,2,0,2,12,1,0,0,0,0,0,1,0,0
0.7166361974405848,2,0,2,14,0,0,1,0,0,0,0,0,0
0.26873857404021934,2,0,2,15,0,0,0,0,0,0,1,0,0
0.26873857404021934,2,0,2,15,0,0,0,0,0,0,1,0,0
0.26873857404021934,2,0,2,16,0,0,0,0,0,0,1,0,0
1.0,3,0,1,10,1,0,0,0,0,0,0,0,1
0.9405850091407679,3,0,1,10,0,0,0,0,0,0,0,0,1
0.9405850091407679,3,0,1,10,0,0,0,0,0,0,0,1,0
0.4926873857404021,3,0,2,13,0,0,0,0,0,1,0,0,0
0.4926873857404021,3,0,2,13,0,1,0,0,0,0,0,0,0
0.7166361974405848,3,0,2,13,0,0,1,0,0,0,0,0,0
0.26873857404021934,3,0,2,13,0,0,0,0,0,0,1,0,0
0.9405850091407679,3,0,2,15,0,0,0,0,0,0,0,0,1
0.7166361974405848,3,0,2,16,0,0,1,0,0,0,0,0,0
0.26873857404021934,3,0,2,16,0,0,0,0,0,0,1,0,0
0.9405850091407679,3,0,3,18,0,0,0,0,0,0,0,1,0
0.4926873857404021,3,0,3,19,0,0,0,0,0,1,0,0,0
1.0,4,0,1,10,1,0,0,0,0,0,0,0,1
0.9405850091407679,4,0,1,10,0,0,0,0,0,0,0,1,0
0.4926873857404021,4,0,3,18,0,1,0,0,0,0,0,0,0
0.7166361974405848,5,1,2,12,0,0,1,0,0,0,0,0,0
0.4926873857404021,5,1,2,12,0,1,0,0,0,0,0,0,0
0.4926873857404021,5,1,2,15,0,0,0,0,0,1,0,0,0
0.4926873857404021,5,1,2,16,0,0,0,0,0,1,0,0,0
0.4926873857404021,5,1,2,16,0,0,0,0,0,1,0,0,0
0.7166361974405848,5,1,2,17,0,0,1,0,0,0,0,0,0
1.0,6,1,1,10,1,0,0,0,0,0,0,0,1
0.4926873857404021,6,1,2,12,0,0,0,0,0,1,0,0,0
0.4926873857404021,0,0,1,11,0,0,0,0,0,1,0,0,0
0.4926873857404021,0,0,2,15,0,1,0,0,0,0,0,0,0
0.4926873857404021,0,0,2,15,0,1,0,0,0,0,0,0,0
0.4926873857404021,0,0,2,15,0,1,0,0,0,0,0,0,0
0.5429616087751371,1,0,1,10,1,0,0,0,0,1,0,0,0
0.9405850091407679,1,0,2,14,0,0,0,0,0,0,0,0,1
0.9405850091407679,1,0,2,14,0,0,0,0,0,0,0,0,1
0.9405850091407679,1,0,2,15,0,0,0,0,0,0,0,1,0
0.7166361974405848,1,0,2,16,0,0,1,0,0,0,0,0,0
1.0,1,0,3,19,1,0,0,0,0,0,0,1,0
0.4926873857404021,2,0,1,11,0,0,0,0,0,1,0,0,0
1.0,2,0,2,12,1,0,0,0,0,0,0,0,1
0.4926873857404021,2,0,2,12,0,0,0,0,0,1,0,0,0
0.9405850091407679,2,0,2,13,0,0,0,1,0,0,0,0,0
0.9405850091407679,2,0,2,16,0,0,0,0,1,0,0,0,0
0.9405850091407679,2,0,2,17,0,0,0,0,0,0,0,0,1
1.0,3,0,1,10,1,0,0,1,0,0,0,0,0
0.4926873857404021,3,0,2,12,0,0,0,0,0,1,0,0,0
0.9405850091407679,3,0,2,12,0,0,0,1,0,0,0,0,0
0.5429616087751371,3,0,2,17,1,1,0,0,0,0,0,0,0
0.4926873857404021,3,0,2,17,0,0,0,0,0,1,0,0,0
0.9405850091407679,3,0,3,19,0,0,0,0,0,0,0,0,1
0.7166361974405848,4,0,1,10,0,0,1,0,0,0,0,0,0
0.7166361974405848,4,0,2,13,0,0,1,0,0,0,0,0,0
1.0,4,0,2,16,1,0,0,1,0,0,0,0,0
0.4926873857404021,4,0,2,17,0,1,0,0,0,0,0,0,0
0.26873857404021934,4,0,2,17,0,0,0,0,0,0,1,0,0
0.4926873857404021,4,0,2,17,0,1,0,0,0,0,0,0,0
0.9405850091407679,5,1,1,10,0,0,0,0,0,0,0,0,1
0.7166361974405848,5,1,1,10,0,0,1,0,0,0,0,0,0
0.9405850091407679,5,1,2,13,0,0,0,1,0,0,0,0,0
0.9405850091407679,5,1,2,13,0,0,0,0,1,0,0,0,0
0.7166361974405848,5,1,2,14,0,0,1,0,0,0,0,0,0
0.9405850091407679,5,1,2,15,0,0,0,0,0,0,0,0,1
0.7166361974405848,5,1,2,15,0,0,1,0,0,0,0,0,0
0.4926873857404021,5,1,2,16,0,0,0,0,0,1,0,0,0
1.0,6,1,1,10,1,0,0,0,0,0,0,0,1
0.9405850091407679,6,1,3,18,0,0,0,0,0,0,0,0,1
0.9405850091407679,0,0,1,10,0,0,0,0,0,0,0,0,1
0.7714808043875685,0,0,1,11,1,0,1,0,0,0,0,0,0
0.9405850091407679,0,0,2,14,0,0,0,0,0,0,0,0,1
0.9405850091407679,0,0,2,14,0,0,0,0,0,0,0,0,1
0.7166361974405848,0,0,3,18,0,0,1,0,0,0,0,0,0
0.9405850091407679,0,0,3,19,0,0,0,1,0,0,0,0,0
0.9405850091407679,1,0,1,10,0,0,0,0,1,0,0,0,0
0.9405850091407679,1,0,1,10,0,0,0,0,0,0,0,0,1
0.9405850091407679,1,0,1,10,0,0,0,0,0,0,0,0,1
0.4926873857404021,1,0,1,11,0,0,0,0,0,1,0,0,0
0.4926873857404021,1,0,2,13,0,1,0,0,0,0,0,0,0
0.4926873857404021,1,0,2,13,0,0,0,0,0,1,0,0,0
0.4926873857404021,1,0,2,13,0,0,0,0,0,1,0,0,0
0.4926873857404021,1,0,2,13,0,1,0,0,0,0,0,0,0
0.9405850091407679,1,0,2,15,0,0,0,0,0,0,0,0,1
0.9405850091407679,1,0,3,18,0,0,0,0,0,0,0,0,1
0.9405850091407679,1,0,3,18,0,0,0,0,0,0,0,1,0
0.4926873857404021,2,0,1,11,0,0,0,0,0,1,0,0,0
0.7166361974405848,2,0,1,11,0,0,1,0,0,0,0,0,0
0.7166361974405848,2,0,2,12,0,0,1,0,0,0,0,0,0
0.9405850091407679,2,0,2,13,0,0,0,0,0,0,0,1,0
0.9405850091407679,2,0,2,14,0,0,0,1,0,0,0,0,0
0.4926873857404021,2,0,2,14,0,1,0,0,0,0,0,0,0
0.4926873857404021,2,0,3,18,0,0,0,0,0,1,0,0,0
1.0,2,0,3,19,1,0,0,0,0,0,0,0,1
0.4926873857404021,3,0,2,14,0,0,0,0,0,1,0,0,0
0.4926873857404021,3,0,2,17,0,0,0,0,0,1,0,0,0
0.4926873857404021,3,0,2,17,0,1,0,0,0,0,0,0,0
0.9405850091407679,3,0,2,17,0,0,0,0,0,0,0,0,1
0.9405850091407679,4,0,1,10,0,0,0,0,0,0,0,0,1
0.9405850091407679,4,0,2,12,0,0,0,1,0,0,0,0,0
0.9405850091407679,4,0,2,12,0,0,0,1,0,0,0,0,0
1.0,4,0,2,13,1,0,0,1,0,0,0,0,0
0.9405850091407679,5,1,1,11,0,0,0,0,0,0,0,0,1
1.0,5,1,2,13,1,0,0,1,0,0,0,0,0
0.9405850091407679,5,1,2,16,0,0,0,0,0,0,0,0,1
0.9405850091407679,5,1,2,16,0,0,0,0,0,0,0,0,1
0.7166361974405848,5,1,2,16,0,0,1,0,0,0,0,0,0
0.9405850091407679,6,1,1,10,0,0,0,1,0,0,0,0,0
0.5429616087751371,6,1,3,19,1,1,0,0,0,0,0,0,0
0.4926873857404021,0,0,1,10,0,1,0,0,0,0,0,0,0
0.7166361974405848,0,0,1,10,0,0,1,0,0,0,0,0,0
0.7166361974405848,0,0,1,10,0,0,1,0,0,0,0,0,0
0.7166361974405848,0,0,1,11,0,0,1,0,0,0,0,0,0
1.0,0,0,2,17,1,0,0,1,0,0,0,0,0
0.7166361974405848,0,0,3,18,0,0,1,0,0,0,0,0,0
0.9405850091407679,0,0,3,18,0,0,0,0,0,0,0,1,0
0.9405850091407679,1,0,1,10,0,0,0,0,0,0,0,0,1
0.4926873857404021,1,0,2,16,0,1,0,0,0,0,0,0,0
0.4926873857404021,1,0,2,16,0,0,0,0,0,1,0,0,0
1.0,1,0,3,19,1,0,0,1,0,0,0,0,0
0.4926873857404021,2,0,1,10,0,0,0,0,0,1,0,0,0
0.4926873857404021,2,0,1,10,0,1,0,0,0,0,0,0,0
0.9405850091407679,2,0,2,13,0,0,0,1,0,0,0,0,0
0.5429616087751371,2,0,2,15,1,0,0,0,0,1,0,0,0
0.9405850091407679,3,0,1,10,0,0,0,0,0,0,0,0,1
0.9405850091407679,3,0,1,11,0,0,0,0,0,0,0,0,1
0.9405850091407679,3,0,1,11,0,0,0,1,0,0,0,0,0
0.4926873857404021,3,0,2,12,0,0,0,0,0,1,0,0,0
1.0,3,0,3,19,1,0,0,0,0,0,0,0,1
0.4926873857404021,4,0,1,10,0,1,0,0,0,0,0,0,0
0.4926873857404021,4,0,1,10,0,1,0,0,0,0,0,0,0
0.4926873857404021,4,0,1,11,0,0,0,0,0,1,0,0,0
0.7166361974405848,4,0,2,12,0,0,1,0,0,0,0,0,0
0.9405850091407679,4,0,2,14,0,0,0,0,0,0,0,0,1
0.4926873857404021,4,0,2,14,0,0,0,0,0,1,0,0,0
1.0,4,0,2,15,1,0,0,0,0,0,0,0,1
1.0,4,0,2,15,1,0,0,1,0,0,0,0,0
0.5429616087751371,4,0,2,15,1,1,0,0,0,0,0,0,0
1.0,4,0,2,16,1,0,0,0,1,0,0,0,0
0.26873857404021934,4,0,2,16,0,0,0,0,0,0,1,0,0
0.7166361974405848,5,1,2,12,0,0,1,0,0,0,0,0,0
0.9405850091407679,5,1,2,14,0,0,0,1,0,0,0,0,0
0.4926873857404021,5,1,2,14,0,1,0,0,0,0,0,0,0
0.9405850091407679,5,1,2,14,0,0,0,0,0,0,0,0,1
0.9405850091407679,6,1,1,10,0,0,0,0,0,0,0,0,1
0.9405850091407679,6,1,2,12,0,0,0,1,0,0,0,0,0
0.9405850091407679,6,1,2,12,0,0,0,1,0,0,0,0,0
0.4926873857404021,6,1,2,14,0,0,0,0,0,1,0,0,0
0.26873857404021934,6,1,2,14,0,0,0,0,0,0,1,0,0
0.9405850091407679,6,1,3,18,0,0,0,0,0,0,0,1,0
0.7166361974405848,6,1,3,18,0,0,1,0,0,0,0,0,0
0.7166361974405848,0,0,1,10,0,0,1,0,0,0,0,0,0
0.9405850091407679,0,0,1,10,0,0,0,1,0,0,0,0,0
0.4926873857404021,0,0,1,11,0,1,0,0,0,0,0,0,0
0.9405850091407679,0,0,1,11,0,0,0,1,0,0,0,0,0
0.31444241316270566,0,0,2,12,1,0,0,0,0,0,1,0,0
0.7714808043875685,0,0,2,15,1,0,1,0,0,0,0,0,0
0.9405850091407679,0,0,2,16,0,0,0,0,0,0,0,0,1
0.4926873857404021,0,0,3,18,0,1,0,0,0,0,0,0,0
0.7166361974405848,0,0,3,19,0,0,1,0,0,0,0,0,0
0.9405850091407679,0,0,3,19,0,0,0,1,0,0,0,0,0
1.0,1,0,1,10,1,0,0,1,0,0,0,0,0
0.5429616087751371,1,0,1,10,1,1,0,0,0,0,0,0,0
0.9405850091407679,1,0,1,11,0,0,0,0,0,0,0,0,1
0.9405850091407679,1,0,2,15,0,0,0,0,0,0,0,1,0
0.9405850091407679,1,0,2,17,0,0,0,0,0,0,0,1,0
0.31444241316270566,2,0,1,10,1,0,0,0,0,0,1,0,0
1.0,2,0,2,17,1,0,0,0,0,0,0,1,0
0.26873857404021934,2,0,2,17,0,0,0,0,0,0,1,0,0
0.9405850091407679,2,0,3,18,0,0,0,1,0,0,0,0,0
0.9405850091407679,2,0,3,20,0,0,0,0,0,0,0,0,1
0.4926873857404021,3,0,1,10,0,1,0,0,0,0,0,0,0
0.4926873857404021,3,0,1,10,0,1,0,0,0,0,0,0,0
0.9405850091407679,3,0,2,16,0,0,0,0,0,0,0,0,1
0.9405850091407679,3,0,3,19,0,0,0,1,0,0,0,0,0
0.7166361974405848,3,0,3,19,0,0,1,0,0,0,0,0,0
0.9405850091407679,4,0,3,19,0,0,0,0,0,0,0,1,0
0.4926873857404021,4,0,3,19,0,0,0,0,0,1,0,0,0
0.9405850091407679,5,1,2,12,0,0,0,0,0,0,0,0,1
0.4926873857404021,5,1,2,12,0,1,0,0,0,0,0,0,0
1.0,5,1,2,15,1,0,0,0,0,0,0,1,0
1.0,5,1,2,15,1,0,0,0,0,0,0,1,0
0.9405850091407679,5,1,2,16,0,0,0,1,0,0,0,0,0
0.9405850091407679,5,1,2,16,0,0,0,0,0,0,0,0,1
0.9405850091407679,5,1,2,17,0,0,0,1,0,0,0,0,0
0.9405850091407679,5,1,2,17,0,0,0,1,0,0,0,0,0
1.0,6,1,1,10,1,0,0,0,0,0,0,0,1
0.9405850091407679,6,1,2,12,0,0,0,1,0,0,0,0,0
0.5429616087751371,6,1,2,12,1,0,0,0,0,1,0,0,0
0.5429616087751371,6,1,2,12,1,0,0,0,0,1,0,0,0
0.7714808043875685,6,1,2,12,1,0,1,0,0,0,0,0,0
0.4926873857404021,6,1,2,13,0,0,0,0,0,1,0,0,0
0.4926873857404021,6,1,2,14,0,1,0,0,0,0,0,0,0
0.4926873857404021,6,1,2,14,0,1,0,0,0,0,0,0,0
0.4926873857404021,6,1,2,14,0,1,0,0,0,0,0,0,0
0.9405850091407679,6,1,2,15,0,0,0,1,0,0,0,0,0
0.4926873857404021,6,1,2,16,0,0,0,0,0,1,0,0,0
0.9405850091407679,6,1,2,17,0,0,0,0,0,0,0,0,1
0.9405850091407679,6,1,3,18,0,0,0,1,0,0,0,0,0
0.4926873857404021,0,0,1,11,0,1,0,0,0,0,0,0,0
0.4926873857404021,0,0,2,17,0,1,0,0,0,0,0,0,0
0.7166361974405848,0,0,2,17,0,0,1,0,0,0,0,0,0
0.7166361974405848,0,0,3,19,0,0,1,0,0,0,0,0,0
0.31444241316270566,0,0,3,19,1,0,0,0,0,0,1,0,0
0.7714808043875685,1,0,1,10,1,0,1,0,0,0,0,0,0
0.7166361974405848,1,0,1,10,0,0,1,0,0,0,0,0,0
0.9405850091407679,1,0,2,12,0,0,0,0,1,0,0,0,0
0.4926873857404021,1,0,2,12,0,0,0,0,0,1,0,0,0
0.4926873857404021,1,0,2,15,0,1,0,0,0,0,0,0,0
0.7166361974405848,1,0,2,17,0,0,1,0,0,0,0,0,0
0.9405850091407679,1,0,2,17,0,0,0,1,0,0,0,0,0
0.9405850091407679,1,0,3,18,0,0,0,0,1,0,0,0,0
0.4926873857404021,2,0,2,13,0,1,0,0,0,0,0,0,0
0.26873857404021934,2,0,2,13,0,0,0,0,0,0,1,0,0
1.0,2,0,2,16,1,0,0,1,0,0,0,0,0
0.9405850091407679,2,0,2,17,0,0,0,1,0,0,0,0,0
0.9405850091407679,2,0,2,17,0,0,0,1,0,0,0,0,0
0.4926873857404021,2,0,3,18,0,0,0,0,0,1,0,0,0
0.4926873857404021,3,0,1,11,0,1,0,0,0,0,0,0,0
0.4926873857404021,3,0,1,11,0,1,0,0,0,0,0,0,0
0.7166361974405848,3,0,2,13,0,0,1,0,0,0,0,0,0
0.4926873857404021,3,0,2,13,0,0,0,0,0,1,0,0,0
0.9405850091407679,3,0,2,14,0,0,0,1,0,0,0,0,0
0.9405850091407679,3,0,2,14,0,0,0,0,0,0,0,0,1
0.9405850091407679,3,0,2,17,0,0,0,0,0,0,0,0,1
0.9405850091407679,3,0,3,18,0,0,0,1,0,0,0,0,0
0.9405850091407679,3,0,3,19,0,0,0,0,0,0,0,1,0
0.9405850091407679,3,0,3,19,0,0,0,0,0,0,0,1,0
0.9405850091407679,4,0,1,10,0,0,0,0,0,0,0,0,1
0.7166361974405848,4,0,2,13,0,0,1,0,0,0,0,0,0
0.9405850091407679,4,0,2,13,0,0,0,1,0,0,0,0,0
0.9405850091407679,4,0,2,13,0,0,0,0,0,0,0,1,0
0.9405850091407679,4,0,2,13,0,0,0,1,0,0,0,0,0
0.9405850091407679,4,0,3,18,0,0,0,0,1,0,0,0,0
0.7166361974405848,4,0,3,18,0,0,1,0,0,0,0,0,0
0.7714808043875685,5,1,1,11,1,0,1,0,0,0,0,0,0
0.7166361974405848,5,1,2,12,0,0,1,0,0,0,0,0,0
0.7166361974405848,5,1,2,12,0,0,1,0,0,0,0,0,0
0.4926873857404021,5,1,2,13,0,1,0,0,0,0,0,0,0
0.7166361974405848,5,1,2,13,0,0,1,0,0,0,0,0,0
0.9405850091407679,5,1,2,13,0,0,0,0,0,0,0,1,0
0.9405850091407679,5,1,2,14,0,0,0,1,0,0,0,0,0
0.7166361974405848,5,1,2,15,0,0,1,0,0,0,0,0,0
0.6718464351005484,5,1,2,15,0,0,1,0,0,0,0,0,0
0.6718464351005484,5,1,2,15,0,0,1,0,0,0,0,0,0
0.9542961608775137,5,1,2,17,1,0,0,0,1,0,0,0,0
0.8957952468007312,5,1,3,18,0,0,0,1,0,0,0,0,0
0.8957952468007312,5,1,3,18,0,0,0,1,0,0,0,0,0
0.8957952468007312,5,1,3,19,0,0,0,0,0,0,0,0,1
0.8957952468007312,6,1,1,11,0,0,0,0,0,0,0,0,1
0.4478976234003657,6,1,2,14,0,1,0,0,0,0,0,0,0
0.9542961608775137,6,1,2,17,1,0,0,1,0,0,0,0,0
0.4478976234003657,0,0,1,11,0,1,0,0,0,0,0,0,0
0.6718464351005484,0,0,1,11,0,0,1,0,0,0,0,0,0
0.9542961608775137,0,0,3,18,1,0,0,0,0,0,0,0,1
0.8957952468007312,0,0,3,19,0,0,0,0,0,0,0,0,1
0.9542961608775137,0,0,3,20,1,0,0,1,0,0,0,0,0
0.8957952468007312,1,0,2,14,0,0,0,1,0,0,0,0,0
0.6718464351005484,1,0,2,14,0,0,1,0,0,0,0,0,0
0.8957952468007312,1,0,2,14,0,0,0,1,0,0,0,0,0
0.6718464351005484,1,0,3,19,0,0,1,0,0,0,0,0,0
0.6718464351005484,1,0,3,19,0,0,1,0,0,0,0,0,0
0.8957952468007312,2,0,1,10,0,0,0,0,0,0,0,0,1
0.6718464351005484,2,0,1,10,0,0,1,0,0,0,0,0,0
0.6718464351005484,2,0,1,11,0,0,1,0,0,0,0,0,0
0.6718464351005484,2,0,1,11,0,0,1,0,0,0,0,0,0
0.6718464351005484,2,0,2,12,0,0,1,0,0,0,0,0,0
0.6718464351005484,2,0,2,16,0,0,1,0,0,0,0,0,0
0.6718464351005484,2,0,3,19,0,0,1,0,0,0,0,0,0
0.8957952468007312,2,0,3,19,0,0,0,1,0,0,0,0,0
0.4478976234003657,3,0,1,10,0,1,0,0,0,0,0,0,0
0.8957952468007312,3,0,2,15,0,0,0,0,0,0,0,0,1
0.4478976234003657,3,0,2,17,0,1,0,0,0,0,0,0,0
0.4478976234003657,3,0,2,17,0,1,0,0,0,0,0,0,0
0.8957952468007312,4,0,1,10,0,0,0,0,0,0,0,0,1
0.8957952468007312,4,0,2,12,0,0,0,0,0,0,0,0,1
0.8957952468007312,4,0,2,13,0,0,0,1,0,0,0,0,0
0.4478976234003657,4,0,2,15,0,1,0,0,0,0,0,0,0
0.4478976234003657,4,0,2,15,0,1,0,0,0,0,0,0,0
0.4478976234003657,4,0,2,16,0,0,0,0,0,1,0,0,0
0.4478976234003657,4,0,2,16,0,1,0,0,0,0,0,0,0
0.8957952468007312,4,0,3,19,0,0,0,0,0,0,0,1,0
0.8957952468007312,4,0,3,19,0,0,0,0,1,0,0,0,0
0.8957952468007312,5,1,2,15,0,0,0,1,0,0,0,0,0
0.8957952468007312,6,1,1,10,0,0,0,0,0,0,0,0,1
0.8957952468007312,6,1,2,12,0,0,0,1,0,0,0,0,0
0.4478976234003657,6,1,3,18,0,1,0,0,0,0,0,0,0
0.4478976234003657,6,1,3,18,0,1,0,0,0,0,0,0,0
0.8957952468007312,6,1,3,18,0,0,0,0,0,0,0,0,1
0.4478976234003657,0,0,1,11,0,0,0,0,0,1,0,0,0
0.4478976234003657,0,0,2,13,0,1,0,0,0,0,0,0,0
0.4478976234003657,0,0,2,13,0,0,0,0,0,1,0,0,0
0.4478976234003657,0,0,2,13,0,0,0,0,0,1,0,0,0
0.6718464351005484,0,0,2,13,0,0,1,0,0,0,0,0,0
0.8957952468007312,0,0,3,18,0,0,0,1,0,0,0,0,0
0.8957952468007312,0,0,3,19,0,0,0,1,0,0,0,0,0
0.8957952468007312,0,0,3,19,0,0,0,1,0,0,0,0,0
0.8957952468007312,1,0,1,10,0,0,0,0,0,0,0,0,1
0.6718464351005484,1,0,1,10,0,0,1,0,0,0,0,0,0
0.6718464351005484,1,0,1,10,0,0,1,0,0,0,0,0,0
0.4478976234003657,1,0,2,13,0,1,0,0,0,0,0,0,0
0.6718464351005484,1,0,2,13,0,0,1,0,0,0,0,0,0
0.8957952468007312,1,0,3,19,0,0,0,1,0,0,0,0,0
0.6718464351005484,1,0,3,19,0,0,1,0,0,0,0,0,0
0.8957952468007312,1,0,3,19,0,0,0,0,0,0,0,0,1
0.4478976234003657,3,0,1,10,0,1,0,0,0,0,0,0,0
0.9542961608775137,3,0,1,11,1,0,0,0,0,0,0,0,1
0.6718464351005484,3,0,2,13,0,0,1,0,0,0,0,0,0
0.8957952468007312,3,0,3,18,0,0,0,1,0,0,0,0,0
0.6718464351005484,3,0,3,18,0,0,1,0,0,0,0,0,0
0.8957952468007312,3,0,3,19,0,0,0,0,0,0,0,0,1
0.8957952468007312,3,0,3,19,0,0,0,1,0,0,0,0,0
0.9542961608775137,4,0,1,10,1,0,0,0,0,0,0,0,1
0.8957952468007312,4,0,2,14,0,0,0,0,0,0,0,0,1
0.8957952468007312,4,0,2,17,0,0,0,0,0,0,0,0,1
0.4478976234003657,0,0,1,10,0,1,0,0,0,0,0,0,0
0.8957952468007312,0,0,1,10,0,0,0,1,0,0,0,0,0
0.6718464351005484,0,0,1,10,0,0,1,0,0,0,0,0,0
0.4478976234003657,0,0,1,10,0,1,0,0,0,0,0,0,0
0.4478976234003657,0,0,1,10,0,0,0,0,0,1,0,0,0
0.4972577696526508,0,0,1,11,1,1,0,0,0,0,0,0,0
0.4478976234003657,0,0,2,13,0,0,0,0,0,1,0,0,0
0.4478976234003657,0,0,2,13,0,1,0,0,0,0,0,0,0
0.8957952468007312,0,0,3,19,0,0,0,1,0,0,0,0,0
0.8957952468007312,0,0,3,19,0,0,0,1,0,0,0,0,0
0.8957952468007312,1,0,1,10,0,0,0,0,1,0,0,0,0
0.4478976234003657,1,0,1,11,0,0,0,0,0,1,0,0,0
0.4478976234003657,1,0,2,13,0,0,0,0,0,1,0,0,0
0.8957952468007312,1,0,2,16,0,0,0,0,1,0,0,0,0
0.4478976234003657,1,0,2,16,0,1,0,0,0,0,0,0,0
0.8957952468007312,1,0,2,17,0,0,0,1,0,0,0,0,0
0.8957952468007312,1,0,2,17,0,0,0,0,0,0,0,0,1
0.7257769652650823,1,0,3,18,1,0,1,0,0,0,0,0,0
0.8957952468007312,1,0,3,19,0,0,0,1,0,0,0,0,0
0.8957952468007312,1,0,3,19,0,0,0,1,0,0,0,0,0
0.8957952468007312,2,0,1,10,0,0,0,0,0,0,0,0,1
0.8957952468007312,3,0,2,12,0,0,0,1,0,0,0,0,0
0.4478976234003657,3,0,2,13,0,1,0,0,0,0,0,0,0
0.8957952468007312,3,0,2,13,0,0,0,0,0,0,0,0,1
0.8957952468007312,3,0,2,13,0,0,0,0,0,0,0,0,1
0.8957952468007312,3,0,2,13,0,0,0,0,0,0,0,0,1
0.4478976234003657,3,0,2,16,0,1,0,0,0,0,0,0,0
0.4478976234003657,3,0,2,16,0,1,0,0,0,0,0,0,0
0.4478976234003657,3,0,3,18,0,1,0,0,0,0,0,0,0
0.6718464351005484,3,0,3,18,0,0,1,0,0,0,0,0,0
0.9542961608775137,4,0,1,10,1,0,0,0,0,0,0,0,1
0.8957952468007312,4,0,2,15,0,0,0,0,0,0,0,0,1
0.8957952468007312,4,0,2,15,0,0,0,0,0,0,0,0,1
0.7257769652650823,4,0,2,16,1,0,1,0,0,0,0,0,0
0.8957952468007312,5,1,1,11,0,0,0,0,0,0,0,0,1
0.9542961608775137,5,1,2,17,1,0,0,0,0,0,0,0,1
0.6718464351005484,5,1,2,17,0,0,1,0,0,0,0,0,0
0.8957952468007312,5,1,2,17,0,0,0,0,1,0,0,0,0
0.8957952468007312,5,1,2,17,0,0,0,1,0,0,0,0,0
0.6718464351005484,5,1,2,17,0,0,1,0,0,0,0,0,0
0.8957952468007312,5,1,3,18,0,0,0,1,0,0,0,0,0
0.8957952468007312,5,1,3,19,0,0,0,0,0,0,0,0,1
0.8957952468007312,6,1,1,10,0,0,0,0,0,0,0,0,1
0.8957952468007312,6,1,2,13,0,0,0,0,0,0,0,0,1
0.4478976234003657,6,1,2,13,0,1,0,0,0,0,0,0,0
0.8957952468007312,6,1,2,15,0,0,0,0,0,0,0,0,1
0.6718464351005484,6,1,2,15,0,0,1,0,0,0,0,0,0
0.6718464351005484,6,1,2,15,0,0,1,0,0,0,0,0,0
0.6718464351005484,6,1,2,16,0,0,1,0,0,0,0,0,0
0.6718464351005484,6,1,3,19,0,0,1,0,0,0,0,0,0
0.6718464351005484,0,0,1,11,0,0,1,0,0,0,0,0,0
0.4972577696526508,0,0,2,15,1,1,0,0,0,0,0,0,0
0.4972577696526508,0,0,2,15,1,1,0,0,0,0,0,0,0
0.4478976234003657,1,0,1,8,0,1,0,0,0,0,0,0,0
0.4478976234003657,1,0,1,8,0,1,0,0,0,0,0,0,0
0.4478976234003657,1,0,1,8,0,1,0,0,0,0,0,0,0
0.8957952468007312,1,0,1,10,0,0,0,1,0,0,0,0,0
0.8957952468007312,1,0,1,11,0,0,0,0,0,0,0,0,1
0.8957952468007312,1,0,1,11,0,0,0,1,0,0,0,0,0
0.8957952468007312,1,0,2,14,0,0,0,1,0,0,0,0,0
0.6718464351005484,1,0,2,14,0,0,1,0,0,0,0,0,0
0.4478976234003657,1,0,2,15,0,1,0,0,0,0,0,0,0
0.6718464351005484,1,0,2,16,0,0,1,0,0,0,0,0,0
0.8957952468007312,1,0,2,16,0,0,0,1,0,0,0,0,0
0.8957952468007312,1,0,3,22,0,0,0,0,0,0,0,1,0
0.8957952468007312,2,0,1,8,0,0,0,0,0,0,0,0,1
0.22394881170018277,2,0,1,11,0,0,0,0,0,0,1,0,0
0.4478976234003657,2,0,1,11,0,1,0,0,0,0,0,0,0
0.4478976234003657,2,0,2,13,0,1,0,0,0,0,0,0,0
0.4478976234003657,2,0,2,13,0,1,0,0,0,0,0,0,0
0.4478976234003657,2,0,2,13,0,1,0,0,0,0,0,0,0
0.6718464351005484,2,0,2,13,0,0,1,0,0,0,0,0,0
0.4972577696526508,2,0,2,14,1,1,0,0,0,0,0,0,0
0.4478976234003657,2,0,2,14,0,0,0,0,0,1,0,0,0
0.4478976234003657,2,0,2,14,0,0,0,0,0,1,0,0,0
0.22394881170018277,2,0,2,17,0,0,0,0,0,0,1,0,0
0.8957952468007312,2,0,3,20,0,0,0,1,0,0,0,0,0
0.6718464351005484,3,0,1,10,0,0,1,0,0,0,0,0,0
0.6718464351005484,3,0,1,10,0,0,1,0,0,0,0,0,0
0.9542961608775137,3,0,1,11,1,0,0,0,0,0,0,0,1
0.9542961608775137,3,0,1,11,1,0,0,1,0,0,0,0,0
0.6718464351005484,3,0,2,12,0,0,1,0,0,0,0,0,0
0.8957952468007312,3,0,2,15,0,0,0,0,0,0,0,1,0
0.8957952468007312,3,0,2,17,0,0,0,0,0,0,0,0,1
0.8957952468007312,3,0,3,18,0,0,0,0,0,0,0,1,0
0.8957952468007312,3,0,3,18,0,0,0,0,0,0,0,0,1
0.4478976234003657,4,0,1,9,0,1,0,0,0,0,0,0,0
0.6718464351005484,4,0,1,11,0,0,1,0,0,0,0,0,0
0.7257769652650823,4,0,2,14,1,0,1,0,0,0,0,0,0
0.6718464351005484,4,0,3,19,0,0,1,0,0,0,0,0,0
0.8957952468007312,4,0,3,19,0,0,0,1,0,0,0,0,0
0.8957952468007312,4,0,3,20,0,0,0,1,0,0,0,0,0
0.4478976234003657,4,0,3,22,0,1,0,0,0,0,0,0,0
0.8957952468007312,4,0,3,22,0,0,0,0,0,0,0,0,1
0.8957952468007312,4,0,3,22,0,0,0,0,0,0,0,0,1
0.8957952468007312,5,1,1,8,0,0,0,1,0,0,0,0,0
0.8957952468007312,5,1,1,8,0,0,0,1,0,0,0,0,0
0.6718464351005484,5,1,1,11,0,0,1,0,0,0,0,0,0
0.6718464351005484,5,1,2,16,0,0,1,0,0,0,0,0,0
0.6718464351005484,5,1,2,16,0,0,1,0,0,0,0,0,0
0.6718464351005484,5,1,3,19,0,0,1,0,0,0,0,0,0
0.8957952468007312,5,1,3,20,0,0,0,0,0,0,0,0,1
0.9542961608775137,5,1,3,22,1,0,0,1,0,0,0,0,0
0.4478976234003657,6,1,1,7,0,1,0,0,0,0,0,0,0
0.4478976234003657,6,1,1,7,0,1,0,0,0,0,0,0,0
0.8957952468007312,6,1,1,8,0,0,0,1,0,0,0,0,0
0.26873857404021934,6,1,1,9,1,0,0,0,0,0,1,0,0
0.6718464351005484,6,1,2,12,0,0,1,0,0,0,0,0,0
0.4478976234003657,6,1,2,14,0,1,0,0,0,0,0,0,0
0.6718464351005484,6,1,2,15,0,0,1,0,0,0,0,0,0
0.6718464351005484,6,1,3,18,0,0,1,0,0,0,0,0,0
0.22394881170018277,6,1,3,18,0,0,0,0,0,0,1,0,0
0.8957952468007312,6,1,3,18,0,0,0,0,0,0,0,1,0
0.8957952468007312,6,1,3,19,0,0,0,1,0,0,0,0,0
0.8957952468007312,6,1,3,21,0,0,0,1,0,0,0,0,0
0.8957952468007312,6,1,3,21,0,0,0,1,0,0,0,0,0
0.6718464351005484,0,0,1,10,0,0,1,0,0,0,0,0,0
0.8957952468007312,0,0,1,10,0,0,0,0,0,0,0,0,1
0.8957952468007312,0,0,1,10,0,0,0,0,0,0,0,0,1
0.4478976234003657,0,0,1,11,0,1,0,0,0,0,0,0,0
0.4478976234003657,0,0,1,11,0,1,0,0,0,0,0,0,0
0.4478976234003657,0,0,2,13,0,1,0,0,0,0,0,0,0
0.4478976234003657,0,0,2,13,0,1,0,0,0,0,0,0,0
0.6718464351005484,0,0,2,14,0,0,1,0,0,0,0,0,0
0.8957952468007312,0,0,2,14,0,0,0,1,0,0,0,0,0
0.4972577696526508,0,0,2,14,1,1,0,0,0,0,0,0,0
0.8957952468007312,0,0,2,17,0,0,0,0,0,0,0,0,1
0.8957952468007312,0,0,2,17,0,0,0,0,0,0,0,0,1
0.6718464351005484,0,0,3,20,0,0,1,0,0,0,0,0,0
0.8957952468007312,0,0,3,20,0,0,0,0,1,0,0,0,0
0.4478976234003657,0,0,3,20,0,0,0,0,0,1,0,0,0
0.6718464351005484,0,0,3,21,0,0,1,0,0,0,0,0,0
0.6718464351005484,0,0,3,21,0,0,1,0,0,0,0,0,0
0.8957952468007312,1,0,1,8,0,0,0,0,0,0,0,0,1
0.4972577696526508,1,0,1,9,1,1,0,0,0,0,0,0,0
0.7257769652650823,1,0,1,9,1,0,1,0,0,0,0,0,0
0.9542961608775137,1,0,1,9,1,0,0,0,1,0,0,0,0
0.9542961608775137,1,0,1,10,1,0,0,0,0,0,0,0,1
0.8957952468007312,1,0,2,16,0,0,0,0,0,0,0,0,1
0.22394881170018277,1,0,3,18,0,0,0,0,0,0,1,0,0
0.8957952468007312,1,0,3,19,0,0,0,1,0,0,0,0,0
0.8957952468007312,1,0,3,20,0,0,0,1,0,0,0,0,0
0.8957952468007312,2,0,1,9,0,0,0,1,0,0,0,0,0
0.6718464351005484,2,0,1,10,0,0,1,0,0,0,0,0,0
0.4478976234003657,2,0,1,11,0,0,0,0,0,1,0,0,0
0.6718464351005484,2,0,1,11,0,0,1,0,0,0,0,0,0
0.4478976234003657,2,0,2,12,0,1,0,0,0,0,0,0,0
0.4478976234003657,2,0,2,12,0,1,0,0,0,0,0,0,0
0.6718464351005484,2,0,2,14,0,0,1,0,0,0,0,0,0
0.8957952468007312,2,0,3,19,0,0,0,1,0,0,0,0,0
0.8957952468007312,2,0,3,19,0,0,0,1,0,0,0,0,0
0.8957952468007312,2,0,3,21,0,0,0,0,0,0,0,1,0
0.8957952468007312,2,0,3,21,0,0,0,1,0,0,0,0,0
0.8957952468007312,3,0,1,10,0,0,0,1,0,0,0,0,0
0.22394881170018277,3,0,2,12,0,0,0,0,0,0,1,0,0
0.8957952468007312,3,0,2,15,0,0,0,1,0,0,0,0,0
0.8957952468007312,3,0,2,15,0,0,0,1,0,0,0,0,0
0.8957952468007312,3,0,2,16,0,0,0,1,0,0,0,0,0
0.8957952468007312,3,0,2,16,0,0,0,0,0,0,0,0,1
0.8957952468007312,3,0,2,17,0,0,0,1,0,0,0,0,0
0.8957952468007312,3,0,2,17,0,0,0,0,0,0,0,0,1
0.4478976234003657,3,0,3,19,0,0,0,0,0,1,0,0,0
0.8957952468007312,3,0,3,19,0,0,0,1,0,0,0,0,0
0.8957952468007312,3,0,3,19,0,0,0,1,0,0,0,0,0
0.8957952468007312,3,0,3,19,0,0,0,1,0,0,0,0,0
0.8957952468007312,3,0,3,20,0,0,0,1,0,0,0,0,0
0.8957952468007312,3,0,3,20,0,0,0,0,0,0,0,0,1
0.6718464351005484,3,0,3,22,0,0,1,0,0,0,0,0,0
0.9542961608775137,3,0,3,22,1,0,0,0,0,0,0,1,0
0.4478976234003657,4,0,1,11,0,0,0,0,0,1,0,0,0
0.4478976234003657,4,0,1,11,0,1,0,0,0,0,0,0,0
0.4478976234003657,4,0,1,11,0,1,0,0,0,0,0,0,0
0.8957952468007312,4,0,2,16,0,0,0,0,0,0,0,1,0
0.4478976234003657,4,0,3,18,0,0,0,0,0,1,0,0,0
0.4478976234003657,4,0,3,18,0,0,0,0,0,1,0,0,0
0.6718464351005484,4,0,3,22,0,0,1,0,0,0,0,0,0
0.4972577696526508,5,1,1,7,1,1,0,0,0,0,0,0,0
0.8957952468007312,5,1,2,12,0,0,0,0,0,0,0,0,1
0.4972577696526508,5,1,2,12,1,1,0,0,0,0,0,0,0
0.6718464351005484,5,1,2,12,0,0,1,0,0,0,0,0,0
0.6718464351005484,5,1,2,12,0,0,1,0,0,0,0,0,0
0.6718464351005484,5,1,2,12,0,0,1,0,0,0,0,0,0
0.6718464351005484,5,1,2,16,0,0,1,0,0,0,0,0,0
0.4478976234003657,5,1,2,16,0,1,0,0,0,0,0,0,0
0.8957952468007312,6,1,1,10,0,0,0,0,0,0,0,0,1
0.6718464351005484,6,1,2,14,0,0,1,0,0,0,0,0,0
0.4478976234003657,6,1,2,14,0,0,0,0,0,1,0,0,0
0.6718464351005484,6,1,2,14,0,0,1,0,0,0,0,0,0
0.8957952468007312,6,1,2,17,0,0,0,1,0,0,0,0,0
0.8957952468007312,6,1,3,18,0,0,0,0,0,0,0,1,0
0.8957952468007312,6,1,3,18,0,0,0,0,0,0,0,1,0
0.4478976234003657,6,1,3,18,0,1,0,0,0,0,0,0,0
0.8957952468007312,6,1,3,18,0,0,0,0,0,0,0,0,1
0.8957952468007312,6,1,3,20,0,0,0,0,0,0,0,1,0
0.8957952468007312,6,1,3,21,0,0,0,1,0,0,0,0,0
0.4478976234003657,6,1,3,21,0,0,0,0,0,1,0,0,0
0.8957952468007312,6,1,3,21,0,0,0,1,0,0,0,0,0
0.8957952468007312,6,1,3,21,0,0,0,0,0,0,0,0,1
0.8957952468007312,6,1,3,21,0,0,0,1,0,0,0,0,0
0.4478976234003657,0,0,1,11,0,1,0,0,0,0,0,0,0
0.6718464351005484,0,0,2,14,0,0,1,0,0,0,0,0,0
0.8957952468007312,0,0,2,14,0,0,0,0,1,0,0,0,0
0.4478976234003657,0,0,2,15,0,1,0,0,0,0,0,0,0
0.4478976234003657,0,0,2,15,0,1,0,0,0,0,0,0,0
0.8957952468007312,0,0,2,17,0,0,0,0,0,0,0,0,1
0.4478976234003657,0,0,3,18,0,1,0,0,0,0,0,0,0
0.8957952468007312,0,0,3,19,0,0,0,0,0,0,0,0,1
0.8957952468007312,0,0,3,19,0,0,0,0,0,0,0,0,1
0.6718464351005484,0,0,3,21,0,0,1,0,0,0,0,0,0
0.8957952468007312,0,0,3,21,0,0,0,1,0,0,0,0,0
0.6718464351005484,1,0,1,8,0,0,1,0,0,0,0,0,0
0.6718464351005484,1,0,1,9,0,0,1,0,0,0,0,0,0
0.8957952468007312,1,0,1,11,0,0,0,1,0,0,0,0,0
0.8957952468007312,1,0,2,13,0,0,0,1,0,0,0,0,0
0.8957952468007312,1,0,2,14,0,0,0,0,1,0,0,0,0
0.4478976234003657,1,0,2,16,0,0,0,0,0,1,0,0,0
0.9542961608775137,1,0,2,17,1,0,0,1,0,0,0,0,0
0.4478976234003657,1,0,3,19,0,1,0,0,0,0,0,0,0
0.8957952468007312,1,0,3,19,0,0,0,0,0,0,0,0,1
0.6718464351005484,1,0,3,20,0,0,1,0,0,0,0,0,0
0.4478976234003657,1,0,3,20,0,1,0,0,0,0,0,0,0
0.8957952468007312,2,0,1,9,0,0,0,0,0,0,0,0,1
0.9542961608775137,2,0,1,10,1,0,0,0,0,0,0,0,1
0.8957952468007312,2,0,1,11,0,0,0,0,0,0,0,1,0
0.4478976234003657,2,0,2,15,0,1,0,0,0,0,0,0,0
0.8957952468007312,2,0,2,15,0,0,0,0,0,0,0,0,1
0.8957952468007312,2,0,2,15,0,0,0,1,0,0,0,0,0
0.8957952468007312,2,0,2,16,0,0,0,0,0,0,0,0,1
0.4478976234003657,2,0,3,18,0,0,0,0,0,1,0,0,0
0.8957952468007312,2,0,3,18,0,0,0,0,0,0,0,0,1
0.8957952468007312,2,0,3,20,0,0,0,0,0,0,0,1,0
0.8957952468007312,2,0,3,20,0,0,0,0,1,0,0,0,0
0.8957952468007312,3,0,1,8,0,0,0,1,0,0,0,0,0
0.8957952468007312,3,0,1,8,0,0,0,0,0,0,0,0,1
0.6718464351005484,3,0,1,8,0,0,1,0,0,0,0,0,0
0.8957952468007312,3,0,1,9,0,0,0,0,0,0,0,0,1
0.6718464351005484,3,0,2,14,0,0,1,0,0,0,0,0,0
0.22394881170018277,3,0,2,15,0,0,0,0,0,0,1,0,0
0.22394881170018277,3,0,2,15,0,0,0,0,0,0,1,0,0
0.8957952468007312,3,0,3,19,0,0,0,1,0,0,0,0,0
0.8957952468007312,3,0,3,20,0,0,0,0,0,0,0,0,1
0.8957952468007312,3,0,3,20,0,0,0,0,0,0,0,1,0
0.6718464351005484,3,0,3,20,0,0,1,0,0,0,0,0,0
0.6718464351005484,4,0,1,7,0,0,1,0,0,0,0,0,0
0.8957952468007312,4,0,1,9,0,0,0,0,0,0,0,0,1
0.9542961608775137,4,0,1,9,1,0,0,0,0,0,0,0,1
0.8957952468007312,4,0,1,10,0,0,0,0,0,0,0,1,0
0.8957952468007312,4,0,1,10,0,0,0,0,1,0,0,0,0
0.6718464351005484,4,0,2,14,0,0,1,0,0,0,0,0,0
0.8957952468007312,4,0,3,18,0,0,0,0,0,0,0,0,1
0.8957952468007312,4,0,3,18,0,0,0,0,0,0,0,0,1
0.8957952468007312,4,0,3,20,0,0,0,1,0,0,0,0,0
0.6718464351005484,4,0,3,20,0,0,1,0,0,0,0,0,0
0.8957952468007312,4,0,3,20,0,0,0,0,0,0,0,0,1
0.8957952468007312,4,0,3,22,0,0,0,1,0,0,0,0,0
0.6718464351005484,4,0,3,22,0,0,1,0,0,0,0,0,0
0.4478976234003657,4,0,3,22,0,0,0,0,0,1,0,0,0
0.4478976234003657,5,1,1,8,0,0,0,0,0,1,0,0,0
0.8957952468007312,5,1,1,9,0,0,0,0,0,0,0,0,1
0.8957952468007312,5,1,1,11,0,0,0,0,0,0,0,0,1
0.6718464351005484,5,1,2,14,0,0,1,0,0,0,0,0,0
0.6718464351005484,5,1,3,18,0,0,1,0,0,0,0,0,0
0.6718464351005484,5,1,3,18,0,0,1,0,0,0,0,0,0
0.8957952468007312,5,1,3,20,0,0,0,1,0,0,0,0,0
0.8957952468007312,5,1,3,20,0,0,0,1,0,0,0,0,0
0.9542961608775137,5,1,3,20,1,0,0,0,1,0,0,0,0
0.8957952468007312,5,1,3,20,0,0,0,0,1,0,0,0,0
0.6718464351005484,5,1,3,21,0,0,1,0,0,0,0,0,0
0.8957952468007312,6,1,3,20,0,0,0,0,0,0,0,0,1
0.6718464351005484,6,1,3,20,0,0,1,0,0,0,0,0,0
0.8957952468007312,6,1,3,20,0,0,0,1,0,0,0,0,0
0.6718464351005484,6,1,3,21,0,0,1,0,0,0,0,0,0
0.8957952468007312,6,1,3,21,0,0,0,0,0,0,0,0,1
0.7257769652650823,6,1,3,22,1,0,1,0,0,0,0,0,0
0.8957952468007312,0,0,1,10,0,0,0,0,0,0,0,0,1
0.8957952468007312,0,0,1,10,0,0,0,0,0,0,0,0,1
0.8957952468007312,0,0,2,14,0,0,0,1,0,0,0,0,0
0.6718464351005484,0,0,2,14,0,0,1,0,0,0,0,0,0
0.8957952468007312,0,0,2,14,0,0,0,0,0,0,0,0,1
0.7257769652650823,0,0,3,21,1,0,1,0,0,0,0,0,0
0.7257769652650823,0,0,3,21,1,0,1,0,0,0,0,0,0
0.4478976234003657,1,0,1,9,0,0,0,0,0,1,0,0,0
0.6718464351005484,1,0,1,10,0,0,1,0,0,0,0,0,0
0.8957952468007312,1,0,2,12,0,0,0,0,0,0,0,0,1
0.8957952468007312,1,0,2,12,0,0,0,0,0,0,0,1,0
0.8957952468007312,1,0,2,15,0,0,0,0,0,0,0,0,1
0.4478976234003657,1,0,2,17,0,0,0,0,0,1,0,0,0
0.8957952468007312,1,0,2,17,0,0,0,1,0,0,0,0,0
0.8957952468007312,1,0,3,20,0,0,0,0,0,0,0,1,0
0.8957952468007312,1,0,3,20,0,0,0,1,0,0,0,0,0
0.4478976234003657,1,0,3,21,0,0,0,0,0,1,0,0,0
0.6718464351005484,1,0,3,21,0,0,1,0,0,0,0,0,0
0.6718464351005484,1,0,3,21,0,0,1,0,0,0,0,0,0
0.6718464351005484,1,0,3,21,0,0,1,0,0,0,0,0,0
0.6718464351005484,1,0,3,21,0,0,1,0,0,0,0,0,0
0.8957952468007312,2,0,1,8,0,0,0,1,0,0,0,0,0
0.8957952468007312,2,0,1,8,0,0,0,1,0,0,0,0,0
0.4478976234003657,2,0,1,9,0,1,0,0,0,0,0,0,0
0.8957952468007312,2,0,1,10,0,0,0,0,0,0,0,0,1
0.6718464351005484,2,0,1,10,0,0,1,0,0,0,0,0,0
0.6718464351005484,2,0,3,19,0,0,1,0,0,0,0,0,0
0.8957952468007312,2,0,3,19,0,0,0,0,0,0,0,0,1
0.8957952468007312,2,0,3,20,0,0,0,0,1,0,0,0,0
0.4478976234003657,2,0,3,20,0,0,0,0,0,1,0,0,0
0.6718464351005484,3,0,1,8,0,0,1,0,0,0,0,0,0
0.6718464351005484,3,0,1,8,0,0,1,0,0,0,0,0,0
0.8957952468007312,3,0,1,10,0,0,0,0,0,0,0,0,1
0.4478976234003657,3,0,2,12,0,1,0,0,0,0,0,0,0
0.6718464351005484,3,0,2,15,0,0,1,0,0,0,0,0,0
0.8957952468007312,3,0,2,15,0,0,0,1,0,0,0,0,0
0.8957952468007312,3,0,3,21,0,0,0,0,0,0,0,0,1
0.8957952468007312,3,0,3,21,0,0,0,0,0,0,0,0,1
0.8957952468007312,3,0,3,21,0,0,0,1,0,0,0,0,0
0.6718464351005484,3,0,3,21,0,0,1,0,0,0,0,0,0
0.8957952468007312,3,0,3,21,0,0,0,0,0,0,0,0,1
0.8957952468007312,4,0,1,8,0,0,0,1,0,0,0,0,0
0.22394881170018277,4,0,1,10,0,0,0,0,0,0,1,0,0
0.6718464351005484,4,0,2,13,0,0,1,0,0,0,0,0,0
0.4478976234003657,4,0,2,16,0,0,0,0,0,1,0,0,0
0.4478976234003657,4,0,2,16,0,0,0,0,0,1,0,0,0
0.4478976234003657,5,1,1,9,0,0,0,0,0,1,0,0,0
0.6718464351005484,5,1,1,9,0,0,1,0,0,0,0,0,0
0.8957952468007312,5,1,3,20,0,0,0,1,0,0,0,0,0
0.8957952468007312,5,1,3,20,0,0,0,1,0,0,0,0,0
0.8957952468007312,6,1,1,8,0,0,0,0,0,0,0,0,1
0.8957952468007312,6,1,1,10,0,0,0,0,0,0,0,0,1
0.8957952468007312,6,1,1,10,0,0,0,1,0,0,0,0,0
0.4478976234003657,6,1,1,11,0,0,0,0,0,1,0,0,0
0.22394881170018277,6,1,1,11,0,0,0,0,0,0,1,0,0
0.8957952468007312,6,1,1,11,0,0,0,1,0,0,0,0,0
0.6718464351005484,6,1,2,12,0,0,1,0,0,0,0,0,0
0.8957952468007312,6,1,2,12,0,0,0,0,0,0,0,0,1
0.8957952468007312,6,1,2,12,0,0,0,0,0,0,0,0,1
0.4478976234003657,6,1,2,15,0,0,0,0,0,1,0,0,0
0.8957952468007312,6,1,2,16,0,0,0,1,0,0,0,0,0
0.6718464351005484,6,1,3,19,0,0,1,0,0,0,0,0,0
0.4478976234003657,6,1,3,21,0,1,0,0,0,0,0,0,0
0.8957952468007312,0,0,2,12,0,0,0,1,0,0,0,0,0
0.8957952468007312,0,0,2,12,0,0,0,0,0,0,0,0,1
0.8957952468007312,0,0,3,19,0,0,0,0,0,0,0,1,0
0.8957952468007312,0,0,3,19,0,0,0,0,0,0,0,1,0
0.8957952468007312,0,0,3,19,0,0,0,0,0,0,0,0,1
0.8957952468007312,0,0,3,19,0,0,0,0,0,0,0,0,1
0.6718464351005484,1,0,1,10,0,0,1,0,0,0,0,0,0
0.8957952468007312,1,0,3,18,0,0,0,0,0,0,0,0,1
0.8957952468007312,1,0,3,18,0,0,0,0,0,0,0,0,1
0.8957952468007312,1,0,3,21,0,0,0,0,0,0,0,1,0
0.6718464351005484,1,0,3,21,0,0,1,0,0,0,0,0,0
0.6718464351005484,1,0,3,21,0,0,1,0,0,0,0,0,0
0.8957952468007312,2,0,1,10,0,0,0,0,0,0,0,1,0
0.8957952468007312,2,0,1,11,0,0,0,1,0,0,0,0,0
0.8957952468007312,2,0,2,17,0,0,0,0,0,0,0,0,1
0.8957952468007312,2,0,2,17,0,0,0,0,0,0,0,0,1
0.8957952468007312,2,0,3,20,0,0,0,0,0,0,0,1,0
0.6718464351005484,2,0,3,20,0,0,1,0,0,0,0,0,0
0.4478976234003657,3,0,1,8,0,1,0,0,0,0,0,0,0
0.8957952468007312,3,0,1,8,0,0,0,0,0,0,0,0,1
0.6718464351005484,3,0,1,9,0,0,1,0,0,0,0,0,0
0.4478976234003657,3,0,1,9,0,0,0,0,0,1,0,0,0
0.6718464351005484,3,0,2,17,0,0,1,0,0,0,0,0,0
0.8957952468007312,3,0,2,17,0,0,0,0,0,0,0,1,0
0.8957952468007312,3,0,3,19,0,0,0,0,0,0,0,0,1
0.6718464351005484,3,0,3,20,0,0,1,0,0,0,0,0,0
0.22394881170018277,3,0,3,20,0,0,0,0,0,0,1,0,0
0.22394881170018277,3,0,3,20,0,0,0,0,0,0,1,0,0
0.6718464351005484,3,0,3,20,0,0,1,0,0,0,0,0,0
0.6718464351005484,3,0,3,21,0,0,1,0,0,0,0,0,0
0.4478976234003657,4,0,1,7,0,0,0,0,0,1,0,0,0
0.4478976234003657,4,0,1,10,0,1,0,0,0,0,0,0,0
0.8957952468007312,4,0,2,12,0,0,0,0,0,0,0,0,1
0.6718464351005484,4,0,3,18,0,0,1,0,0,0,0,0,0
0.8957952468007312,5,1,1,11,0,0,0,1,0,0,0,0,0
0.8957952468007312,5,1,2,12,0,0,0,0,0,0,0,0,1
0.6718464351005484,5,1,2,12,0,0,1,0,0,0,0,0,0
0.22394881170018277,5,1,2,12,0,0,0,0,0,0,1,0,0
0.8957952468007312,5,1,2,12,0,0,0,0,1,0,0,0,0
0.6718464351005484,5,1,2,12,0,0,1,0,0,0,0,0,0
0.6718464351005484,5,1,2,16,0,0,1,0,0,0,0,0,0
0.4478976234003657,5,1,3,18,0,1,0,0,0,0,0,0,0
0.6718464351005484,6,1,1,10,0,0,1,0,0,0,0,0,0
0.8957952468007312,6,1,1,10,0,0,0,0,0,0,0,0,1
0.8957952468007312,6,1,1,11,0,0,0,0,0,0,0,1,0
0.8957952468007312,6,1,1,11,0,0,0,0,0,0,0,1,0
0.6718464351005484,6,1,2,12,0,0,1,0,0,0,0,0,0
0.22394881170018277,6,1,2,14,0,0,0,0,0,0,1,0,0
0.6718464351005484,6,1,2,15,0,0,1,0,0,0,0,0,0
0.6718464351005484,6,1,2,15,0,0,1,0,0,0,0,0,0
0.8957952468007312,6,1,2,15,0,0,0,0,0,0,0,1,0
0.8957952468007312,6,1,2,16,0,0,0,0,0,0,0,1,0
0.6718464351005484,6,1,2,17,0,0,1,0,0,0,0,0,0
0.6718464351005484,6,1,2,17,0,0,1,0,0,0,0,0,0
0.4478976234003657,0,0,1,8,0,1,0,0,0,0,0,0,0
0.4478976234003657,0,0,1,10,0,0,0,0,0,1,0,0,0
0.4478976234003657,0,0,1,10,0,0,0,0,0,1,0,0,0
0.8957952468007312,0,0,1,10,0,0,0,1,0,0,0,0,0
0.8957952468007312,0,0,2,14,0,0,0,1,0,0,0,0,0
0.8957952468007312,0,0,2,16,0,0,0,1,0,0,0,0,0
0.8957952468007312,0,0,2,16,0,0,0,1,0,0,0,0,0
0.4478976234003657,0,0,2,16,0,1,0,0,0,0,0,0,0
0.4478976234003657,0,0,3,18,0,1,0,0,0,0,0,0,0
0.6718464351005484,0,0,3,21,0,0,1,0,0,0,0,0,0
0.4478976234003657,1,0,2,14,0,1,0,0,0,0,0,0,0
0.8957952468007312,1,0,2,14,0,0,0,1,0,0,0,0,0
0.8957952468007312,1,0,3,19,0,0,0,1,0,0,0,0,0
0.8957952468007312,1,0,3,19,0,0,0,1,0,0,0,0,0
0.4478976234003657,1,0,3,20,0,0,0,0,0,1,0,0,0
0.6718464351005484,1,0,3,21,0,0,1,0,0,0,0,0,0
0.6718464351005484,1,0,3,21,0,0,1,0,0,0,0,0,0
0.8957952468007312,2,0,1,7,0,0,0,0,0,0,0,0,1
0.4478976234003657,2,0,1,8,0,0,0,0,0,1,0,0,0
0.4478976234003657,2,0,1,10,0,1,0,0,0,0,0,0,0
0.8957952468007312,2,0,1,11,0,0,0,0,0,0,0,0,1
0.8957952468007312,2,0,1,11,0,0,0,0,1,0,0,0,0
0.6718464351005484,2,0,2,14,0,0,1,0,0,0,0,0,0
0.8957952468007312,2,0,3,18,0,0,0,1,0,0,0,0,0
0.8957952468007312,2,0,3,18,0,0,0,0,0,0,0,0,1
0.6718464351005484,2,0,3,19,0,0,1,0,0,0,0,0,0
0.8957952468007312,2,0,3,21,0,0,0,1,0,0,0,0,0
0.6718464351005484,2,0,3,21,0,0,1,0,0,0,0,0,0
0.8957952468007312,3,0,1,10,0,0,0,0,0,0,0,0,1
0.8957952468007312,3,0,3,18,0,0,0,0,0,0,0,0,1
0.8957952468007312,3,0,3,19,0,0,0,0,0,0,0,0,1
0.8957952468007312,3,0,3,21,0,0,0,0,0,0,0,0,1
0.8957952468007312,3,0,3,21,0,0,0,0,0,0,0,0,1
0.6718464351005484,3,0,3,21,0,0,1,0,0,0,0,0,0
0.8957952468007312,4,0,1,9,0,0,0,0,0,0,0,0,1
0.4478976234003657,4,0,1,10,0,1,0,0,0,0,0,0,0
0.6718464351005484,4,0,2,13,0,0,1,0,0,0,0,0,0
0.6718464351005484,4,0,2,13,0,0,1,0,0,0,0,0,0
0.22394881170018277,4,0,3,18,0,0,0,0,0,0,1,0,0
0.8957952468007312,4,0,3,19,0,0,0,0,0,0,0,0,1
0.8957952468007312,4,0,3,19,0,0,0,1,0,0,0,0,0
0.8957952468007312,4,0,3,19,0,0,0,1,0,0,0,0,0
0.8957952468007312,4,0,3,19,0,0,0,1,0,0,0,0,0
0.8957952468007312,4,0,3,19,0,0,0,1,0,0,0,0,0
0.4478976234003657,4,0,3,19,0,1,0,0,0,0,0,0,0
0.6718464351005484,4,0,3,19,0,0,1,0,0,0,0,0,0
0.4478976234003657,5,1,1,8,0,0,0,0,0,1,0,0,0
0.6718464351005484,5,1,1,9,0,0,1,0,0,0,0,0,0
0.6718464351005484,5,1,2,12,0,0,1,0,0,0,0,0,0
0.8957952468007312,5,1,2,15,0,0,0,0,0,0,0,0,1
0.8957952468007312,5,1,3,22,0,0,0,1,0,0,0,0,0
0.6718464351005484,6,1,3,18,0,0,1,0,0,0,0,0,0
0.6718464351005484,6,1,3,18,0,0,1,0,0,0,0,0,0
0.8957952468007312,6,1,3,21,0,0,0,1,0,0,0,0,0
0.8957952468007312,6,1,3,21,0,0,0,0,0,0,0,0,1
0.8957952468007312,6,1,3,21,0,0,0,1,0,0,0,0,0
0.6718464351005484,0,0,1,11,0,0,1,0,0,0,0,0,0
0.8957952468007312,0,0,1,11,0,0,0,1,0,0,0,0,0
0.8957952468007312,0,0,1,11,0,0,0,1,0,0,0,0,0
0.8957952468007312,0,0,2,15,0,0,0,0,0,0,0,0,1
0.8957952468007312,0,0,2,16,0,0,0,1,0,0,0,0,0
0.8957952468007312,0,0,2,16,0,0,0,1,0,0,0,0,0
0.8957952468007312,1,0,1,8,0,0,0,0,0,0,0,0,1
0.6718464351005484,1,0,1,10,0,0,1,0,0,0,0,0,0
0.6718464351005484,1,0,1,10,0,0,1,0,0,0,0,0,0
0.8957952468007312,1,0,1,11,0,0,0,1,0,0,0,0,0
0.8957952468007312,2,0,1,9,0,0,0,0,0,0,0,0,1
0.22394881170018277,2,0,2,16,0,0,0,0,0,0,1,0,0
0.4478976234003657,2,0,2,16,0,1,0,0,0,0,0,0,0
0.8957952468007312,2,0,3,21,0,0,0,0,0,0,0,0,1
0.8957952468007312,2,0,3,21,0,0,0,1,0,0,0,0,0
0.6718464351005484,2,0,3,21,0,0,1,0,0,0,0,0,0
0.6718464351005484,3,0,1,9,0,0,1,0,0,0,0,0,0
0.4478976234003657,3,0,2,16,0,0,0,0,0,1,0,0,0
0.6718464351005484,3,0,3,21,0,0,1,0,0,0,0,0,0
0.8957952468007312,3,0,3,21,0,0,0,1,0,0,0,0,0
0.4478976234003657,4,0,1,8,0,0,0,0,0,1,0,0,0
0.22394881170018277,4,0,2,17,0,0,0,0,0,0,1,0,0
0.6718464351005484,4,0,3,21,0,0,1,0,0,0,0,0,0
0.8957952468007312,4,0,3,21,0,0,0,0,0,0,0,0,1
0.8957952468007312,4,0,3,22,0,0,0,1,0,0,0,0,0
0.6718464351005484,5,1,1,9,0,0,1,0,0,0,0,0,0
0.6718464351005484,5,1,1,11,0,0,1,0,0,0,0,0,0
0.6718464351005484,5,1,1,11,0,0,1,0,0,0,0,0,0
0.8957952468007312,5,1,2,12,0,0,0,1,0,0,0,0,0
0.8957952468007312,5,1,2,12,0,0,0,1,0,0,0,0,0
0.8957952468007312,5,1,2,17,0,0,0,1,0,0,0,0,0
0.8957952468007312,5,1,2,17,0,0,0,0,0,0,0,1,0
0.8957952468007312,5,1,3,21,0,0,0,0,0,0,0,0,1
0.8957952468007312,6,1,1,10,0,0,0,0,0,0,0,0,1
0.22394881170018277,6,1,2,13,0,0,0,0,0,0,1,0,0
0.8957952468007312,6,1,2,16,0,0,0,0,0,0,0,1,0
0.6718464351005484,6,1,3,21,0,0,1,0,0,0,0,0,0
0.22394881170018277,0,0,3,18,0,0,0,0,0,0,1,0,0
0.8957952468007312,0,0,3,18,0,0,0,1,0,0,0,0,0
0.8957952468007312,0,0,3,18,0,0,0,1,0,0,0,0,0
0.6718464351005484,1,0,1,10,0,0,1,0,0,0,0,0,0
0.4478976234003657,1,0,1,10,0,1,0,0,0,0,0,0,0
0.8957952468007312,1,0,2,12,0,0,0,0,0,0,0,0,1
0.4478976234003657,1,0,2,14,0,1,0,0,0,0,0,0,0
0.6718464351005484,1,0,2,16,0,0,1,0,0,0,0,0,0
0.6718464351005484,1,0,3,22,0,0,1,0,0,0,0,0,0
0.6718464351005484,2,0,2,13,0,0,1,0,0,0,0,0,0
0.8957952468007312,2,0,2,16,0,0,0,1,0,0,0,0,0
0.8957952468007312,2,0,2,16,0,0,0,1,0,0,0,0,0
0.6718464351005484,2,0,2,16,0,0,1,0,0,0,0,0,0
0.6718464351005484,2,0,2,16,0,0,1,0,0,0,0,0,0
0.8957952468007312,2,0,2,16,0,0,0,0,0,0,0,0,1
0.22394881170018277,2,0,2,16,0,0,0,0,0,0,1,0,0
0.8957952468007312,2,0,2,17,0,0,0,1,0,0,0,0,0
0.8957952468007312,2,0,3,19,0,0,0,0,0,0,0,0,1
0.6718464351005484,3,0,1,10,0,0,1,0,0,0,0,0,0
0.4478976234003657,3,0,1,10,0,1,0,0,0,0,0,0,0
0.8957952468007312,4,0,2,12,0,0,0,0,1,0,0,0,0
0.6718464351005484,4,0,2,13,0,0,1,0,0,0,0,0,0
0.6718464351005484,4,0,2,13,0,0,1,0,0,0,0,0,0
0.22394881170018277,4,0,3,18,0,0,0,0,0,0,1,0,0
0.4478976234003657,4,0,3,19,0,1,0,0,0,0,0,0,0
0.22394881170018277,4,0,3,22,0,0,0,0,0,0,1,0,0
0.4478976234003657,4,0,3,22,0,1,0,0,0,0,0,0,0
0.4478976234003657,4,0,3,22,0,1,0,0,0,0,0,0,0
0.8957952468007312,4,0,3,22,0,0,0,1,0,0,0,0,0
0.6718464351005484,4,0,3,22,0,0,1,0,0,0,0,0,0
0.8957952468007312,5,1,1,10,0,0,0,0,0,0,0,0,1
0.6718464351005484,5,1,2,17,0,0,0,0,0,0,0,0,1
0.6718464351005484,5,1,2,17,0,0,0,0,0,0,0,0,1
0.6718464351005484,5,1,3,19,0,0,0,0,0,0,0,0,1
0.4478976234003657,5,1,3,19,0,0,1,0,0,0,0,0,0
0.6718464351005484,6,1,1,9,0,0,0,1,0,0,0,0,0
0.4478976234003657,6,1,1,9,0,0,1,0,0,0,0,0,0
0.4478976234003657,6,1,1,9,0,0,1,0,0,0,0,0,0
0.6718464351005484,6,1,1,9,0,0,0,1,0,0,0,0,0
0.6718464351005484,6,1,1,9,0,0,0,1,0,0,0,0,0
0.6718464351005484,6,1,2,14,0,0,0,0,0,0,0,1,0
0.6718464351005484,6,1,2,14,0,0,0,0,1,0,0,0,0
0.6718464351005484,6,1,2,17,0,0,0,0,0,0,0,0,1
0.6718464351005484,6,1,3,19,0,0,0,1,0,0,0,0,0
0.6718464351005484,6,1,3,20,0,0,0,0,0,0,0,1,0
0.4478976234003657,6,1,3,22,0,0,1,0,0,0,0,0,0
0.6718464351005484,0,0,1,7,0,0,0,0,0,0,0,0,1
0.22394881170018277,0,0,2,12,0,1,0,0,0,0,0,0,0
0.22394881170018277,0,0,2,14,0,1,0,0,0,0,0,0,0
0.4478976234003657,0,0,3,19,0,0,1,0,0,0,0,0,0
0.6718464351005484,0,0,3,22,0,0,0,0,0,0,0,0,1
0.4478976234003657,1,0,1,10,0,0,1,0,0,0,0,0,0
0.4478976234003657,1,0,1,10,0,0,1,0,0,0,0,0,0
0.4478976234003657,1,0,1,11,0,0,1,0,0,0,0,0,0
0.6718464351005484,1,0,1,11,0,0,0,1,0,0,0,0,0
0.4478976234003657,1,0,2,16,0,0,1,0,0,0,0,0,0
0.22394881170018277,2,0,1,11,0,1,0,0,0,0,0,0,0
0.4478976234003657,2,0,2,12,0,0,1,0,0,0,0,0,0
0.6718464351005484,2,0,3,22,0,0,0,0,0,0,0,0,1
0.6718464351005484,3,0,1,11,0,0,0,0,0,0,0,1,0
0.4478976234003657,3,0,2,16,0,0,1,0,0,0,0,0,0
0.6718464351005484,3,0,3,22,0,0,0,0,0,0,0,0,1
0.22394881170018277,3,0,3,22,0,1,0,0,0,0,0,0,0
0.22394881170018277,4,0,1,8,0,0,0,0,0,1,0,0,0
0.6718464351005484,4,0,1,11,0,0,0,0,0,0,0,1,0
0.6718464351005484,4,0,3,22,0,0,0,0,0,0,0,1,0
0.6718464351005484,4,0,3,22,0,0,0,0,0,0,0,1,0
0.6718464351005484,4,0,3,22,0,0,0,0,0,0,0,1,0
0.6718464351005484,5,1,1,10,0,0,0,0,0,0,0,0,1
0.6718464351005484,5,1,1,11,0,0,0,0,0,0,0,0,1
0.22394881170018277,6,1,1,10,0,1,0,0,0,0,0,0,0
0.4478976234003657,6,1,1,10,0,0,1,0,0,0,0,0,0
0.6718464351005484,6,1,1,10,0,0,0,1,0,0,0,0,0
0.6718464351005484,6,1,1,10,0,0,0,0,0,0,0,0,1
0.22394881170018277,6,1,1,11,0,1,0,0,0,0,0,0,0
0.6718464351005484,6,1,3,22,0,0,0,0,0,0,0,0,1
0.6718464351005484,0,0,1,7,0,0,0,1,0,0,0,0,0
0.4478976234003657,1,0,2,12,0,0,1,0,0,0,0,0,0
0.6718464351005484,1,0,3,19,0,0,0,0,0,0,0,1,0
0.4478976234003657,2,0,2,13,0,0,1,0,0,0,0,0,0
0.4478976234003657,3,0,1,11,0,0,1,0,0,0,0,0,0
0.0,3,0,1,11,0,0,0,0,0,0,1,0,0
0.22394881170018277,3,0,1,11,0,1,0,0,0,0,0,0,0
0.22394881170018277,3,0,1,11,0,1,0,0,0,0,0,0,0
0.22394881170018277,3,0,1,11,0,0,0,0,0,1,0,0,0
0.6718464351005484,3,0,2,13,0,0,0,0,0,0,0,0,1
0.6718464351005484,3,0,3,18,0,0,0,1,0,0,0,0,0
0.6718464351005484,3,0,3,19,0,0,0,0,0,0,0,0,1
0.6718464351005484,3,0,3,21,0,0,0,0,0,0,0,1,0
0.6718464351005484,3,0,3,21,0,0,0,0,0,0,0,0,1
0.6718464351005484,3,0,3,21,0,0,0,0,0,0,0,0,1
0.22394881170018277,4,0,1,11,0,1,0,0,0,0,0,0,0
0.4478976234003657,4,0,1,11,0,0,1,0,0,0,0,0,0
0.6718464351005484,4,0,2,12,0,0,0,0,0,0,0,0,1
0.4478976234003657,4,0,2,12,0,0,1,0,0,0,0,0,0
0.6718464351005484,4,0,2,14,0,0,0,0,0,0,0,0,1
0.6718464351005484,4,0,2,14,0,0,0,0,1,0,0,0,0
0.6718464351005484,4,0,2,16,0,0,0,0,0,0,0,0,1
0.6718464351005484,4,0,2,16,0,0,0,0,0,0,0,0,1
0.22394881170018277,5,1,1,8,0,1,0,0,0,0,0,0,0
0.6718464351005484,5,1,1,8,0,0,0,0,0,0,0,0,1
0.22394881170018277,5,1,1,8,0,1,0,0,0,0,0,0,0
0.6718464351005484,5,1,1,9,0,0,0,0,0,0,0,0,1
0.6718464351005484,5,1,1,9,0,0,0,0,0,0,0,0,1
0.22394881170018277,5,1,1,10,0,1,0,0,0,0,0,0,0
0.6718464351005484,5,1,2,15,0,0,0,0,0,0,0,0,1
0.6718464351005484,6,1,1,10,0,0,0,0,1,0,0,0,0
0.6718464351005484,6,1,1,11,0,0,0,1,0,0,0,0,0
0.22394881170018277,6,1,2,13,0,0,0,0,0,1,0,0,0
0.6718464351005484,6,1,2,13,0,0,0,0,0,0,0,0,1
0.22394881170018277,0,0,1,8,0,1,0,0,0,0,0,0,0
0.22394881170018277,0,0,1,8,0,1,0,0,0,0,0,0,0
0.4478976234003657,0,0,1,10,0,0,1,0,0,0,0,0,0
0.6718464351005484,0,0,2,16,0,0,0,0,0,0,0,0,1
0.6718464351005484,1,0,1,8,0,0,0,0,0,0,0,0,1
0.22394881170018277,1,0,1,8,0,1,0,0,0,0,0,0,0
0.4478976234003657,1,0,1,8,0,0,1,0,0,0,0,0,0
0.6718464351005484,1,0,1,8,0,0,0,0,1,0,0,0,0
0.6718464351005484,1,0,1,8,0,0,0,0,0,0,0,0,1
0.22394881170018277,1,0,1,9,0,1,0,0,0,0,0,0,0
0.4478976234003657,1,0,1,10,0,0,1,0,0,0,0,0,0
0.4478976234003657,1,0,2,15,0,0,1,0,0,0,0,0,0
0.6718464351005484,1,0,2,15,0,0,0,0,0,0,0,0,1
0.6718464351005484,1,0,3,21,0,0,0,0,0,0,0,0,1
0.22394881170018277,1,0,3,21,0,1,0,0,0,0,0,0,0
0.22394881170018277,1,0,3,21,0,1,0,0,0,0,0,0,0
0.4478976234003657,2,0,1,9,0,0,1,0,0,0,0,0,0
0.4478976234003657,2,0,1,9,0,0,1,0,0,0,0,0,0
0.0,2,0,1,9,0,0,0,0,0,0,1,0,0
0.6718464351005484,2,0,1,11,0,0,0,1,0,0,0,0,0
0.6718464351005484,2,0,2,13,0,0,0,0,0,0,0,0,1
0.0,2,0,2,14,0,0,0,0,0,0,1,0,0
0.6718464351005484,2,0,2,15,0,0,0,0,0,0,0,0,1
0.6718464351005484,2,0,3,19,0,0,0,1,0,0,0,0,0
0.6718464351005484,2,0,3,19,0,0,0,1,0,0,0,0,0
0.4478976234003657,2,0,3,21,0,0,1,0,0,0,0,0,0
0.22394881170018277,2,0,3,21,0,1,0,0,0,0,0,0,0
0.22394881170018277,2,0,3,21,0,1,0,0,0,0,0,0,0
0.22394881170018277,3,0,1,7,0,1,0,0,0,0,0,0,0
0.6718464351005484,3,0,1,8,0,0,0,0,0,0,0,0,1
0.4478976234003657,3,0,1,10,0,0,1,0,0,0,0,0,0
0.22394881170018277,3,0,1,11,0,1,0,0,0,0,0,0,0
0.6718464351005484,3,0,2,15,0,0,0,1,0,0,0,0,0
0.6718464351005484,3,0,3,19,0,0,0,1,0,0,0,0,0
0.22394881170018277,3,0,3,21,0,0,0,0,0,1,0,0,0
0.0,3,0,3,21,0,0,0,0,0,0,1,0,0
0.22394881170018277,3,0,3,22,0,0,0,0,0,1,0,0,0
0.6718464351005484,3,0,3,22,0,0,0,0,1,0,0,0,0
0.6718464351005484,4,0,1,8,0,0,0,0,0,0,0,0,1
0.4478976234003657,4,0,1,9,0,0,1,0,0,0,0,0,0
0.0,4,0,1,9,0,0,0,0,0,0,1,0,0
0.22394881170018277,4,0,1,9,0,0,0,0,0,1,0,0,0
0.22394881170018277,4,0,1,9,0,0,0,0,0,1,0,0,0
0.6718464351005484,4,0,1,9,0,0,0,0,0,0,0,0,1
0.6718464351005484,4,0,1,10,0,0,0,0,0,0,0,0,1
0.4478976234003657,4,0,1,11,0,0,1,0,0,0,0,0,0
0.4478976234003657,4,0,2,12,0,0,1,0,0,0,0,0,0
0.6718464351005484,4,0,2,12,0,0,0,1,0,0,0,0,0
0.6718464351005484,4,0,2,12,0,0,0,1,0,0,0,0,0
0.6718464351005484,4,0,2,13,0,0,0,0,0,0,0,0,1
0.22394881170018277,4,0,2,17,0,1,0,0,0,0,0,0,0
0.6718464351005484,4,0,2,17,0,0,0,1,0,0,0,0,0
0.6718464351005484,4,0,3,21,0,0,0,0,0,0,0,0,1
0.4478976234003657,4,0,3,22,0,0,1,0,0,0,0,0,0
0.6718464351005484,5,1,1,9,0,0,0,1,0,0,0,0,0
0.4478976234003657,5,1,1,11,0,0,1,0,0,0,0,0,0
0.4478976234003657,5,1,2,12,0,0,1,0,0,0,0,0,0
0.0,5,1,2,12,0,0,0,0,0,0,1,0,0
0.4478976234003657,5,1,2,12,0,0,1,0,0,0,0,0,0
0.0,5,1,2,14,0,0,0,0,0,0,1,0,0
0.6718464351005484,5,1,2,14,0,0,0,0,0,0,0,0,1
0.6718464351005484,5,1,2,17,0,0,0,1,0,0,0,0,0
0.6718464351005484,5,1,2,17,0,0,0,1,0,0,0,0,0
0.4478976234003657,5,1,2,17,0,0,1,0,0,0,0,0,0
0.4478976234003657,5,1,2,17,0,0,1,0,0,0,0,0,0
0.6718464351005484,5,1,3,20,0,0,0,0,0,0,0,0,1
0.6718464351005484,5,1,3,22,0,0,0,1,0,0,0,0,0
0.0,6,1,1,11,0,0,0,0,0,0,1,0,0
0.4478976234003657,6,1,2,14,0,0,1,0,0,0,0,0,0
0.6718464351005484,6,1,2,14,0,0,0,0,0,0,0,0,1
0.6718464351005484,0,0,1,8,0,0,0,0,0,0,0,0,1
0.22394881170018277,0,0,1,9,0,1,0,0,0,0,0,0,0
0.4478976234003657,0,0,1,9,0,0,1,0,0,0,0,0,0
0.22394881170018277,0,0,1,9,0,1,0,0,0,0,0,0,0
0.4478976234003657,0,0,1,9,0,0,1,0,0,0,0,0,0
0.6718464351005484,0,0,1,9,0,0,0,1,0,0,0,0,0
0.6718464351005484,0,0,1,10,0,0,0,0,0,0,0,1,0
0.6718464351005484,0,0,1,10,0,0,0,0,0,0,0,1,0
0.6718464351005484,0,0,3,19,0,0,0,1,0,0,0,0,0
0.22394881170018277,0,0,3,19,0,1,0,0,0,0,0,0,0
0.6718464351005484,0,0,3,21,0,0,0,0,1,0,0,0,0
0.4478976234003657,1,0,1,7,0,0,1,0,0,0,0,0,0
0.22394881170018277,1,0,1,8,0,0,0,0,0,1,0,0,0
0.6718464351005484,1,0,1,8,0,0,0,1,0,0,0,0,0
0.4478976234003657,1,0,1,9,0,0,1,0,0,0,0,0,0
0.22394881170018277,1,0,1,10,0,0,0,0,0,1,0,0,0
0.4478976234003657,1,0,1,10,0,0,1,0,0,0,0,0,0
0.6718464351005484,1,0,1,10,0,0,0,0,0,0,0,0,1
0.22394881170018277,1,0,1,11,0,1,0,0,0,0,0,0,0
0.0,1,0,1,11,0,0,0,0,0,0,1,0,0
0.4478976234003657,1,0,1,11,0,0,1,0,0,0,0,0,0
0.4478976234003657,1,0,1,11,0,0,1,0,0,0,0,0,0
0.4478976234003657,1,0,1,11,0,0,1,0,0,0,0,0,0
0.4478976234003657,1,0,1,11,0,0,1,0,0,0,0,0,0
0.6718464351005484,1,0,2,12,0,0,0,0,0,0,0,0,1
0.4478976234003657,1,0,2,15,0,0,1,0,0,0,0,0,0
0.22394881170018277,1,0,2,16,0,0,0,0,0,1,0,0,0
0.4478976234003657,1,0,2,16,0,0,1,0,0,0,0,0,0
0.0,1,0,3,20,0,0,0,0,0,0,1,0,0
0.4478976234003657,1,0,3,20,0,0,1,0,0,0,0,0,0
0.4478976234003657,1,0,3,20,0,0,1,0,0,0,0,0,0
0.4478976234003657,1,0,3,20,0,0,1,0,0,0,0,0,0
0.6718464351005484,1,0,3,21,0,0,0,0,0,0,0,0,1
0.22394881170018277,1,0,3,22,0,1,0,0,0,0,0,0,0
0.6718464351005484,1,0,3,22,0,0,0,1,0,0,0,0,0
0.4478976234003657,2,0,1,7,0,0,1,0,0,0,0,0,0
0.4478976234003657,2,0,1,8,0,0,1,0,0,0,0,0,0
0.4478976234003657,2,0,1,8,0,0,1,0,0,0,0,0,0
0.22394881170018277,2,0,1,9,0,1,0,0,0,0,0,0,0
0.22394881170018277,2,0,1,9,0,1,0,0,0,0,0,0,0
0.4478976234003657,2,0,1,9,0,0,1,0,0,0,0,0,0
0.6718464351005484,2,0,2,13,0,0,0,0,1,0,0,0,0
0.6718464351005484,2,0,2,13,0,0,0,0,0,0,0,0,1
0.4478976234003657,2,0,2,13,0,0,1,0,0,0,0,0,0
0.22394881170018277,2,0,2,17,0,0,0,0,0,1,0,0,0
0.6718464351005484,2,0,3,18,0,0,0,0,0,0,0,0,1
0.22394881170018277,2,0,3,19,0,0,0,0,0,1,0,0,0
0.6718464351005484,2,0,3,19,0,0,0,0,0,0,0,0,1
0.6718464351005484,2,0,3,20,0,0,0,0,1,0,0,0,0
0.22394881170018277,2,0,3,20,0,0,0,0,0,1,0,0,0
0.6718464351005484,2,0,3,20,0,0,0,0,0,0,0,0,1
0.6718464351005484,2,0,3,20,0,0,0,1,0,0,0,0,0
0.22394881170018277,2,0,3,20,0,0,0,0,0,1,0,0,0
0.4478976234003657,2,0,3,20,0,0,1,0,0,0,0,0,0
0.6718464351005484,2,0,3,21,0,0,0,0,0,0,0,0,1
0.6718464351005484,2,0,3,21,0,0,0,0,0,0,0,0,1
0.6718464351005484,2,0,3,21,0,0,0,0,0,0,0,0,1
0.4478976234003657,3,0,1,7,0,0,1,0,0,0,0,0,0
0.4478976234003657,3,0,1,9,0,0,1,0,0,0,0,0,0
0.4478976234003657,3,0,1,11,0,0,1,0,0,0,0,0,0
0.4478976234003657,3,0,1,11,0,0,1,0,0,0,0,0,0
0.22394881170018277,3,0,2,13,0,0,0,0,0,1,0,0,0
0.6718464351005484,3,0,2,13,0,0,0,1,0,0,0,0,0
0.6718464351005484,3,0,2,13,0,0,0,1,0,0,0,0,0
0.4478976234003657,3,0,2,15,0,0,1,0,0,0,0,0,0
0.4478976234003657,3,0,2,16,0,0,1,0,0,0,0,0,0
0.22394881170018277,3,0,2,16,0,1,0,0,0,0,0,0,0
0.22394881170018277,3,0,2,17,0,1,0,0,0,0,0,0,0
0.6718464351005484,3,0,3,20,0,0,0,1,0,0,0,0,0
0.4478976234003657,4,0,1,9,0,0,1,0,0,0,0,0,0
0.4478976234003657,4,0,1,9,0,0,1,0,0,0,0,0,0
0.22394881170018277,4,0,1,11,0,0,0,0,0,1,0,0,0
0.4478976234003657,4,0,3,18,0,0,1,0,0,0,0,0,0
0.6718464351005484,4,0,3,21,0,0,0,0,0,0,0,0,1
0.4478976234003657,5,1,1,8,0,0,1,0,0,0,0,0,0
0.4478976234003657,5,1,1,9,0,0,1,0,0,0,0,0,0
0.4478976234003657,5,1,1,9,0,0,1,0,0,0,0,0,0
0.4478976234003657,5,1,1,10,0,0,1,0,0,0,0,0,0
0.22394881170018277,5,1,1,11,0,0,0,0,0,1,0,0,0
0.22394881170018277,5,1,1,11,0,0,0,0,0,1,0,0,0
0.0,5,1,1,11,0,0,0,0,0,0,1,0,0
0.4478976234003657,5,1,1,11,0,0,1,0,0,0,0,0,0
0.4478976234003657,5,1,2,12,0,0,1,0,0,0,0,0,0
0.4478976234003657,5,1,2,16,0,0,1,0,0,0,0,0,0
0.6718464351005484,5,1,3,18,0,0,0,1,0,0,0,0,0
0.6718464351005484,5,1,3,21,0,0,0,0,0,0,0,0,1
0.6718464351005484,5,1,3,21,0,0,0,0,0,0,0,0,1
0.6718464351005484,6,1,1,8,0,0,0,1,0,0,0,0,0
0.4478976234003657,6,1,1,10,0,0,1,0,0,0,0,0,0
0.6718464351005484,6,1,1,11,0,0,0,1,0,0,0,0,0
0.4478976234003657,6,1,1,11,0,0,1,0,0,0,0,0,0
0.6718464351005484,6,1,2,15,0,0,0,1,0,0,0,0,0
0.6718464351005484,6,1,2,15,0,0,0,1,0,0,0,0,0
0.22394881170018277,0,0,1,8,0,0,0,0,0,1,0,0,0
0.4478976234003657,0,0,1,9,0,0,1,0,0,0,0,0,0
0.22394881170018277,0,0,1,11,0,0,0,0,0,1,0,0,0
0.6718464351005484,0,0,2,13,0,0,0,1,0,0,0,0,0
0.6718464351005484,0,0,2,16,0,0,0,0,0,0,0,0,1
0.6718464351005484,0,0,2,16,0,0,0,0,0,0,0,0,1
0.6718464351005484,0,0,2,17,0,0,0,0,0,0,0,0,1
0.4478976234003657,0,0,2,17,0,0,1,0,0,0,0,0,0
0.6718464351005484,0,0,3,19,0,0,0,0,0,0,0,0,1
0.6718464351005484,0,0,3,19,0,0,0,0,0,0,0,0,1
0.6718464351005484,0,0,3,20,0,0,0,0,1,0,0,0,0
0.6718464351005484,0,0,3,20,0,0,0,0,1,0,0,0,0
0.4478976234003657,0,0,3,22,0,0,1,0,0,0,0,0,0
0.22394881170018277,1,0,1,10,0,0,0,0,0,1,0,0,0
0.6718464351005484,1,0,1,10,0,0,0,0,0,0,0,1,0
0.6718464351005484,1,0,2,17,0,0,0,1,0,0,0,0,0
0.6718464351005484,1,0,2,17,0,0,0,0,0,0,0,0,1
0.6718464351005484,1,0,2,17,0,0,0,0,1,0,0,0,0
0.6718464351005484,1,0,3,19,0,0,0,0,0,0,0,0,1
0.4478976234003657,1,0,3,19,0,0,1,0,0,0,0,0,0
0.6718464351005484,1,0,3,20,0,0,0,0,0,0,0,0,1
0.4478976234003657,2,0,1,8,0,0,1,0,0,0,0,0,0
0.22394881170018277,2,0,2,12,0,1,0,0,0,0,0,0,0
0.22394881170018277,2,0,2,12,0,1,0,0,0,0,0,0,0
0.0,2,0,2,13,0,0,0,0,0,0,1,0,0
0.22394881170018277,2,0,2,16,0,1,0,0,0,0,0,0,0
0.6718464351005484,2,0,3,19,0,0,0,0,0,0,0,0,1
0.6718464351005484,2,0,3,20,0,0,0,0,1,0,0,0,0
0.6718464351005484,2,0,3,21,0,0,0,1,0,0,0,0,0
0.6718464351005484,2,0,3,22,0,0,0,0,0,0,0,0,1
0.6718464351005484,2,0,3,22,0,0,0,0,0,0,0,0,1
0.0,3,0,1,8,0,0,0,0,0,0,1,0,0
0.22394881170018277,3,0,1,8,0,0,0,0,0,1,0,0,0
0.4478976234003657,3,0,2,12,0,0,1,0,0,0,0,0,0
0.22394881170018277,3,0,2,12,0,0,0,0,0,1,0,0,0
0.22394881170018277,3,0,2,12,0,0,0,0,0,1,0,0,0
0.6718464351005484,3,0,2,16,0,0,0,1,0,0,0,0,0
0.6718464351005484,3,0,2,17,0,0,0,1,0,0,0,0,0
0.4478976234003657,3,0,3,21,0,0,1,0,0,0,0,0,0
0.6718464351005484,4,0,1,7,0,0,0,0,0,0,0,0,1
0.22394881170018277,4,0,1,9,0,1,0,0,0,0,0,0,0
0.22394881170018277,4,0,1,10,0,0,0,0,0,1,0,0,0
0.4478976234003657,4,0,1,10,0,0,1,0,0,0,0,0,0
0.6718464351005484,4,0,1,11,0,0,0,0,0,0,0,0,1
0.22394881170018277,4,0,1,11,0,1,0,0,0,0,0,0,0
0.22394881170018277,4,0,3,18,0,1,0,0,0,0,0,0,0
0.6718464351005484,4,0,3,19,0,0,0,0,0,0,0,1,0
0.6718464351005484,5,1,1,8,0,0,0,1,0,0,0,0,0
0.4478976234003657,5,1,1,8,0,0,1,0,0,0,0,0,0
0.22394881170018277,5,1,1,8,0,0,0,0,0,1,0,0,0
0.22394881170018277,5,1,1,11,0,0,0,0,0,1,0,0,0
0.22394881170018277,5,1,1,11,0,1,0,0,0,0,0,0,0
0.6718464351005484,5,1,2,12,0,0,0,0,0,0,0,0,1
0.4478976234003657,5,1,2,12,0,0,1,0,0,0,0,0,0
0.6718464351005484,5,1,2,16,0,0,0,0,0,0,0,0,1
0.6718464351005484,5,1,3,21,0,0,0,0,1,0,0,0,0
0.6718464351005484,5,1,3,21,0,0,0,0,1,0,0,0,0
0.6718464351005484,5,1,3,21,0,0,0,0,1,0,0,0,0
0.6718464351005484,6,1,1,9,0,0,0,0,0,0,0,0,1
0.6718464351005484,6,1,1,9,0,0,0,0,0,0,0,0,1
0.4478976234003657,6,1,1,10,0,0,1,0,0,0,0,0,0
0.6718464351005484,6,1,1,11,0,0,0,1,0,0,0,0,0
0.4478976234003657,6,1,1,11,0,0,1,0,0,0,0,0,0
0.22394881170018277,6,1,2,12,0,0,0,0,0,1,0,0,0
0.6718464351005484,6,1,2,15,0,0,0,0,0,0,0,0,1
0.4478976234003657,6,1,2,15,0,0,1,0,0,0,0,0,0
0.6718464351005484,6,1,2,15,0,0,0,0,1,0,0,0,0
0.6718464351005484,6,1,2,16,0,0,0,1,0,0,0,0,0
0.0,6,1,2,16,0,0,0,0,0,0,1,0,0
0.22394881170018277,6,1,3,21,0,0,0,0,0,1,0,0,0
0.6718464351005484,6,1,3,21,0,0,0,0,0,0,0,0,1
0.6718464351005484,6,1,3,21,0,0,0,0,0,0,0,0,1
0.6718464351005484,6,1,3,22,0,0,0,1,0,0,0,0,0
0.6718464351005484,0,0,1,8,0,0,0,0,0,0,0,1,0
0.4478976234003657,0,0,1,11,0,0,1,0,0,0,0,0,0
0.22394881170018277,0,0,1,11,0,1,0,0,0,0,0,0,0
0.6718464351005484,0,0,1,11,0,0,0,0,0,0,0,0,1
0.6718464351005484,0,0,1,11,0,0,0,0,0,0,0,0,1
0.0,0,0,2,14,0,0,0,0,0,0,1,0,0
0.4478976234003657,0,0,2,14,0,0,1,0,0,0,0,0,0
0.4478976234003657,0,0,2,15,0,0,1,0,0,0,0,0,0
0.4478976234003657,0,0,3,18,0,0,1,0,0,0,0,0,0
0.4478976234003657,0,0,3,21,0,0,1,0,0,0,0,0,0
0.6718464351005484,0,0,3,21,0,0,0,0,0,0,0,0,1
0.6718464351005484,0,0,3,22,0,0,0,1,0,0,0,0,0
0.6718464351005484,0,0,3,22,0,0,0,1,0,0,0,0,0
0.4478976234003657,1,0,1,8,0,0,1,0,0,0,0,0,0
0.4478976234003657,1,0,1,9,0,0,1,0,0,0,0,0,0
0.4478976234003657,1,0,1,9,0,0,1,0,0,0,0,0,0
0.22394881170018277,1,0,1,10,0,0,0,0,0,1,0,0,0
0.6718464351005484,1,0,1,11,0,0,0,0,0,0,0,0,1
0.4478976234003657,1,0,2,13,0,0,1,0,0,0,0,0,0
0.6718464351005484,1,0,2,14,0,0,0,0,0,0,0,0,1
0.6718464351005484,1,0,2,15,0,0,0,1,0,0,0,0,0
0.4478976234003657,1,0,2,15,0,0,1,0,0,0,0,0,0
0.6718464351005484,1,0,3,20,0,0,0,0,0,0,0,0,1
0.6718464351005484,1,0,3,20,0,0,0,0,1,0,0,0,0
0.6718464351005484,1,0,3,20,0,0,0,1,0,0,0,0,0
0.22394881170018277,1,0,3,21,0,0,0,0,0,1,0,0,0
0.6718464351005484,2,0,1,7,0,0,0,0,0,0,0,0,1
0.6718464351005484,2,0,1,7,0,0,0,1,0,0,0,0,0
0.22394881170018277,2,0,1,10,0,0,0,0,0,1,0,0,0
0.0,2,0,1,11,0,0,0,0,0,0,1,0,0
0.22394881170018277,2,0,2,12,0,1,0,0,0,0,0,0,0
0.22394881170018277,2,0,2,12,0,1,0,0,0,0,0,0,0
0.6718464351005484,2,0,2,15,0,0,0,0,0,0,0,0,1
0.22394881170018277,2,0,2,17,0,1,0,0,0,0,0,0,0
0.22394881170018277,2,0,3,18,0,0,0,0,0,1,0,0,0
0.4478976234003657,2,0,3,18,0,0,1,0,0,0,0,0,0
0.6718464351005484,2,0,3,19,0,0,0,0,0,0,0,0,1
0.22394881170018277,2,0,3,19,0,0,0,0,0,1,0,0,0
0.6718464351005484,2,0,3,21,0,0,0,0,0,0,0,0,1
0.22394881170018277,3,0,1,9,0,0,0,0,0,1,0,0,0
0.6718464351005484,3,0,1,9,0,0,0,1,0,0,0,0,0
0.6718464351005484,3,0,1,9,0,0,0,0,0,0,0,1,0
0.6718464351005484,3,0,1,9,0,0,0,0,0,0,0,0,1
0.6718464351005484,3,0,2,12,0,0,0,0,0,0,0,0,1
0.6718464351005484,3,0,2,13,0,0,0,0,0,0,0,0,1
0.22394881170018277,3,0,2,14,0,1,0,0,0,0,0,0,0
0.0,3,0,2,14,0,0,0,0,0,0,1,0,0
0.4478976234003657,3,0,2,17,0,0,1,0,0,0,0,0,0
0.6718464351005484,3,0,3,19,0,0,0,0,0,0,0,1,0
0.4478976234003657,3,0,3,19,0,0,1,0,0,0,0,0,0
0.4478976234003657,3,0,3,19,0,0,1,0,0,0,0,0,0
0.22394881170018277,3,0,3,19,0,1,0,0,0,0,0,0,0
0.6718464351005484,3,0,3,20,0,0,0,1,0,0,0,0,0
0.0,3,0,3,21,0,0,0,0,0,0,1,0,0
0.4478976234003657,3,0,3,21,0,0,1,0,0,0,0,0,0
0.6718464351005484,4,0,2,12,0,0,0,0,0,0,0,0,1
0.22394881170018277,4,0,2,12,0,1,0,0,0,0,0,0,0
0.4478976234003657,4,0,2,13,0,0,1,0,0,0,0,0,0
0.0,4,0,2,15,0,0,0,0,0,0,1,0,0
0.0,4,0,2,15,0,0,0,0,0,0,1,0,0
0.4478976234003657,5,1,1,9,0,0,1,0,0,0,0,0,0
0.6718464351005484,5,1,1,9,0,0,0,1,0,0,0,0,0
0.4478976234003657,5,1,1,10,0,0,1,0,0,0,0,0,0
0.22394881170018277,5,1,1,11,0,0,0,0,0,1,0,0,0
0.22394881170018277,5,1,1,11,0,0,0,0,0,1,0,0,0
0.4478976234003657,5,1,2,13,0,0,1,0,0,0,0,0,0
0.22394881170018277,5,1,2,16,0,0,0,0,0,1,0,0,0
0.6718464351005484,5,1,2,16,0,0,0,0,0,0,0,0,1
0.6718464351005484,5,1,3,18,0,0,0,1,0,0,0,0,0
0.4478976234003657,5,1,3,21,0,0,1,0,0,0,0,0,0
0.6718464351005484,5,1,3,22,0,0,0,0,0,0,0,0,1
0.6718464351005484,6,1,1,8,0,0,0,1,0,0,0,0,0
0.6718464351005484,6,1,1,8,0,0,0,1,0,0,0,0,0
0.22394881170018277,6,1,1,8,0,0,0,0,0,1,0,0,0
0.4478976234003657,6,1,1,8,0,0,1,0,0,0,0,0,0
0.6718464351005484,6,1,2,12,0,0,0,1,0,0,0,0,0
0.4478976234003657,6,1,2,14,0,0,1,0,0,0,0,0,0
0.4478976234003657,6,1,3,18,0,0,1,0,0,0,0,0,0
0.4478976234003657,6,1,3,18,0,0,1,0,0,0,0,0,0
0.22394881170018277,6,1,3,18,0,1,0,0,0,0,0,0,0
0.22394881170018277,6,1,3,18,0,1,0,0,0,0,0,0,0
0.4478976234003657,0,0,2,15,0,0,1,0,0,0,0,0,0
0.4478976234003657,0,0,2,15,0,0,1,0,0,0,0,0,0
0.6718464351005484,0,0,3,21,0,0,0,0,0,0,0,0,1
0.6718464351005484,0,0,3,21,0,0,0,0,1,0,0,0,0
0.22394881170018277,1,0,1,8,0,0,0,0,0,1,0,0,0
0.6718464351005484,1,0,1,8,0,0,0,0,0,0,0,0,1
0.0,1,0,1,8,0,0,0,0,0,0,1,0,0
0.22394881170018277,1,0,1,8,0,0,0,0,0,1,0,0,0
0.4478976234003657,1,0,1,9,0,0,1,0,0,0,0,0,0
0.22394881170018277,1,0,1,11,0,1,0,0,0,0,0,0,0
0.22394881170018277,1,0,1,11,0,1,0,0,0,0,0,0,0
0.22394881170018277,1,0,1,11,0,1,0,0,0,0,0,0,0
0.6718464351005484,1,0,1,11,0,0,0,0,0,0,0,0,1
0.6718464351005484,1,0,3,20,0,0,0,0,0,0,0,0,1
0.6718464351005484,1,0,3,20,0,0,0,0,0,0,0,0,1
0.6718464351005484,1,0,3,20,0,0,0,0,0,0,0,0,1
0.6718464351005484,1,0,3,20,0,0,0,0,0,0,0,0,1
0.4478976234003657,2,0,1,7,0,0,1,0,0,0,0,0,0
0.22394881170018277,2,0,1,8,0,0,0,0,0,1,0,0,0
0.22394881170018277,2,0,1,10,0,1,0,0,0,0,0,0,0
0.4478976234003657,2,0,1,10,0,0,1,0,0,0,0,0,0
0.22394881170018277,2,0,1,11,0,0,0,0,0,1,0,0,0
0.6718464351005484,2,0,2,13,0,0,0,0,0,0,0,0,1
0.6718464351005484,2,0,3,19,0,0,0,0,0,0,0,0,1
0.22394881170018277,3,0,1,9,0,0,0,0,0,1,0,0,0
0.4478976234003657,3,0,1,10,0,0,1,0,0,0,0,0,0
0.4478976234003657,3,0,1,10,0,0,1,0,0,0,0,0,0
0.6718464351005484,3,0,2,14,0,0,0,0,0,0,0,0,1
0.6718464351005484,3,0,2,14,0,0,0,0,0,0,0,0,1
0.6718464351005484,3,0,2,15,0,0,0,1,0,0,0,0,0
0.22394881170018277,3,0,2,15,0,1,0,0,0,0,0,0,0
0.6718464351005484,4,0,1,7,0,0,0,0,0,0,0,0,1
0.22394881170018277,4,0,1,8,0,0,0,0,0,1,0,0,0
0.6718464351005484,4,0,1,8,0,0,0,0,0,0,0,0,1
0.22394881170018277,4,0,1,8,0,1,0,0,0,0,0,0,0
0.22394881170018277,4,0,1,8,0,1,0,0,0,0,0,0,0
0.4478976234003657,4,0,1,9,0,0,1,0,0,0,0,0,0
0.6718464351005484,4,0,1,10,0,0,0,0,1,0,0,0,0
0.22394881170018277,4,0,1,10,0,1,0,0,0,0,0,0,0
0.22394881170018277,4,0,1,10,0,0,0,0,0,1,0,0,0
0.6718464351005484,4,0,1,11,0,0,0,0,0,0,0,1,0
0.22394881170018277,4,0,2,13,0,1,0,0,0,0,0,0,0
0.22394881170018277,4,0,2,15,0,1,0,0,0,0,0,0,0
0.6718464351005484,4,0,3,19,0,0,0,0,0,0,0,0,1
0.22394881170018277,5,1,1,8,0,0,0,0,0,1,0,0,0
0.22394881170018277,5,1,1,8,0,0,0,0,0,1,0,0,0
0.22394881170018277,5,1,1,8,0,0,0,0,0,1,0,0,0
0.0,5,1,1,10,0,0,0,0,0,0,1,0,0
0.0,5,1,1,10,0,0,0,0,0,0,1,0,0
0.22394881170018277,5,1,1,10,0,1,0,0,0,0,0,0,0
0.22394881170018277,6,1,1,8,0,0,0,0,0,1,0,0,0
0.22394881170018277,6,1,1,8,0,1,0,0,0,0,0,0,0
0.22394881170018277,6,1,1,8,0,1,0,0,0,0,0,0,0
0.6718464351005484,6,1,1,9,0,0,0,1,0,0,0,0,0
0.6718464351005484,6,1,2,12,0,0,0,1,0,0,0,0,0
0.6718464351005484,6,1,2,14,0,0,0,0,0,0,0,0,1
0.22394881170018277,0,0,1,8,0,0,0,0,0,1,0,0,0
0.22394881170018277,0,0,1,8,0,1,0,0,0,0,0,0,0
0.22394881170018277,0,0,1,8,0,1,0,0,0,0,0,0,0
0.4478976234003657,0,0,1,9,0,0,1,0,0,0,0,0,0
0.6718464351005484,0,0,1,10,0,0,0,0,0,0,0,0,1
0.6718464351005484,0,0,1,10,0,0,0,1,0,0,0,0,0
0.22394881170018277,0,0,2,12,0,1,0,0,0,0,0,0,0
0.22394881170018277,0,0,2,12,0,1,0,0,0,0,0,0,0
0.4478976234003657,0,0,3,18,0,0,1,0,0,0,0,0,0
0.6718464351005484,0,0,3,18,0,0,0,0,0,0,0,0,1
0.4478976234003657,0,0,3,22,0,0,1,0,0,0,0,0,0
0.6718464351005484,1,0,1,10,0,0,0,0,0,0,0,0,1
0.4478976234003657,2,0,2,12,0,0,1,0,0,0,0,0,0
0.6718464351005484,2,0,2,12,0,0,0,1,0,0,0,0,0
0.22394881170018277,2,0,2,12,0,1,0,0,0,0,0,0,0
0.4478976234003657,2,0,2,13,0,0,1,0,0,0,0,0,0
0.22394881170018277,3,0,1,7,0,1,0,0,0,0,0,0,0
0.6718464351005484,4,0,2,17,0,0,0,0,0,0,0,0,1
0.4478976234003657,4,0,2,17,0,0,1,0,0,0,0,0,0
0.4478976234003657,4,0,2,17,0,0,1,0,0,0,0,0,0
0.22394881170018277,5,1,1,9,0,0,0,0,0,1,0,0,0
0.4478976234003657,5,1,1,10,0,0,1,0,0,0,0,0,0
0.0,5,1,1,10,0,0,0,0,0,0,1,0,0
0.4478976234003657,5,1,1,11,0,0,1,0,0,0,0,0,0
0.22394881170018277,5,1,1,11,0,0,0,0,0,1,0,0,0
0.22394881170018277,5,1,1,11,0,0,0,0,0,1,0,0,0
0.22394881170018277,6,1,1,9,0,0,0,0,0,1,0,0,0
0.6718464351005484,6,1,2,12,0,0,0,1,0,0,0,0,0
0.4478976234003657,6,1,2,12,0,0,1,0,0,0,0,0,0
0.22394881170018277,6,1,2,12,0,1,0,0,0,0,0,0,0
0.4478976234003657,6,1,2,12,0,0,1,0,0,0,0,0,0
0.6718464351005484,6,1,2,13,0,0,0,0,0,0,0,0,1
0.4478976234003657,6,1,2,14,0,0,1,0,0,0,0,0,0
0.6718464351005484,6,1,2,17,0,0,0,0,0,0,0,0,1
0.6718464351005484,6,1,2,17,0,0,0,0,0,0,0,0,1
0.6718464351005484,6,1,2,17,0,0,0,0,0,0,0,0,1
0.6718464351005484,0,0,1,8,0,0,0,0,0,0,0,0,1
0.4478976234003657,0,0,1,8,0,0,1,0,0,0,0,0,0
0.6718464351005484,0,0,1,8,0,0,0,0,0,0,0,0,1
0.4478976234003657,0,0,2,14,0,0,1,0,0,0,0,0,0
0.6718464351005484,0,0,3,20,0,0,0,1,0,0,0,0,0
0.6718464351005484,0,0,3,20,0,0,0,0,1,0,0,0,0
0.22394881170018277,0,0,3,20,0,1,0,0,0,0,0,0,0
0.22394881170018277,0,0,3,20,0,1,0,0,0,0,0,0,0
0.6718464351005484,1,0,1,8,0,0,0,0,1,0,0,0,0
0.6718464351005484,1,0,1,8,0,0,0,1,0,0,0,0,0
0.6718464351005484,1,0,1,8,0,0,0,0,0,0,0,0,1
0.4478976234003657,1,0,1,9,0,0,1,0,0,0,0,0,0
0.6718464351005484,1,0,1,9,0,0,0,1,0,0,0,0,0
0.6718464351005484,1,0,1,9,0,0,0,0,1,0,0,0,0
0.6718464351005484,1,0,1,9,0,0,0,0,1,0,0,0,0
0.4478976234003657,1,0,1,9,0,0,1,0,0,0,0,0,0
0.4478976234003657,1,0,1,9,0,0,1,0,0,0,0,0,0
0.6718464351005484,1,0,1,9,0,0,0,0,0,0,0,0,1
0.6718464351005484,1,0,1,9,0,0,0,0,1,0,0,0,0
0.22394881170018277,1,0,2,12,0,0,0,0,0,1,0,0,0
0.4478976234003657,1,0,2,14,0,0,1,0,0,0,0,0,0
0.4478976234003657,1,0,2,14,0,0,1,0,0,0,0,0,0
0.4478976234003657,1,0,3,18,0,0,1,0,0,0,0,0,0
0.6718464351005484,1,0,3,19,0,0,0,0,0,0,0,0,1
0.4478976234003657,1,0,3,19,0,0,1,0,0,0,0,0,0
0.4478976234003657,2,0,1,11,0,0,1,0,0,0,0,0,0
0.6718464351005484,2,0,1,11,0,0,0,0,0,0,0,0,1
0.22394881170018277,2,0,1,11,0,1,0,0,0,0,0,0,0
0.4478976234003657,2,0,1,11,0,0,1,0,0,0,0,0,0
0.6718464351005484,2,0,2,12,0,0,0,0,0,0,0,0,1
0.6718464351005484,2,0,2,13,0,0,0,0,0,0,0,0,1
0.4478976234003657,2,0,2,13,0,0,1,0,0,0,0,0,0
0.6718464351005484,2,0,3,18,0,0,0,1,0,0,0,0,0
0.4478976234003657,2,0,3,19,0,0,1,0,0,0,0,0,0
0.6718464351005484,2,0,3,21,0,0,0,0,0,0,0,0,1
0.4478976234003657,3,0,1,9,0,0,1,0,0,0,0,0,0
0.4478976234003657,3,0,1,10,0,0,1,0,0,0,0,0,0
0.22394881170018277,3,0,1,11,0,1,0,0,0,0,0,0,0
0.6718464351005484,3,0,2,14,0,0,0,0,0,0,0,0,1
0.6718464351005484,3,0,2,15,0,0,0,0,0,0,0,0,1
0.22394881170018277,3,0,2,16,0,1,0,0,0,0,0,0,0
0.4478976234003657,3,0,2,16,0,0,1,0,0,0,0,0,0
0.6718464351005484,3,0,2,17,0,0,0,1,0,0,0,0,0
0.6718464351005484,3,0,2,17,0,0,0,1,0,0,0,0,0
0.6718464351005484,3,0,3,20,0,0,0,1,0,0,0,0,0
0.22394881170018277,3,0,3,20,0,1,0,0,0,0,0,0,0
0.6718464351005484,3,0,3,20,0,0,0,1,0,0,0,0,0
0.4478976234003657,3,0,3,21,0,0,1,0,0,0,0,0,0
0.4478976234003657,3,0,3,21,0,0,1,0,0,0,0,0,0
0.6718464351005484,4,0,1,8,0,0,0,1,0,0,0,0,0
0.6718464351005484,4,0,1,8,0,0,0,0,0,0,0,0,1
0.22394881170018277,4,0,1,8,0,1,0,0,0,0,0,0,0
0.0,4,0,1,9,0,0,0,0,0,0,1,0,0
0.6718464351005484,4,0,1,9,0,0,0,0,0,0,0,0,1
0.6718464351005484,4,0,1,10,0,0,0,0,0,0,0,1,0
0.0,4,0,1,11,0,0,0,0,0,0,1,0,0
0.0,4,0,1,11,0,0,0,0,0,0,1,0,0
0.6718464351005484,4,0,3,20,0,0,0,0,0,0,0,0,1
0.6718464351005484,4,0,3,21,0,0,0,0,0,0,0,0,1
0.6718464351005484,5,1,1,8,0,0,0,0,0,0,0,0,1
0.22394881170018277,5,1,1,9,0,0,0,0,0,1,0,0,0
0.22394881170018277,5,1,1,9,0,0,0,0,0,1,0,0,0
0.22394881170018277,5,1,1,9,0,0,0,0,0,1,0,0,0
0.4478976234003657,5,1,1,9,0,0,1,0,0,0,0,0,0
0.4478976234003657,5,1,1,9,0,0,1,0,0,0,0,0,0
0.22394881170018277,5,1,1,10,0,0,0,0,0,1,0,0,0
0.22394881170018277,5,1,1,10,0,1,0,0,0,0,0,0,0
0.0,5,1,1,10,0,0,0,0,0,0,1,0,0
0.0,5,1,1,10,0,0,0,0,0,0,1,0,0
0.6718464351005484,5,1,1,10,0,0,0,0,0,0,0,0,1
0.4478976234003657,5,1,1,11,0,0,1,0,0,0,0,0,0
0.22394881170018277,5,1,1,11,0,1,0,0,0,0,0,0,0
0.0,5,1,1,11,0,0,0,0,0,0,1,0,0
0.6718464351005484,5,1,2,15,0,0,0,0,0,0,0,0,1
0.22394881170018277,5,1,2,16,0,1,0,0,0,0,0,0,0
0.0,5,1,2,16,0,0,0,0,0,0,1,0,0
0.6718464351005484,5,1,3,19,0,0,0,0,1,0,0,0,0
0.6718464351005484,5,1,3,19,0,0,0,0,0,0,0,0,1
0.6718464351005484,5,1,3,19,0,0,0,0,0,0,0,0,1
0.6718464351005484,5,1,3,20,0,0,0,0,0,0,0,0,1
0.6718464351005484,5,1,3,20,0,0,0,0,0,0,0,0,1
0.22394881170018277,6,1,1,8,0,0,0,0,0,1,0,0,0
0.22394881170018277,6,1,1,9,0,0,0,0,0,1,0,0,0
0.22394881170018277,6,1,1,9,0,0,0,0,0,1,0,0,0
0.22394881170018277,6,1,1,10,0,0,0,0,0,1,0,0,0
0.22394881170018277,6,1,2,12,0,0,0,0,0,1,0,0,0
0.22394881170018277,6,1,3,20,0,1,0,0,0,0,0,0,0
0.6718464351005484,0,0,1,7,0,0,0,0,0,0,0,0,1
0.6718464351005484,0,0,1,7,0,0,0,1,0,0,0,0,0
0.4478976234003657,0,0,1,7,0,0,1,0,0,0,0,0,0
0.6718464351005484,0,0,1,7,0,0,0,0,0,0,0,0,1
0.6718464351005484,0,0,1,9,0,0,0,0,0,0,0,0,1
0.6718464351005484,0,0,1,9,0,0,0,0,0,0,0,1,0
0.6718464351005484,0,0,1,9,0,0,0,0,0,0,0,0,1
0.4478976234003657,0,0,1,11,0,0,1,0,0,0,0,0,0
0.4478976234003657,0,0,1,11,0,0,1,0,0,0,0,0,0
0.6718464351005484,0,0,1,11,0,0,0,0,0,0,0,0,1
0.0,0,0,2,12,0,0,0,0,0,0,1,0,0
0.6718464351005484,0,0,2,15,0,0,0,0,0,0,0,0,1
0.22394881170018277,0,0,2,15,0,1,0,0,0,0,0,0,0
0.6718464351005484,0,0,2,17,0,0,0,0,0,0,0,0,1
0.6718464351005484,0,0,3,18,0,0,0,0,0,0,0,0,1
0.6718464351005484,0,0,3,20,0,0,0,1,0,0,0,0,0
0.6718464351005484,0,0,3,20,0,0,0,0,0,0,0,0,1
0.6718464351005484,1,0,1,8,0,0,0,0,0,0,0,1,0
0.6718464351005484,1,0,1,9,0,0,0,1,0,0,0,0,0
0.22394881170018277,1,0,2,15,0,0,0,0,0,1,0,0,0
0.22394881170018277,1,0,2,15,0,0,0,0,0,1,0,0,0
0.6718464351005484,1,0,3,18,0,0,0,1,0,0,0,0,0
0.4478976234003657,1,0,3,18,0,0,1,0,0,0,0,0,0
0.6718464351005484,1,0,3,19,0,0,0,0,0,0,0,0,1
0.6718464351005484,1,0,3,19,0,0,0,0,0,0,0,0,1
0.4478976234003657,1,0,3,21,0,0,1,0,0,0,0,0,0
0.22394881170018277,1,0,3,21,0,1,0,0,0,0,0,0,0
0.6718464351005484,2,0,1,8,0,0,0,0,0,0,0,0,1
0.4478976234003657,2,0,1,9,0,0,1,0,0,0,0,0,0
0.6718464351005484,2,0,1,10,0,0,0,0,0,0,0,0,1
0.6718464351005484,2,0,3,19,0,0,0,1,0,0,0,0,0
0.4478976234003657,2,0,3,20,0,0,1,0,0,0,0,0,0
0.6718464351005484,2,0,3,20,0,0,0,0,0,0,0,0,1
0.6718464351005484,2,0,3,20,0,0,0,0,0,0,0,0,1
0.22394881170018277,2,0,3,21,0,0,0,0,0,1,0,0,0
0.0,3,0,1,10,0,0,0,0,0,0,1,0,0
0.4478976234003657,3,0,1,10,0,0,1,0,0,0,0,0,0
0.4478976234003657,3,0,1,11,0,0,1,0,0,0,0,0,0
0.6718464351005484,3,0,2,12,0,0,0,1,0,0,0,0,0
0.22394881170018277,3,0,2,12,0,0,0,0,0,1,0,0,0
0.22394881170018277,3,0,2,12,0,0,0,0,0,1,0,0,0
0.22394881170018277,3,0,2,12,0,0,0,0,0,1,0,0,0
0.22394881170018277,3,0,2,12,0,0,0,0,0,1,0,0,0
0.6718464351005484,3,0,2,17,0,0,0,0,0,0,0,0,1
0.22394881170018277,3,0,3,21,0,1,0,0,0,0,0,0,0
0.6718464351005484,3,0,3,21,0,0,0,1,0,0,0,0,0
0.22394881170018277,3,0,3,21,0,0,0,0,0,1,0,0,0
0.6718464351005484,4,0,1,7,0,0,0,0,0,0,0,0,1
0.6718464351005484,4,0,1,8,0,0,0,0,0,0,0,0,1
0.6718464351005484,4,0,1,8,0,0,0,0,0,0,0,0,1
0.6718464351005484,4,0,1,9,0,0,0,0,0,0,0,0,1
0.4478976234003657,4,0,2,15,0,0,1,0,0,0,0,0,0
0.4478976234003657,4,0,2,15,0,0,1,0,0,0,0,0,0
0.6718464351005484,5,1,2,16,0,0,0,1,0,0,0,0,0
0.6718464351005484,5,1,2,16,0,0,0,1,0,0,0,0,0
0.0,6,1,1,8,0,0,0,0,0,0,1,0,0
0.4478976234003657,6,1,1,9,0,0,1,0,0,0,0,0,0
0.22394881170018277,6,1,2,13,0,1,0,0,0,0,0,0,0
0.22394881170018277,6,1,2,14,0,0,0,0,0,1,0,0,0
0.22394881170018277,6,1,2,14,0,0,0,0,0,1,0,0,0
0.6718464351005484,6,1,2,14,0,0,0,1,0,0,0,0,0
0.6718464351005484,0,0,2,13,0,0,0,0,0,0,0,0,1
0.4478976234003657,0,0,2,13,0,0,1,0,0,0,0,0,0
0.6718464351005484,0,0,2,15,0,0,0,0,0,0,0,0,1
0.4478976234003657,0,0,2,17,0,0,1,0,0,0,0,0,0
0.6718464351005484,0,0,2,17,0,0,0,0,0,0,0,0,1
0.6718464351005484,0,0,3,18,0,0,0,0,0,0,0,0,1
0.6718464351005484,0,0,3,18,0,0,0,0,0,0,0,0,1
0.4478976234003657,0,0,3,21,0,0,1,0,0,0,0,0,0
0.6718464351005484,0,0,3,21,0,0,0,0,0,0,0,0,1
0.4478976234003657,0,0,3,21,0,0,1,0,0,0,0,0,0
0.4478976234003657,0,0,3,21,0,0,1,0,0,0,0,0,0
0.22394881170018277,1,0,1,7,0,0,0,0,0,1,0,0,0
0.6718464351005484,1,0,1,8,0,0,0,0,0,0,0,0,1
0.4478976234003657,1,0,1,8,0,0,1,0,0,0,0,0,0
0.22394881170018277,1,0,1,8,0,0,0,0,0,1,0,0,0
0.6718464351005484,1,0,1,9,0,0,0,1,0,0,0,0,0
0.4478976234003657,1,0,1,9,0,0,1,0,0,0,0,0,0
0.4478976234003657,1,0,1,9,0,0,1,0,0,0,0,0,0
0.0,1,0,2,12,0,0,0,0,0,0,1,0,0
0.4478976234003657,1,0,2,12,0,0,1,0,0,0,0,0,0
0.6718464351005484,1,0,2,12,0,0,0,0,0,0,0,0,1
0.4478976234003657,1,0,2,13,0,0,1,0,0,0,0,0,0
0.22394881170018277,1,0,2,13,0,0,0,0,0,1,0,0,0
0.6718464351005484,1,0,2,16,0,0,0,1,0,0,0,0,0
0.6718464351005484,1,0,2,16,0,0,0,0,0,0,0,0,1
0.6718464351005484,1,0,3,18,0,0,0,0,0,0,0,1,0
0.4478976234003657,1,0,3,19,0,0,1,0,0,0,0,0,0
0.4478976234003657,1,0,3,19,0,0,1,0,0,0,0,0,0
0.6718464351005484,1,0,3,19,0,0,0,0,0,0,0,0,1
0.4478976234003657,1,0,3,19,0,0,1,0,0,0,0,0,0
0.4478976234003657,1,0,3,19,0,0,1,0,0,0,0,0,0
0.4478976234003657,1,0,3,19,0,0,1,0,0,0,0,0,0
0.6718464351005484,1,0,3,22,0,0,0,0,0,0,0,1,0
0.6718464351005484,1,0,3,22,0,0,0,0,0,0,0,1,0
0.6718464351005484,2,0,2,14,0,0,0,0,0,0,0,0,1
0.6718464351005484,2,0,2,17,0,0,0,0,0,0,0,0,1
0.4478976234003657,2,0,3,21,0,0,1,0,0,0,0,0,0
0.4478976234003657,2,0,3,21,0,0,1,0,0,0,0,0,0
0.4478976234003657,3,0,1,8,0,0,1,0,0,0,0,0,0
0.22394881170018277,3,0,1,8,0,0,0,0,0,1,0,0,0
0.6718464351005484,3,0,1,10,0,0,0,0,0,0,0,0,1
0.22394881170018277,3,0,2,12,0,1,0,0,0,0,0,0,0
0.4478976234003657,3,0,2,13,0,0,1,0,0,0,0,0,0
0.22394881170018277,3,0,2,13,0,0,0,0,0,1,0,0,0
0.4478976234003657,4,0,1,8,0,0,1,0,0,0,0,0,0
0.4478976234003657,4,0,1,9,0,0,1,0,0,0,0,0,0
0.4478976234003657,4,0,2,13,0,0,1,0,0,0,0,0,0
0.6718464351005484,4,0,2,16,0,0,0,0,0,0,0,0,1
0.22394881170018277,4,0,3,20,0,1,0,0,0,0,0,0,0
0.4478976234003657,4,0,3,21,0,0,1,0,0,0,0,0,0
0.4478976234003657,4,0,3,21,0,0,1,0,0,0,0,0,0
0.6718464351005484,5,1,1,11,0,0,0,0,0,0,0,0,1
0.6718464351005484,5,1,1,11,0,0,0,0,1,0,0,0,0
0.22394881170018277,5,1,1,11,0,0,0,0,0,1,0,0,0
0.22394881170018277,5,1,1,11,0,0,0,0,0,1,0,0,0
0.6718464351005484,5,1,2,15,0,0,0,1,0,0,0,0,0
0.6718464351005484,5,1,2,15,0,0,0,0,0,0,0,0,1
0.6718464351005484,5,1,3,18,0,0,0,0,0,0,0,0,1
0.6718464351005484,5,1,3,18,0,0,0,0,0,0,0,0,1
0.22394881170018277,5,1,3,20,0,1,0,0,0,0,0,0,0
0.22394881170018277,5,1,3,20,0,1,0,0,0,0,0,0,0
0.6718464351005484,5,1,3,20,0,0,0,0,0,0,0,0,1
0.6718464351005484,5,1,3,20,0,0,0,0,0,0,0,0,1
0.4478976234003657,5,1,3,22,0,0,1,0,0,0,0,0,0
0.22394881170018277,5,1,3,22,0,1,0,0,0,0,0,0,0
0.22394881170018277,5,1,3,22,0,1,0,0,0,0,0,0,0
0.22394881170018277,6,1,1,8,0,1,0,0,0,0,0,0,0
0.4478976234003657,6,1,1,10,0,0,1,0,0,0,0,0,0
0.6718464351005484,6,1,1,10,0,0,0,0,0,0,0,0,1
0.22394881170018277,6,1,1,11,0,0,0,0,0,1,0,0,0
0.22394881170018277,6,1,1,11,0,0,0,0,0,1,0,0,0
0.4478976234003657,6,1,1,11,0,0,1,0,0,0,0,0,0
0.22394881170018277,6,1,1,11,0,1,0,0,0,0,0,0,0
0.4478976234003657,6,1,2,12,0,0,1,0,0,0,0,0,0
0.4478976234003657,6,1,2,13,0,0,1,0,0,0,0,0,0
0.4478976234003657,6,1,2,13,0,0,1,0,0,0,0,0,0
0.4478976234003657,6,1,2,13,0,0,1,0,0,0,0,0,0
0.6718464351005484,6,1,2,15,0,0,0,0,0,0,0,0,1
0.4478976234003657,6,1,2,15,0,0,1,0,0,0,0,0,0
0.6718464351005484,6,1,2,16,0,0,0,0,1,0,0,0,0
0.6718464351005484,6,1,3,20,0,0,0,0,0,0,0,0,1
0.6718464351005484,6,1,3,20,0,0,0,1,0,0,0,0,0
0.4478976234003657,6,1,3,20,0,0,1,0,0,0,0,0,0
0.4478976234003657,6,1,3,20,0,0,1,0,0,0,0,0,0
0.4478976234003657,6,1,3,21,0,0,1,0,0,0,0,0,0
0.4478976234003657,6,1,3,21,0,0,1,0,0,0,0,0,0
0.6718464351005484,6,1,3,21,0,0,0,0,0,0,0,1,0
0.6718464351005484,6,1,3,21,0,0,0,0,0,0,0,1,0
0.22394881170018277,6,1,3,22,0,1,0,0,0,0,0,0,0
0.4478976234003657,6,1,3,22,0,0,1,0,0,0,0,0,0
0.4478976234003657,0,0,1,9,0,0,1,0,0,0,0,0,0
0.22394881170018277,0,0,1,10,0,0,0,0,0,1,0,0,0
0.22394881170018277,0,0,2,12,0,1,0,0,0,0,0,0,0
0.4478976234003657,0,0,2,14,0,0,1,0,0,0,0,0,0
0.6718464351005484,0,0,2,17,0,0,0,1,0,0,0,0,0
0.22394881170018277,0,0,3,18,0,1,0,0,0,0,0,0,0
0.6718464351005484,0,0,3,19,0,0,0,0,0,0,0,0,1
0.6718464351005484,0,0,3,20,0,0,0,1,0,0,0,0,0
0.4478976234003657,0,0,3,22,0,0,1,0,0,0,0,0,0
0.4478976234003657,0,0,3,22,0,0,1,0,0,0,0,0,0
0.4478976234003657,1,0,1,8,0,0,1,0,0,0,0,0,0
0.6718464351005484,1,0,2,12,0,0,0,0,0,0,0,0,1
0.6718464351005484,1,0,2,12,0,0,0,0,0,0,0,0,1
0.6718464351005484,1,0,2,12,0,0,0,0,0,0,0,0,1
0.6718464351005484,1,0,2,12,0,0,0,0,0,0,0,0,1
0.6718464351005484,1,0,2,14,0,0,0,0,0,0,0,0,1
0.22394881170018277,1,0,2,14,0,0,0,0,0,1,0,0,0
0.6718464351005484,1,0,2,15,0,0,0,1,0,0,0,0,0
0.6718464351005484,1,0,2,16,0,0,0,0,0,0,0,0,1
0.22394881170018277,1,0,3,18,0,1,0,0,0,0,0,0,0
0.22394881170018277,1,0,3,18,0,1,0,0,0,0,0,0,0
0.6718464351005484,1,0,3,20,0,0,0,0,0,0,0,1,0
0.6718464351005484,1,0,3,21,0,0,0,0,0,0,0,0,1
0.4478976234003657,1,0,3,21,0,0,1,0,0,0,0,0,0
0.4478976234003657,1,0,3,21,0,0,1,0,0,0,0,0,0
0.6718464351005484,2,0,1,7,0,0,0,1,0,0,0,0,0
0.22394881170018277,2,0,1,11,0,0,0,0,0,1,0,0,0
0.4478976234003657,2,0,1,11,0,0,1,0,0,0,0,0,0
0.6718464351005484,2,0,1,11,0,0,0,0,0,0,0,0,1
0.4478976234003657,2,0,2,13,0,0,1,0,0,0,0,0,0
0.4478976234003657,2,0,2,13,0,0,1,0,0,0,0,0,0
0.4478976234003657,2,0,2,17,0,0,1,0,0,0,0,0,0
0.4478976234003657,2,0,2,17,0,0,1,0,0,0,0,0,0
0.22394881170018277,2,0,3,21,0,1,0,0,0,0,0,0,0
0.4478976234003657,2,0,3,22,0,0,1,0,0,0,0,0,0
0.6718464351005484,3,0,1,8,0,0,0,0,0,0,0,0,1
0.4478976234003657,3,0,1,10,0,0,1,0,0,0,0,0,0
0.0,3,0,1,10,0,0,0,0,0,0,1,0,0
0.6718464351005484,3,0,1,11,0,0,0,1,0,0,0,0,0
0.6718464351005484,3,0,2,12,0,0,0,0,0,0,0,0,1
0.6718464351005484,3,0,3,18,0,0,0,0,0,0,0,0,1
0.6718464351005484,3,0,3,22,0,0,0,0,0,0,0,0,1
0.22394881170018277,3,0,3,22,0,0,0,0,0,1,0,0,0
0.4478976234003657,3,0,3,22,0,0,1,0,0,0,0,0,0
0.4478976234003657,4,0,1,9,0,0,1,0,0,0,0,0,0
0.22394881170018277,4,0,1,9,0,0,0,0,0,1,0,0,0
0.6718464351005484,4,0,1,9,0,0,0,1,0,0,0,0,0
0.4478976234003657,4,0,1,10,0,0,1,0,0,0,0,0,0
0.4478976234003657,4,0,1,11,0,0,1,0,0,0,0,0,0
0.6718464351005484,4,0,2,13,0,0,0,1,0,0,0,0,0
0.6718464351005484,4,0,2,13,0,0,0,1,0,0,0,0,0
0.22394881170018277,4,0,2,13,0,1,0,0,0,0,0,0,0
0.4478976234003657,4,0,2,13,0,0,1,0,0,0,0,0,0
0.6718464351005484,4,0,3,18,0,0,0,0,0,0,0,0,1
0.6718464351005484,4,0,3,18,0,0,0,0,0,0,0,0,1
0.6718464351005484,4,0,3,18,0,0,0,1,0,0,0,0,0
0.6718464351005484,4,0,3,18,0,0,0,1,0,0,0,0,0
0.6718464351005484,4,0,3,20,0,0,0,1,0,0,0,0,0
0.6718464351005484,4,0,3,20,0,0,0,1,0,0,0,0,0
0.4478976234003657,4,0,3,20,0,0,1,0,0,0,0,0,0
0.4478976234003657,5,1,1,8,0,0,1,0,0,0,0,0,0
0.4478976234003657,5,1,1,9,0,0,1,0,0,0,0,0,0
0.8062157221206581,5,1,2,14,0,0,0,0,0,0,0,0,1
0.8062157221206581,5,1,2,16,0,0,0,0,0,0,0,0,1
0.5822669104204753,5,1,2,17,0,0,1,0,0,0,0,0,0
0.8062157221206581,5,1,3,20,0,0,0,0,0,0,0,0,1
0.8062157221206581,5,1,3,20,0,0,0,0,0,0,0,0,1
0.8062157221206581,5,1,3,22,0,0,0,1,0,0,0,0,0
0.8062157221206581,5,1,3,22,0,0,0,0,1,0,0,0,0
0.3583180987202925,5,1,3,22,0,0,0,0,0,1,0,0,0
0.8062157221206581,5,1,3,22,0,0,0,0,0,0,0,1,0
0.3583180987202925,6,1,1,10,0,1,0,0,0,0,0,0,0
0.8062157221206581,6,1,1,10,0,0,0,1,0,0,0,0,0
0.8062157221206581,6,1,1,10,0,0,0,1,0,0,0,0,0
0.8062157221206581,6,1,1,10,0,0,0,1,0,0,0,0,0
0.5822669104204753,6,1,1,10,0,0,1,0,0,0,0,0,0
0.8062157221206581,6,1,2,12,0,0,0,0,0,0,0,0,1
0.3583180987202925,6,1,2,12,0,0,0,0,0,1,0,0,0
0.8062157221206581,6,1,2,12,0,0,0,0,0,0,0,0,1
0.8062157221206581,6,1,2,12,0,0,0,0,0,0,0,0,1
0.8062157221206581,6,1,3,18,0,0,0,1,0,0,0,0,0
0.8062157221206581,6,1,3,22,0,0,0,0,0,0,0,0,1
0.3583180987202925,0,0,1,8,0,0,0,0,0,1,0,0,0
0.3583180987202925,0,0,1,8,0,0,0,0,0,1,0,0,0
0.8062157221206581,0,0,1,9,0,0,0,0,0,0,0,1,0
0.5822669104204753,0,0,1,10,0,0,1,0,0,0,0,0,0
0.3583180987202925,0,0,1,10,0,0,0,0,0,1,0,0,0
0.5822669104204753,0,0,1,11,0,0,1,0,0,0,0,0,0
0.5822669104204753,0,0,2,16,0,0,1,0,0,0,0,0,0
0.8062157221206581,0,0,3,19,0,0,0,0,0,0,0,0,1
0.5822669104204753,0,0,3,19,0,0,1,0,0,0,0,0,0
0.3583180987202925,0,0,3,19,0,0,0,0,0,1,0,0,0
0.8062157221206581,0,0,3,19,0,0,0,0,0,0,0,0,1
0.5822669104204753,0,0,3,20,0,0,1,0,0,0,0,0,0
0.5822669104204753,0,0,3,20,0,0,1,0,0,0,0,0,0
0.5822669104204753,0,0,3,21,0,0,1,0,0,0,0,0,0
0.8062157221206581,1,0,1,7,0,0,0,0,0,0,0,0,1
0.5822669104204753,1,0,1,9,0,0,1,0,0,0,0,0,0
0.5822669104204753,1,0,1,10,0,0,1,0,0,0,0,0,0
0.5822669104204753,1,0,1,10,0,0,1,0,0,0,0,0,0
0.5822669104204753,1,0,1,11,0,0,1,0,0,0,0,0,0
0.5822669104204753,1,0,2,12,0,0,1,0,0,0,0,0,0
0.5822669104204753,1,0,2,12,0,0,1,0,0,0,0,0,0
0.3583180987202925,1,0,2,14,0,1,0,0,0,0,0,0,0
0.5822669104204753,1,0,2,14,0,0,1,0,0,0,0,0,0
0.8062157221206581,1,0,2,16,0,0,0,0,0,0,0,1,0
0.3583180987202925,1,0,2,16,0,1,0,0,0,0,0,0,0
0.8062157221206581,1,0,3,18,0,0,0,0,0,0,0,0,1
0.8062157221206581,1,0,3,18,0,0,0,0,0,0,0,0,1
0.8062157221206581,1,0,3,18,0,0,0,0,0,0,0,1,0
0.8062157221206581,1,0,3,20,0,0,0,0,0,0,0,1,0
0.8062157221206581,2,0,1,7,0,0,0,0,0,0,0,0,1
0.3583180987202925,2,0,1,8,0,0,0,0,0,1,0,0,0
0.5822669104204753,2,0,1,9,0,0,1,0,0,0,0,0,0
0.8062157221206581,2,0,1,10,0,0,0,0,0,0,0,0,1
0.5822669104204753,2,0,1,10,0,0,1,0,0,0,0,0,0
0.8062157221206581,2,0,1,11,0,0,0,1,0,0,0,0,0
0.8062157221206581,2,0,2,15,0,0,0,1,0,0,0,0,0
0.8062157221206581,2,0,3,18,0,0,0,0,0,0,0,1,0
0.8062157221206581,2,0,3,22,0,0,0,0,0,0,0,1,0
0.8062157221206581,2,0,3,22,0,0,0,0,0,0,0,1,0
0.8062157221206581,2,0,3,22,0,0,0,0,0,0,0,1,0
0.8062157221206581,3,0,2,13,0,0,0,0,1,0,0,0,0
0.5822669104204753,3,0,2,15,0,0,1,0,0,0,0,0,0
0.3583180987202925,3,0,3,20,0,0,0,0,0,1,0,0,0
0.8062157221206581,3,0,3,20,0,0,0,0,0,0,0,1,0
0.8062157221206581,3,0,3,21,0,0,0,0,0,0,0,1,0
0.8062157221206581,3,0,3,21,0,0,0,0,0,0,0,1,0
0.8062157221206581,3,0,3,21,0,0,0,1,0,0,0,0,0
0.8062157221206581,3,0,3,21,0,0,0,0,0,0,0,1,0
0.3583180987202925,4,0,1,8,0,1,0,0,0,0,0,0,0
0.3583180987202925,4,0,1,8,0,1,0,0,0,0,0,0,0
0.5822669104204753,4,0,1,9,0,0,1,0,0,0,0,0,0
0.3583180987202925,4,0,1,9,0,1,0,0,0,0,0,0,0
0.3583180987202925,4,0,1,9,0,0,0,0,0,1,0,0,0
0.3583180987202925,4,0,1,9,0,0,0,0,0,1,0,0,0
0.8062157221206581,4,0,2,17,0,0,0,0,0,0,0,0,1
0.8062157221206581,4,0,2,17,0,0,0,0,0,0,0,1,0
0.8062157221206581,4,0,2,17,0,0,0,0,1,0,0,0,0
0.3583180987202925,5,1,1,9,0,0,0,0,0,1,0,0,0
0.3583180987202925,5,1,1,9,0,0,0,0,0,1,0,0,0
0.8062157221206581,5,1,1,9,0,0,0,0,1,0,0,0,0
0.8062157221206581,5,1,2,13,0,0,0,1,0,0,0,0,0
0.3583180987202925,5,1,3,20,0,1,0,0,0,0,0,0,0
0.3583180987202925,5,1,3,20,0,1,0,0,0,0,0,0,0
0.3583180987202925,6,1,1,8,0,0,0,0,0,1,0,0,0
0.8062157221206581,6,1,1,10,0,0,0,1,0,0,0,0,0
0.3583180987202925,6,1,1,10,0,0,0,0,0,1,0,0,0
0.8062157221206581,6,1,1,11,0,0,0,0,0,0,0,0,1
0.8062157221206581,6,1,2,12,0,0,0,0,0,0,0,0,1
0.8062157221206581,6,1,2,12,0,0,0,1,0,0,0,0,0
0.5822669104204753,6,1,2,12,0,0,1,0,0,0,0,0,0
0.3583180987202925,6,1,2,13,0,1,0,0,0,0,0,0,0
0.8062157221206581,6,1,2,13,0,0,0,1,0,0,0,0,0
0.5822669104204753,6,1,2,13,0,0,1,0,0,0,0,0,0
0.8062157221206581,6,1,2,13,0,0,0,0,0,0,0,0,1
0.8062157221206581,6,1,2,13,0,0,0,1,0,0,0,0,0
0.8062157221206581,6,1,2,16,0,0,0,1,0,0,0,0,0
0.13436928702010958,6,1,2,16,0,0,0,0,0,0,1,0,0
0.5822669104204753,6,1,3,18,0,0,1,0,0,0,0,0,0
0.8062157221206581,6,1,3,18,0,0,0,0,0,0,0,1,0
0.8062157221206581,6,1,3,21,0,0,0,0,0,0,0,1,0
0.8062157221206581,6,1,3,21,0,0,0,0,0,0,0,1,0
0.8062157221206581,6,1,3,21,0,0,0,0,0,0,0,1,0
0.8062157221206581,6,1,3,21,0,0,0,0,0,0,0,0,1
0.8062157221206581,0,0,1,8,0,0,0,0,0,0,0,0,1
0.8062157221206581,0,0,1,8,0,0,0,0,0,0,0,0,1
0.5822669104204753,0,0,1,8,0,0,1,0,0,0,0,0,0
0.8062157221206581,0,0,1,9,0,0,0,0,1,0,0,0,0
0.8062157221206581,0,0,1,9,0,0,0,0,0,0,0,0,1
0.5822669104204753,0,0,2,12,0,0,1,0,0,0,0,0,0
0.3583180987202925,0,0,2,14,0,1,0,0,0,0,0,0,0
0.3583180987202925,0,0,2,14,0,1,0,0,0,0,0,0,0
0.8062157221206581,0,0,2,17,0,0,0,0,0,0,0,0,1
0.8062157221206581,0,0,3,21,0,0,0,0,0,0,0,1,0
0.8062157221206581,0,0,3,21,0,0,0,0,0,0,0,1,0
0.8062157221206581,0,0,3,21,0,0,0,0,0,0,0,0,1
0.8062157221206581,1,0,1,8,0,0,0,0,0,0,0,0,1
0.5822669104204753,1,0,1,9,0,0,1,0,0,0,0,0,0
0.3583180987202925,1,0,1,10,0,1,0,0,0,0,0,0,0
0.8062157221206581,1,0,1,10,0,0,0,0,0,0,0,0,1
0.8062157221206581,1,0,1,11,0,0,0,0,0,0,0,0,1
0.3583180987202925,1,0,2,12,0,1,0,0,0,0,0,0,0
0.3583180987202925,1,0,2,12,0,1,0,0,0,0,0,0,0
0.8062157221206581,1,0,2,13,0,0,0,0,0,0,0,0,1
0.8062157221206581,1,0,2,13,0,0,0,0,0,0,0,0,1
0.8062157221206581,1,0,2,14,0,0,0,0,0,0,0,0,1
0.8062157221206581,1,0,2,15,0,0,0,0,0,0,0,0,1
0.3583180987202925,1,0,2,15,0,1,0,0,0,0,0,0,0
0.5822669104204753,1,0,2,15,0,0,1,0,0,0,0,0,0
0.8062157221206581,1,0,3,20,0,0,0,0,0,0,0,1,0
0.8062157221206581,1,0,3,20,0,0,0,1,0,0,0,0,0
0.8062157221206581,1,0,3,20,0,0,0,0,0,0,0,0,1
0.5822669104204753,1,0,3,21,0,0,1,0,0,0,0,0,0
0.5822669104204753,1,0,3,21,0,0,1,0,0,0,0,0,0
0.8062157221206581,2,0,1,7,0,0,0,0,0,0,0,0,1
0.5822669104204753,2,0,1,8,0,0,1,0,0,0,0,0,0
0.5822669104204753,2,0,1,9,0,0,1,0,0,0,0,0,0
0.8062157221206581,2,0,1,9,0,0,0,0,0,0,0,0,1
0.13436928702010958,2,0,1,10,0,0,0,0,0,0,1,0,0
0.3583180987202925,2,0,1,11,0,1,0,0,0,0,0,0,0
0.8062157221206581,2,0,2,13,0,0,0,0,0,0,0,0,1
0.5822669104204753,2,0,2,13,0,0,1,0,0,0,0,0,0
0.8062157221206581,2,0,2,17,0,0,0,1,0,0,0,0,0
0.3583180987202925,2,0,2,17,0,1,0,0,0,0,0,0,0
0.13436928702010958,2,0,2,17,0,0,0,0,0,0,1,0,0
0.8062157221206581,2,0,3,20,0,0,0,1,0,0,0,0,0
0.3583180987202925,3,0,1,8,0,1,0,0,0,0,0,0,0
0.5822669104204753,3,0,1,9,0,0,1,0,0,0,0,0,0
0.8062157221206581,3,0,1,9,0,0,0,0,0,0,0,1,0
0.8062157221206581,3,0,1,10,0,0,0,0,0,0,0,0,1
0.3583180987202925,3,0,1,10,0,0,0,0,0,1,0,0,0
0.3583180987202925,3,0,1,10,0,0,0,0,0,1,0,0,0
0.8062157221206581,3,0,1,10,0,0,0,0,0,0,0,0,1
0.8062157221206581,3,0,1,11,0,0,0,0,0,0,0,0,1
0.8062157221206581,3,0,2,15,0,0,0,1,0,0,0,0,0
0.8062157221206581,3,0,2,17,0,0,0,0,0,0,0,0,1
0.3583180987202925,3,0,3,18,0,1,0,0,0,0,0,0,0
0.5822669104204753,3,0,3,18,0,0,1,0,0,0,0,0,0
0.8062157221206581,3,0,3,18,0,0,0,0,0,0,0,0,1
0.8062157221206581,3,0,3,22,0,0,0,0,0,0,0,1,0
0.8062157221206581,3,0,3,22,0,0,0,0,0,0,0,1,0
0.5822669104204753,4,0,1,7,0,0,1,0,0,0,0,0,0
0.8062157221206581,4,0,1,8,0,0,0,0,0,0,0,0,1
0.3583180987202925,4,0,1,8,0,0,0,0,0,1,0,0,0
0.8062157221206581,4,0,1,8,0,0,0,0,0,0,0,0,1
0.8062157221206581,4,0,1,8,0,0,0,0,1,0,0,0,0
0.8062157221206581,4,0,1,8,0,0,0,0,1,0,0,0,0
0.5822669104204753,4,0,1,8,0,0,1,0,0,0,0,0,0
0.8062157221206581,4,0,1,8,0,0,0,0,0,0,0,1,0
0.5822669104204753,4,0,1,9,0,0,1,0,0,0,0,0,0
0.3583180987202925,4,0,1,9,0,0,0,0,0,1,0,0,0
0.3583180987202925,4,0,1,10,0,1,0,0,0,0,0,0,0
0.3583180987202925,4,0,1,10,0,1,0,0,0,0,0,0,0
0.5822669104204753,4,0,1,10,0,0,1,0,0,0,0,0,0
0.8062157221206581,4,0,2,13,0,0,0,0,0,0,0,0,1
0.3583180987202925,4,0,2,13,0,1,0,0,0,0,0,0,0
0.3583180987202925,4,0,2,13,0,1,0,0,0,0,0,0,0
0.8062157221206581,4,0,2,14,0,0,0,0,1,0,0,0,0
0.3583180987202925,4,0,2,14,0,1,0,0,0,0,0,0,0
0.8062157221206581,4,0,2,14,0,0,0,1,0,0,0,0,0
0.8062157221206581,4,0,2,17,0,0,0,0,0,0,0,0,1
0.8062157221206581,4,0,2,17,0,0,0,0,0,0,0,1,0
0.8062157221206581,4,0,2,17,0,0,0,0,0,0,0,1,0
0.8062157221206581,4,0,3,21,0,0,0,0,0,0,0,0,1
0.5822669104204753,4,0,3,21,0,0,1,0,0,0,0,0,0
0.8062157221206581,4,0,3,22,0,0,0,0,0,0,0,1,0
0.8062157221206581,4,0,3,22,0,0,0,0,0,0,0,1,0
0.3583180987202925,5,1,1,8,0,0,0,0,0,1,0,0,0
0.3583180987202925,5,1,1,10,0,0,0,0,0,1,0,0,0
0.3583180987202925,5,1,1,10,0,0,0,0,0,1,0,0,0
0.8062157221206581,5,1,1,11,0,0,0,0,0,0,0,0,1
0.5822669104204753,5,1,1,11,0,0,1,0,0,0,0,0,0
0.8062157221206581,5,1,2,13,0,0,0,1,0,0,0,0,0
0.8062157221206581,5,1,3,20,0,0,0,0,0,0,0,0,1
0.3583180987202925,6,1,1,9,0,0,0,0,0,1,0,0,0
0.5822669104204753,6,1,2,12,0,0,1,0,0,0,0,0,0
0.3583180987202925,6,1,2,13,0,0,0,0,0,1,0,0,0
0.13436928702010958,6,1,2,13,0,0,0,0,0,0,1,0,0
0.3583180987202925,6,1,2,13,0,0,0,0,0,1,0,0,0
0.8062157221206581,6,1,2,17,0,0,0,0,0,0,0,0,1
0.8062157221206581,6,1,2,17,0,0,0,0,0,0,0,0,1
0.8062157221206581,6,1,3,18,0,0,0,1,0,0,0,0,0
0.8062157221206581,6,1,3,20,0,0,0,1,0,0,0,0,0
0.5822669104204753,0,0,1,8,0,0,1,0,0,0,0,0,0
0.8062157221206581,0,0,1,9,0,0,0,0,1,0,0,0,0
0.3583180987202925,0,0,1,10,0,0,0,0,0,1,0,0,0
0.8062157221206581,0,0,1,10,0,0,0,0,0,0,0,0,1
0.8062157221206581,0,0,1,10,0,0,0,0,0,0,0,0,1
0.8062157221206581,0,0,1,11,0,0,0,1,0,0,0,0,0
0.3583180987202925,0,0,1,11,0,1,0,0,0,0,0,0,0
0.3583180987202925,0,0,1,11,0,1,0,0,0,0,0,0,0
0.8062157221206581,0,0,2,14,0,0,0,0,0,0,0,0,1
0.8062157221206581,0,0,2,14,0,0,0,0,0,0,0,0,1
0.3583180987202925,0,0,2,16,0,1,0,0,0,0,0,0,0
0.8062157221206581,0,0,3,18,0,0,0,0,0,0,0,0,1
0.8062157221206581,0,0,3,18,0,0,0,1,0,0,0,0,0
0.8062157221206581,0,0,3,22,0,0,0,0,0,0,0,0,1
0.8062157221206581,0,0,3,22,0,0,0,0,0,0,0,0,1
0.8062157221206581,0,0,3,22,0,0,0,0,0,0,0,0,1
0.3583180987202925,1,0,1,8,0,0,0,0,0,1,0,0,0
0.13436928702010958,1,0,1,8,0,0,0,0,0,0,1,0,0
0.8062157221206581,1,0,1,11,0,0,0,0,0,0,0,1,0
0.8062157221206581,1,0,1,11,0,0,0,0,0,0,0,0,1
0.8062157221206581,1,0,1,11,0,0,0,0,0,0,0,1,0
0.8062157221206581,1,0,2,13,0,0,0,0,0,0,0,0,1
0.5822669104204753,1,0,2,13,0,0,1,0,0,0,0,0,0
0.8062157221206581,1,0,2,15,0,0,0,0,0,0,0,0,1
0.3583180987202925,1,0,2,15,0,1,0,0,0,0,0,0,0
0.13436928702010958,1,0,2,15,0,0,0,0,0,0,1,0,0
0.8062157221206581,1,0,2,17,0,0,0,0,0,0,0,1,0
0.3583180987202925,1,0,3,19,0,1,0,0,0,0,0,0,0
0.8062157221206581,1,0,3,19,0,0,0,0,1,0,0,0,0
0.8062157221206581,1,0,3,20,0,0,0,0,0,0,0,0,1
0.8062157221206581,1,0,3,20,0,0,0,0,0,0,0,0,1
0.8062157221206581,1,0,3,21,0,0,0,0,0,0,0,1,0
0.8062157221206581,1,0,3,21,0,0,0,0,0,0,0,1,0
0.8062157221206581,1,0,3,22,0,0,0,0,0,0,0,0,1
0.5822669104204753,2,0,1,8,0,0,1,0,0,0,0,0,0
0.8062157221206581,2,0,1,8,0,0,0,0,0,0,0,1,0
0.8062157221206581,2,0,1,9,0,0,0,0,0,0,0,0,1
0.5822669104204753,2,0,1,10,0,0,1,0,0,0,0,0,0
0.5822669104204753,2,0,1,10,0,0,1,0,0,0,0,0,0
0.5822669104204753,2,0,1,10,0,0,1,0,0,0,0,0,0
0.3583180987202925,2,0,1,11,0,1,0,0,0,0,0,0,0
0.5822669104204753,2,0,2,12,0,0,1,0,0,0,0,0,0
0.3583180987202925,2,0,2,13,0,1,0,0,0,0,0,0,0
0.8062157221206581,2,0,2,16,0,0,0,0,0,0,0,0,1
0.5822669104204753,2,0,2,17,0,0,1,0,0,0,0,0,0
0.5822669104204753,2,0,3,19,0,0,1,0,0,0,0,0,0
0.5822669104204753,2,0,3,19,0,0,1,0,0,0,0,0,0
0.8062157221206581,2,0,3,21,0,0,0,0,0,0,0,1,0
0.8062157221206581,3,0,1,7,0,0,0,0,0,0,0,0,1
0.8062157221206581,3,0,1,7,0,0,0,0,0,0,0,0,1
0.5822669104204753,3,0,1,9,0,0,1,0,0,0,0,0,0
0.8062157221206581,3,0,1,10,0,0,0,0,0,0,0,0,1
0.8062157221206581,3,0,1,10,0,0,0,0,0,0,0,1,0
0.5822669104204753,3,0,1,11,0,0,1,0,0,0,0,0,0
0.8062157221206581,3,0,2,13,0,0,0,0,0,0,0,0,1
0.3583180987202925,3,0,2,14,0,1,0,0,0,0,0,0,0
0.8062157221206581,3,0,2,16,0,0,0,0,0,0,0,1,0
0.8062157221206581,3,0,2,16,0,0,0,0,0,0,0,1,0
0.8062157221206581,3,0,2,16,0,0,0,0,0,0,0,0,1
0.8062157221206581,3,0,2,16,0,0,0,0,0,0,0,1,0
0.8062157221206581,3,0,2,16,0,0,0,0,0,0,0,1,0
0.8062157221206581,3,0,2,17,0,0,0,1,0,0,0,0,0
0.8062157221206581,3,0,2,17,0,0,0,0,0,0,0,1,0
0.8062157221206581,3,0,3,19,0,0,0,0,0,0,0,0,1
0.5822669104204753,3,0,3,20,0,0,1,0,0,0,0,0,0
0.8062157221206581,3,0,3,21,0,0,0,0,0,0,0,0,1
0.8062157221206581,3,0,3,21,0,0,0,0,0,0,0,0,1
0.8062157221206581,3,0,3,21,0,0,0,0,0,0,0,0,1
0.8062157221206581,3,0,3,21,0,0,0,0,0,0,0,1,0
0.8062157221206581,4,0,1,8,0,0,0,0,1,0,0,0,0
0.8062157221206581,4,0,1,8,0,0,0,0,1,0,0,0,0
0.8062157221206581,4,0,1,9,0,0,0,0,1,0,0,0,0
0.8062157221206581,4,0,1,9,0,0,0,0,1,0,0,0,0
0.8062157221206581,4,0,1,9,0,0,0,1,0,0,0,0,0
0.8062157221206581,4,0,1,11,0,0,0,1,0,0,0,0,0
0.8062157221206581,4,0,2,14,0,0,0,0,0,0,0,0,1
0.8062157221206581,4,0,2,14,0,0,0,1,0,0,0,0,0
0.3583180987202925,4,0,2,15,0,1,0,0,0,0,0,0,0
0.8062157221206581,4,0,2,16,0,0,0,0,0,0,0,0,1
0.8062157221206581,4,0,2,17,0,0,0,0,0,0,0,1,0
0.8062157221206581,4,0,3,21,0,0,0,0,1,0,0,0,0
0.8062157221206581,4,0,3,21,0,0,0,0,1,0,0,0,0
0.5822669104204753,4,0,3,21,0,0,1,0,0,0,0,0,0
0.8062157221206581,4,0,3,22,0,0,0,0,0,0,0,0,1
0.5822669104204753,5,1,1,8,0,0,1,0,0,0,0,0,0
0.8062157221206581,5,1,2,13,0,0,0,0,0,0,0,0,1
0.8062157221206581,5,1,2,14,0,0,0,1,0,0,0,0,0
0.8062157221206581,5,1,2,15,0,0,0,0,0,0,0,1,0
0.8062157221206581,5,1,2,15,0,0,0,0,0,0,0,0,1
0.8062157221206581,5,1,2,16,0,0,0,0,0,0,0,0,1
0.8062157221206581,5,1,2,16,0,0,0,0,0,0,0,0,1
0.8062157221206581,5,1,3,21,0,0,0,0,1,0,0,0,0
0.8062157221206581,5,1,3,22,0,0,0,1,0,0,0,0,0
0.8062157221206581,6,1,1,8,0,0,0,0,0,0,0,0,1
0.8062157221206581,6,1,1,8,0,0,0,0,1,0,0,0,0
0.8062157221206581,6,1,1,11,0,0,0,0,0,0,0,0,1
0.8062157221206581,6,1,2,14,0,0,0,0,0,0,0,1,0
0.3583180987202925,6,1,2,14,0,0,0,0,0,1,0,0,0
0.5822669104204753,6,1,2,15,0,0,1,0,0,0,0,0,0
0.8062157221206581,6,1,2,16,0,0,0,0,0,0,0,0,1
0.8062157221206581,6,1,2,16,0,0,0,0,0,0,0,0,1
0.8062157221206581,6,1,2,17,0,0,0,0,0,0,0,0,1
0.8062157221206581,6,1,3,18,0,0,0,0,1,0,0,0,0
0.8062157221206581,6,1,3,18,0,0,0,0,1,0,0,0,0
0.8062157221206581,6,1,3,21,0,0,0,0,0,0,0,1,0
0.3583180987202925,6,1,3,21,0,0,0,0,0,1,0,0,0
0.8062157221206581,6,1,3,21,0,0,0,0,1,0,0,0,0
0.8062157221206581,6,1,3,21,0,0,0,0,0,0,0,0,1
0.8062157221206581,6,1,3,22,0,0,0,1,0,0,0,0,0
0.8062157221206581,0,0,1,7,0,0,0,0,0,0,0,0,1
0.8062157221206581,0,0,1,8,0,0,0,0,0,0,0,0,1
0.5822669104204753,0,0,1,9,0,0,1,0,0,0,0,0,0
0.8062157221206581,0,0,1,9,0,0,0,0,0,0,0,0,1
0.3583180987202925,0,0,1,10,0,1,0,0,0,0,0,0,0
0.3583180987202925,0,0,1,10,0,0,0,0,0,1,0,0,0
0.3583180987202925,0,0,1,10,0,0,0,0,0,1,0,0,0
0.13436928702010958,0,0,1,11,0,0,0,0,0,0,1,0,0
0.8062157221206581,0,0,2,12,0,0,0,1,0,0,0,0,0
0.8062157221206581,0,0,2,14,0,0,0,0,0,0,0,0,1
0.8062157221206581,0,0,2,14,0,0,0,0,0,0,0,0,1
0.5822669104204753,0,0,2,15,0,0,1,0,0,0,0,0,0
0.3583180987202925,0,0,2,15,0,0,0,0,0,1,0,0,0
0.8062157221206581,0,0,2,16,0,0,0,0,1,0,0,0,0
0.8062157221206581,0,0,2,16,0,0,0,0,0,0,0,0,1
0.8062157221206581,0,0,3,19,0,0,0,0,0,0,0,1,0
0.8062157221206581,0,0,3,21,0,0,0,0,0,0,0,0,1
0.8062157221206581,0,0,3,22,0,0,0,0,1,0,0,0,0
0.8062157221206581,0,0,3,22,0,0,0,0,0,0,0,1,0
0.8062157221206581,1,0,1,7,0,0,0,0,0,0,0,0,1
0.8062157221206581,1,0,1,7,0,0,0,1,0,0,0,0,0
0.5822669104204753,1,0,1,8,0,0,1,0,0,0,0,0,0
0.3583180987202925,1,0,1,9,0,0,0,0,0,1,0,0,0
0.13436928702010958,1,0,1,10,0,0,0,0,0,0,1,0,0
0.3583180987202925,1,0,1,10,0,0,0,0,0,1,0,0,0
0.3583180987202925,1,0,3,18,0,1,0,0,0,0,0,0,0
0.8062157221206581,1,0,3,19,0,0,0,0,0,0,0,1,0
0.8062157221206581,1,0,3,19,0,0,0,0,0,0,0,0,1
0.8062157221206581,2,0,1,7,0,0,0,0,0,0,0,0,1
0.5822669104204753,2,0,1,8,0,0,1,0,0,0,0,0,0
0.3583180987202925,2,0,1,10,0,0,0,0,0,1,0,0,0
0.5822669104204753,2,0,2,12,0,0,1,0,0,0,0,0,0
0.5822669104204753,2,0,2,16,0,0,1,0,0,0,0,0,0
0.5822669104204753,2,0,2,16,0,0,1,0,0,0,0,0,0
0.8062157221206581,2,0,2,16,0,0,0,1,0,0,0,0,0
0.13436928702010958,2,0,2,17,0,0,0,0,0,0,1,0,0
0.8062157221206581,2,0,3,18,0,0,0,0,1,0,0,0,0
0.8062157221206581,2,0,3,19,0,0,0,1,0,0,0,0,0
0.5822669104204753,2,0,3,21,0,0,1,0,0,0,0,0,0
0.8062157221206581,2,0,3,21,0,0,0,0,0,0,0,1,0
0.8062157221206581,2,0,3,22,0,0,0,0,0,0,0,0,1
0.3583180987202925,3,0,2,12,0,1,0,0,0,0,0,0,0
0.8062157221206581,3,0,2,13,0,0,0,1,0,0,0,0,0
0.8062157221206581,3,0,2,14,0,0,0,1,0,0,0,0,0
0.8062157221206581,3,0,2,14,0,0,0,0,0,0,0,1,0
0.8062157221206581,3,0,2,14,0,0,0,0,0,0,0,0,1
0.8062157221206581,3,0,2,15,0,0,0,0,0,0,0,0,1
0.8062157221206581,3,0,2,15,0,0,0,0,0,0,0,0,1
0.3583180987202925,3,0,3,18,0,1,0,0,0,0,0,0,0
0.3583180987202925,3,0,3,18,0,1,0,0,0,0,0,0,0
0.8062157221206581,3,0,3,19,0,0,0,0,0,0,0,0,1
0.3583180987202925,3,0,3,20,0,1,0,0,0,0,0,0,0
0.8062157221206581,3,0,3,21,0,0,0,0,0,0,0,1,0
0.8062157221206581,3,0,3,21,0,0,0,0,0,0,0,1,0
0.8062157221206581,3,0,3,21,0,0,0,0,0,0,0,1,0
0.8062157221206581,3,0,3,21,0,0,0,1,0,0,0,0,0
0.8062157221206581,4,0,1,7,0,0,0,1,0,0,0,0,0
0.13436928702010958,4,0,1,7,0,0,0,0,0,0,1,0,0
0.8062157221206581,4,0,1,8,0,0,0,0,1,0,0,0,0
0.8062157221206581,4,0,1,8,0,0,0,0,0,0,0,0,1
0.8062157221206581,4,0,1,8,0,0,0,0,1,0,0,0,0
0.3583180987202925,4,0,1,10,0,1,0,0,0,0,0,0,0
0.3583180987202925,4,0,1,10,0,1,0,0,0,0,0,0,0
0.5822669104204753,4,0,1,10,0,0,1,0,0,0,0,0,0
0.8062157221206581,4,0,1,11,0,0,0,0,1,0,0,0,0
0.8062157221206581,4,0,1,11,0,0,0,0,1,0,0,0,0
0.3583180987202925,4,0,2,12,0,0,0,0,0,1,0,0,0
0.8062157221206581,4,0,2,12,0,0,0,0,0,0,0,0,1
0.8062157221206581,4,0,2,14,0,0,0,1,0,0,0,0,0
0.8062157221206581,4,0,3,22,0,0,0,0,0,0,0,1,0
0.13436928702010958,4,0,3,22,0,0,0,0,0,0,1,0,0
0.8062157221206581,5,1,1,7,0,0,0,1,0,0,0,0,0
0.3583180987202925,5,1,1,8,0,0,0,0,0,1,0,0,0
0.8062157221206581,5,1,1,8,0,0,0,1,0,0,0,0,0
0.3583180987202925,5,1,1,10,0,1,0,0,0,0,0,0,0
0.8062157221206581,5,1,2,12,0,0,0,0,1,0,0,0,0
0.8062157221206581,5,1,2,13,0,0,0,0,0,0,0,0,1
0.8062157221206581,5,1,2,14,0,0,0,0,0,0,0,0,1
0.5822669104204753,5,1,2,14,0,0,1,0,0,0,0,0,0
0.3583180987202925,5,1,2,15,0,0,0,0,0,1,0,0,0
0.3583180987202925,5,1,2,15,0,0,0,0,0,1,0,0,0
0.8062157221206581,5,1,2,15,0,0,0,0,0,0,0,0,1
0.8062157221206581,5,1,2,15,0,0,0,0,0,0,0,0,1
0.5822669104204753,5,1,2,15,0,0,1,0,0,0,0,0,0
0.5822669104204753,5,1,2,15,0,0,1,0,0,0,0,0,0
0.8062157221206581,5,1,3,19,0,0,0,1,0,0,0,0,0
0.5822669104204753,5,1,3,20,0,0,1,0,0,0,0,0,0
0.5822669104204753,6,1,1,11,0,0,1,0,0,0,0,0,0
0.8062157221206581,6,1,2,12,0,0,0,0,0,0,0,0,1
0.5822669104204753,6,1,2,12,0,0,1,0,0,0,0,0,0
0.8062157221206581,6,1,2,13,0,0,0,1,0,0,0,0,0
0.8062157221206581,6,1,2,16,0,0,0,0,0,0,0,0,1
0.8062157221206581,0,0,1,7,0,0,0,1,0,0,0,0,0
0.3583180987202925,0,0,1,8,0,1,0,0,0,0,0,0,0
0.8062157221206581,0,0,1,8,0,0,0,0,0,0,0,0,1
0.5822669104204753,0,0,1,9,0,0,1,0,0,0,0,0,0
0.8062157221206581,0,0,1,11,0,0,0,0,0,0,0,0,1
0.8062157221206581,0,0,1,11,0,0,0,0,0,0,0,0,1
0.8062157221206581,0,0,2,12,0,0,0,0,0,0,0,1,0
0.5822669104204753,0,0,2,12,0,0,1,0,0,0,0,0,0
0.8062157221206581,0,0,2,12,0,0,0,1,0,0,0,0,0
0.5822669104204753,0,0,2,14,0,0,1,0,0,0,0,0,0
0.5822669104204753,0,0,2,14,0,0,1,0,0,0,0,0,0
0.5822669104204753,0,0,2,14,0,0,1,0,0,0,0,0,0
0.8062157221206581,0,0,2,16,0,0,0,0,0,0,0,0,1
0.8062157221206581,0,0,2,17,0,0,0,0,1,0,0,0,0
0.8062157221206581,0,0,2,17,0,0,0,0,1,0,0,0,0
0.8062157221206581,0,0,3,19,0,0,0,1,0,0,0,0,0
0.5822669104204753,0,0,3,21,0,0,1,0,0,0,0,0,0
0.5822669104204753,0,0,3,22,0,0,1,0,0,0,0,0,0
0.8062157221206581,1,0,1,8,0,0,0,0,0,0,0,0,1
0.8062157221206581,1,0,1,8,0,0,0,0,0,0,0,0,1
0.8062157221206581,1,0,1,9,0,0,0,0,0,0,0,0,1
0.5822669104204753,1,0,1,11,0,0,1,0,0,0,0,0,0
0.13436928702010958,1,0,2,12,0,0,0,0,0,0,1,0,0
0.3583180987202925,1,0,2,14,0,0,0,0,0,1,0,0,0
0.3583180987202925,1,0,2,14,0,0,0,0,0,1,0,0,0
0.8062157221206581,1,0,2,14,0,0,0,1,0,0,0,0,0
0.8062157221206581,1,0,2,16,0,0,0,0,0,0,0,1,0
0.8062157221206581,1,0,2,16,0,0,0,0,1,0,0,0,0
0.8062157221206581,1,0,2,16,0,0,0,0,1,0,0,0,0
0.5822669104204753,1,0,3,18,0,0,1,0,0,0,0,0,0
0.5822669104204753,1,0,3,18,0,0,1,0,0,0,0,0,0
0.5822669104204753,1,0,3,19,0,0,1,0,0,0,0,0,0
0.8062157221206581,1,0,3,19,0,0,0,1,0,0,0,0,0
0.8062157221206581,1,0,3,19,0,0,0,0,0,0,0,1,0
0.8062157221206581,1,0,3,19,0,0,0,0,0,0,0,0,1
0.8062157221206581,1,0,3,20,0,0,0,0,0,0,0,0,1
0.8062157221206581,2,0,1,7,0,0,0,0,0,0,0,0,1
0.5822669104204753,2,0,1,8,0,0,1,0,0,0,0,0,0
0.5822669104204753,2,0,1,8,0,0,1,0,0,0,0,0,0
0.8062157221206581,2,0,1,9,0,0,0,0,0,0,0,0,1
0.8062157221206581,2,0,1,10,0,0,0,0,0,0,0,0,1
0.8062157221206581,2,0,1,10,0,0,0,0,0,0,0,0,1
0.8062157221206581,2,0,2,12,0,0,0,0,0,0,0,0,1
0.3583180987202925,2,0,2,12,0,1,0,0,0,0,0,0,0
0.5822669104204753,2,0,2,12,0,0,1,0,0,0,0,0,0
0.3583180987202925,2,0,2,12,0,1,0,0,0,0,0,0,0
0.8062157221206581,2,0,2,15,0,0,0,0,0,0,0,0,1
0.8062157221206581,2,0,2,15,0,0,0,0,0,0,0,0,1
0.5822669104204753,2,0,2,16,0,0,1,0,0,0,0,0,0
0.8062157221206581,2,0,3,18,0,0,0,0,0,0,0,1,0
0.5822669104204753,2,0,3,19,0,0,1,0,0,0,0,0,0
0.5822669104204753,2,0,3,19,0,0,1,0,0,0,0,0,0
0.8062157221206581,3,0,1,7,0,0,0,0,0,0,0,0,1
0.8062157221206581,3,0,1,8,0,0,0,0,0,0,0,0,1
0.5822669104204753,3,0,1,9,0,0,1,0,0,0,0,0,0
0.8062157221206581,3,0,2,15,0,0,0,0,0,0,0,0,1
0.5822669104204753,3,0,2,16,0,0,1,0,0,0,0,0,0
0.8062157221206581,4,0,1,8,0,0,0,0,1,0,0,0,0
0.3583180987202925,4,0,1,8,0,1,0,0,0,0,0,0,0
0.8062157221206581,4,0,1,10,0,0,0,0,0,0,0,0,1
0.8062157221206581,4,0,2,12,0,0,0,0,1,0,0,0,0
0.8062157221206581,4,0,2,12,0,0,0,0,1,0,0,0,0
0.3583180987202925,4,0,2,15,0,0,0,0,0,1,0,0,0
0.5822669104204753,4,0,3,22,0,0,1,0,0,0,0,0,0
0.3583180987202925,5,1,1,8,0,0,0,0,0,1,0,0,0
0.8062157221206581,5,1,1,10,0,0,0,0,1,0,0,0,0
0.5822669104204753,5,1,1,10,0,0,1,0,0,0,0,0,0
0.5822669104204753,5,1,2,14,0,0,1,0,0,0,0,0,0
0.8062157221206581,5,1,2,16,0,0,0,0,0,0,0,1,0
0.8062157221206581,5,1,2,16,0,0,0,0,0,0,0,0,1
0.8062157221206581,5,1,2,16,0,0,0,0,0,0,0,0,1
0.5822669104204753,5,1,3,18,0,0,1,0,0,0,0,0,0
0.3583180987202925,5,1,3,18,0,1,0,0,0,0,0,0,0
0.3583180987202925,6,1,1,8,0,0,0,0,0,1,0,0,0
0.5822669104204753,6,1,1,9,0,0,1,0,0,0,0,0,0
0.5822669104204753,6,1,1,9,0,0,1,0,0,0,0,0,0
0.8062157221206581,6,1,2,13,0,0,0,0,0,0,0,0,1
0.5822669104204753,6,1,2,13,0,0,1,0,0,0,0,0,0
0.8062157221206581,6,1,2,13,0,0,0,0,1,0,0,0,0
0.3583180987202925,6,1,2,13,0,1,0,0,0,0,0,0,0
0.5822669104204753,6,1,2,13,0,0,1,0,0,0,0,0,0
0.8062157221206581,6,1,2,16,0,0,0,0,0,0,0,1,0
0.8062157221206581,6,1,2,16,0,0,0,0,0,0,0,1,0
0.3583180987202925,6,1,2,16,0,1,0,0,0,0,0,0,0
0.3583180987202925,6,1,2,16,0,1,0,0,0,0,0,0,0
0.8062157221206581,6,1,3,20,0,0,0,0,1,0,0,0,0
0.8062157221206581,0,0,1,7,0,0,0,0,0,0,0,0,1
0.8062157221206581,0,0,1,8,0,0,0,0,0,0,0,0,1
0.5822669104204753,0,0,1,8,0,0,1,0,0,0,0,0,0
0.3583180987202925,0,0,2,12,0,1,0,0,0,0,0,0,0
0.5822669104204753,0,0,2,12,0,0,1,0,0,0,0,0,0
0.8062157221206581,0,0,2,14,0,0,0,0,1,0,0,0,0
0.8062157221206581,0,0,2,14,0,0,0,0,1,0,0,0,0
0.8062157221206581,1,0,1,7,0,0,0,0,1,0,0,0,0
0.5822669104204753,1,0,1,9,0,0,1,0,0,0,0,0,0
0.8062157221206581,1,0,1,9,0,0,0,1,0,0,0,0,0
0.5822669104204753,1,0,1,9,0,0,1,0,0,0,0,0,0
0.5822669104204753,1,0,1,10,0,0,1,0,0,0,0,0,0
0.8062157221206581,1,0,1,11,0,0,0,0,1,0,0,0,0
0.8062157221206581,1,0,1,11,0,0,0,0,0,0,0,0,1
0.8062157221206581,1,0,2,14,0,0,0,0,0,0,0,0,1
0.8062157221206581,1,0,2,14,0,0,0,0,0,0,0,0,1
0.8062157221206581,1,0,3,18,0,0,0,1,0,0,0,0,0
0.8062157221206581,1,0,3,18,0,0,0,1,0,0,0,0,0
0.8062157221206581,1,0,3,18,0,0,0,1,0,0,0,0,0
0.8062157221206581,1,0,3,21,0,0,0,0,1,0,0,0,0
0.8062157221206581,1,0,3,21,0,0,0,0,1,0,0,0,0
0.8062157221206581,1,0,3,21,0,0,0,0,0,0,0,1,0
0.8062157221206581,1,0,3,22,0,0,0,0,0,0,0,1,0
0.5822669104204753,1,0,3,22,0,0,1,0,0,0,0,0,0
0.8062157221206581,2,0,1,8,0,0,0,0,0,0,0,0,1
0.13436928702010958,2,0,1,11,0,0,0,0,0,0,1,0,0
0.3583180987202925,2,0,2,13,0,1,0,0,0,0,0,0,0
0.8062157221206581,2,0,2,15,0,0,0,1,0,0,0,0,0
0.8062157221206581,2,0,2,16,0,0,0,0,0,0,0,0,1
0.8062157221206581,2,0,2,16,0,0,0,1,0,0,0,0,0
0.8062157221206581,2,0,3,18,0,0,0,0,0,0,0,1,0
0.8062157221206581,2,0,3,18,0,0,0,0,0,0,0,1,0
0.8062157221206581,3,0,2,12,0,0,0,0,0,0,0,0,1
0.3583180987202925,3,0,2,15,0,1,0,0,0,0,0,0,0
0.3583180987202925,3,0,2,16,0,1,0,0,0,0,0,0,0
0.8062157221206581,3,0,3,18,0,0,0,0,1,0,0,0,0
0.8062157221206581,3,0,3,19,0,0,0,0,0,0,0,1,0
0.8062157221206581,3,0,3,19,0,0,0,0,0,0,0,0,1
0.8062157221206581,3,0,3,20,0,0,0,0,0,0,0,0,1
0.5822669104204753,4,0,1,9,0,0,1,0,0,0,0,0,0
0.3583180987202925,4,0,1,9,0,1,0,0,0,0,0,0,0
0.3583180987202925,4,0,1,9,0,1,0,0,0,0,0,0,0
0.8062157221206581,4,0,1,11,0,0,0,1,0,0,0,0,0
0.8062157221206581,4,0,2,13,0,0,0,0,0,0,0,0,1
0.8062157221206581,4,0,2,13,0,0,0,0,0,0,0,0,1
0.5822669104204753,4,0,2,16,0,0,1,0,0,0,0,0,0
0.5822669104204753,4,0,2,16,0,0,1,0,0,0,0,0,0
0.8062157221206581,4,0,3,20,0,0,0,0,0,0,0,1,0
0.8062157221206581,4,0,3,20,0,0,0,0,0,0,0,1,0
0.8062157221206581,4,0,3,20,0,0,0,0,0,0,0,1,0
0.8062157221206581,4,0,3,22,0,0,0,0,0,0,0,0,1
0.5822669104204753,5,1,1,10,0,0,1,0,0,0,0,0,0
0.3583180987202925,5,1,1,11,0,0,0,0,0,1,0,0,0
0.3583180987202925,5,1,1,11,0,0,0,0,0,1,0,0,0
0.8062157221206581,5,1,1,11,0,0,0,0,0,0,0,0,1
0.8062157221206581,5,1,2,13,0,0,0,0,0,0,0,1,0
0.8062157221206581,5,1,2,13,0,0,0,0,0,0,0,1,0
0.8062157221206581,5,1,2,14,0,0,0,0,0,0,0,1,0
0.8062157221206581,5,1,2,14,0,0,0,0,0,0,0,1,0
0.3583180987202925,5,1,2,14,0,1,0,0,0,0,0,0,0
0.5822669104204753,5,1,2,15,0,0,1,0,0,0,0,0,0
0.8062157221206581,5,1,2,16,0,0,0,0,0,0,0,0,1
0.8062157221206581,5,1,2,16,0,0,0,0,1,0,0,0,0
0.3583180987202925,5,1,3,20,0,1,0,0,0,0,0,0,0
0.8062157221206581,5,1,3,20,0,0,0,0,0,0,0,0,1
0.8062157221206581,5,1,3,22,0,0,0,0,1,0,0,0,0
0.3583180987202925,5,1,3,22,0,1,0,0,0,0,0,0,0
0.3583180987202925,5,1,3,22,0,1,0,0,0,0,0,0,0
0.3583180987202925,6,1,1,9,0,1,0,0,0,0,0,0,0
0.8062157221206581,6,1,2,17,0,0,0,0,1,0,0,0,0
0.8062157221206581,6,1,3,18,0,0,0,0,0,0,0,1,0
0.8062157221206581,6,1,3,18,0,0,0,0,0,0,0,1,0
0.8062157221206581,6,1,3,20,0,0,0,1,0,0,0,0,0
0.8062157221206581,6,1,3,20,0,0,0,1,0,0,0,0,0
0.8062157221206581,0,0,1,7,0,0,0,1,0,0,0,0,0
0.5822669104204753,0,0,1,9,0,0,1,0,0,0,0,0,0
0.3583180987202925,0,0,1,10,0,0,0,0,0,1,0,0,0
0.8062157221206581,0,0,2,16,0,0,0,1,0,0,0,0,0
0.8062157221206581,0,0,2,16,0,0,0,0,0,0,0,1,0
0.8062157221206581,0,0,2,17,0,0,0,1,0,0,0,0,0
0.8062157221206581,0,0,3,19,0,0,0,0,0,0,0,0,1
0.8062157221206581,0,0,3,19,0,0,0,0,0,0,0,1,0
0.8062157221206581,0,0,3,21,0,0,0,0,0,0,0,0,1
0.8062157221206581,0,0,3,21,0,0,0,0,0,0,0,0,1
0.8062157221206581,1,0,1,10,0,0,0,0,0,0,0,0,1
0.8062157221206581,1,0,2,13,0,0,0,0,0,0,0,0,1
0.8062157221206581,1,0,2,14,0,0,0,0,0,0,0,0,1
0.8062157221206581,1,0,2,16,0,0,0,0,0,0,0,1,0
0.8062157221206581,1,0,2,16,0,0,0,0,0,0,0,1,0
0.8062157221206581,1,0,2,16,0,0,0,0,1,0,0,0,0
0.8062157221206581,1,0,3,18,0,0,0,1,0,0,0,0,0
0.8062157221206581,1,0,3,20,0,0,0,0,0,0,0,0,1
0.8062157221206581,1,0,3,20,0,0,0,0,1,0,0,0,0
0.5822669104204753,2,0,1,8,0,0,1,0,0,0,0,0,0
0.8062157221206581,2,0,1,10,0,0,0,0,0,0,0,0,1
0.5822669104204753,2,0,2,13,0,0,1,0,0,0,0,0,0
0.5822669104204753,2,0,2,13,0,0,1,0,0,0,0,0,0
0.5822669104204753,2,0,2,14,0,0,1,0,0,0,0,0,0
0.8062157221206581,2,0,2,14,0,0,0,0,0,0,0,0,1
0.8062157221206581,3,0,1,9,0,0,0,0,0,0,0,0,1
0.3583180987202925,3,0,1,10,0,1,0,0,0,0,0,0,0
0.13436928702010958,3,0,2,12,0,0,0,0,0,0,1,0,0
0.8062157221206581,3,0,2,15,0,0,0,1,0,0,0,0,0
0.8062157221206581,3,0,2,15,0,0,0,0,0,0,0,0,1
0.8062157221206581,3,0,2,15,0,0,0,1,0,0,0,0,0
0.5822669104204753,3,0,2,16,0,0,1,0,0,0,0,0,0
0.8062157221206581,3,0,2,16,0,0,0,1,0,0,0,0,0
0.8062157221206581,3,0,3,19,0,0,0,0,0,0,0,1,0
0.8062157221206581,3,0,3,19,0,0,0,0,0,0,0,1,0
0.8062157221206581,3,0,3,20,0,0,0,0,1,0,0,0,0
0.8062157221206581,3,0,3,20,0,0,0,0,0,0,0,1,0
0.8062157221206581,3,0,3,21,0,0,0,0,0,0,0,0,1
0.8062157221206581,3,0,3,22,0,0,0,0,0,0,0,0,1
0.5822669104204753,4,0,1,8,0,0,1,0,0,0,0,0,0
0.5822669104204753,4,0,1,11,0,0,1,0,0,0,0,0,0
0.8062157221206581,4,0,2,12,0,0,0,0,1,0,0,0,0
0.8062157221206581,4,0,2,12,0,0,0,0,1,0,0,0,0
0.8062157221206581,4,0,2,13,0,0,0,0,0,0,0,0,1
0.3583180987202925,4,0,2,15,0,1,0,0,0,0,0,0,0
0.5822669104204753,4,0,2,17,0,0,1,0,0,0,0,0,0
0.8062157221206581,4,0,2,17,0,0,0,0,0,0,0,0,1
0.8062157221206581,4,0,3,18,0,0,0,0,0,0,0,1,0
0.5822669104204753,4,0,3,18,0,0,1,0,0,0,0,0,0
0.5822669104204753,4,0,3,18,0,0,1,0,0,0,0,0,0
0.3583180987202925,5,1,1,10,0,0,0,0,0,1,0,0,0
0.3583180987202925,5,1,1,10,0,0,0,0,0,1,0,0,0
0.8062157221206581,5,1,1,11,0,0,0,0,0,0,0,1,0
0.8062157221206581,5,1,1,11,0,0,0,0,0,0,0,0,1
0.3583180987202925,5,1,1,11,0,1,0,0,0,0,0,0,0
0.8062157221206581,5,1,2,12,0,0,0,1,0,0,0,0,0
0.5822669104204753,5,1,2,12,0,0,1,0,0,0,0,0,0
0.8062157221206581,5,1,2,12,0,0,0,0,0,0,0,0,1
0.8062157221206581,5,1,2,12,0,0,0,0,0,0,0,0,1
0.5822669104204753,5,1,2,13,0,0,1,0,0,0,0,0,0
0.8062157221206581,5,1,2,13,0,0,0,0,0,0,0,0,1
0.8062157221206581,5,1,2,13,0,0,0,0,0,0,0,0,1
0.5822669104204753,5,1,2,14,0,0,1,0,0,0,0,0,0
0.5822669104204753,6,1,1,10,0,0,1,0,0,0,0,0,0
0.5822669104204753,6,1,2,13,0,0,1,0,0,0,0,0,0
0.3583180987202925,6,1,2,14,0,1,0,0,0,0,0,0,0
0.5822669104204753,6,1,2,14,0,0,1,0,0,0,0,0,0
0.8062157221206581,6,1,2,16,0,0,0,0,0,0,0,0,1
0.8062157221206581,6,1,2,16,0,0,0,0,0,0,0,0,1
0.8062157221206581,6,1,3,18,0,0,0,0,0,0,0,1,0
0.8062157221206581,6,1,3,19,0,0,0,0,0,0,0,1,0
0.8062157221206581,6,1,3,19,0,0,0,0,0,0,0,1,0
0.5822669104204753,0,0,1,7,0,0,1,0,0,0,0,0,0
0.5822669104204753,0,0,1,7,0,0,1,0,0,0,0,0,0
0.8062157221206581,0,0,1,7,0,0,0,0,0,0,0,0,1
0.8062157221206581,0,0,2,16,0,0,0,0,0,0,0,0,1
0.8062157221206581,0,0,2,16,0,0,0,0,0,0,0,0,1
0.8062157221206581,0,0,3,18,0,0,0,0,0,0,0,0,1
0.8062157221206581,1,0,1,7,0,0,0,0,1,0,0,0,0
0.5822669104204753,1,0,1,7,0,0,1,0,0,0,0,0,0
0.8062157221206581,1,0,1,7,0,0,0,0,0,0,0,0,1
0.13436928702010958,1,0,1,7,0,0,0,0,0,0,1,0,0
0.8062157221206581,1,0,1,7,0,0,0,0,0,0,0,0,1
0.5822669104204753,1,0,1,10,0,0,1,0,0,0,0,0,0
0.8062157221206581,1,0,1,11,0,0,0,0,0,0,0,0,1
0.8062157221206581,1,0,2,16,0,0,0,0,1,0,0,0,0
0.8062157221206581,1,0,2,16,0,0,0,0,1,0,0,0,0
0.8062157221206581,1,0,2,16,0,0,0,1,0,0,0,0,0
0.8062157221206581,1,0,2,16,0,0,0,1,0,0,0,0,0
0.5822669104204753,2,0,2,13,0,0,1,0,0,0,0,0,0
0.8062157221206581,2,0,2,16,0,0,0,0,0,0,0,0,1
0.8062157221206581,2,0,2,17,0,0,0,1,0,0,0,0,0
0.8062157221206581,2,0,2,17,0,0,0,0,0,0,0,1,0
0.3583180987202925,3,0,1,11,0,0,0,0,0,1,0,0,0
0.8062157221206581,3,0,2,12,0,0,0,0,0,0,0,0,1
0.8062157221206581,3,0,2,12,0,0,0,0,1,0,0,0,0
0.8062157221206581,3,0,2,13,0,0,0,0,1,0,0,0,0
0.8062157221206581,3,0,2,16,0,0,0,0,0,0,0,0,1
0.5822669104204753,3,0,2,17,0,0,1,0,0,0,0,0,0
0.3583180987202925,3,0,2,17,0,0,0,0,0,1,0,0,0
0.8062157221206581,3,0,3,19,0,0,0,0,0,0,0,1,0
0.8062157221206581,4,0,1,7,0,0,0,0,0,0,0,0,1
0.8062157221206581,4,0,1,10,0,0,0,1,0,0,0,0,0
0.8062157221206581,4,0,1,11,0,0,0,0,0,0,0,0,1
0.8062157221206581,4,0,1,11,0,0,0,0,1,0,0,0,0
0.8062157221206581,4,0,2,16,0,0,0,0,0,0,0,1,0
0.8062157221206581,4,0,2,16,0,0,0,0,0,0,0,0,1
0.3583180987202925,5,1,1,9,0,0,0,0,0,1,0,0,0
0.3583180987202925,5,1,1,9,0,0,0,0,0,1,0,0,0
0.8062157221206581,5,1,1,10,0,0,0,0,0,0,0,0,1
0.8062157221206581,5,1,1,11,0,0,0,1,0,0,0,0,0
0.3583180987202925,5,1,1,11,0,1,0,0,0,0,0,0,0
0.3583180987202925,5,1,1,11,0,1,0,0,0,0,0,0,0
0.8062157221206581,5,1,1,11,0,0,0,0,0,0,0,1,0
0.8062157221206581,5,1,3,22,0,0,0,0,0,0,0,0,1
0.8062157221206581,6,1,1,8,0,0,0,0,0,0,0,0,1
0.8062157221206581,0,0,1,7,0,0,0,1,0,0,0,0,0
0.8062157221206581,0,0,1,7,0,0,0,0,0,0,0,0,1
0.5822669104204753,0,0,1,9,0,0,1,0,0,0,0,0,0
0.3583180987202925,0,0,1,10,0,0,0,0,0,1,0,0,0
0.8062157221206581,0,0,2,12,0,0,0,0,0,0,0,0,1
0.8062157221206581,0,0,2,12,0,0,0,0,0,0,0,0,1
0.8062157221206581,0,0,2,16,0,0,0,0,0,0,0,1,0
0.5822669104204753,0,0,3,19,0,0,1,0,0,0,0,0,0
0.8062157221206581,0,0,3,19,0,0,0,0,0,0,0,1,0
0.8062157221206581,0,0,3,21,0,0,0,0,0,0,0,1,0
0.8062157221206581,0,0,3,21,0,0,0,1,0,0,0,0,0
0.8062157221206581,1,0,1,7,0,0,0,0,0,0,0,0,1
0.8062157221206581,1,0,1,11,0,0,0,0,1,0,0,0,0
0.3583180987202925,1,0,1,11,0,1,0,0,0,0,0,0,0
0.8062157221206581,1,0,1,11,0,0,0,0,1,0,0,0,0
0.8062157221206581,1,0,1,11,0,0,0,0,1,0,0,0,0
0.8062157221206581,1,0,2,16,0,0,0,0,0,0,0,0,1
0.8062157221206581,1,0,2,16,0,0,0,0,0,0,0,0,1
0.3583180987202925,1,0,2,17,0,1,0,0,0,0,0,0,0
0.5822669104204753,1,0,2,17,0,0,1,0,0,0,0,0,0
0.8062157221206581,1,0,3,19,0,0,0,0,1,0,0,0,0
0.8062157221206581,3,0,1,8,0,0,0,1,0,0,0,0,0
0.5822669104204753,3,0,1,9,0,0,1,0,0,0,0,0,0
0.5822669104204753,3,0,3,20,0,0,1,0,0,0,0,0,0
0.8062157221206581,3,0,3,20,0,0,0,0,0,0,0,0,1
0.8062157221206581,3,0,3,20,0,0,0,0,0,0,0,0,1
0.8062157221206581,3,0,3,22,0,0,0,1,0,0,0,0,0
0.8062157221206581,4,0,1,7,0,0,0,0,1,0,0,0,0
0.8062157221206581,4,0,1,7,0,0,0,0,0,0,0,0,1
0.5822669104204753,4,0,1,9,0,0,1,0,0,0,0,0,0
0.5822669104204753,4,0,1,9,0,0,1,0,0,0,0,0,0
0.5822669104204753,4,0,2,15,0,0,1,0,0,0,0,0,0
0.8062157221206581,4,0,2,15,0,0,0,0,0,0,0,0,1
0.8062157221206581,4,0,3,20,0,0,0,0,1,0,0,0,0
0.8062157221206581,5,1,2,12,0,0,0,0,1,0,0,0,0
0.3583180987202925,5,1,2,14,0,1,0,0,0,0,0,0,0
0.8062157221206581,5,1,2,14,0,0,0,0,0,0,0,1,0
0.8062157221206581,5,1,2,14,0,0,0,0,1,0,0,0,0
0.5822669104204753,5,1,2,15,0,0,1,0,0,0,0,0,0
0.5822669104204753,5,1,3,22,0,0,1,0,0,0,0,0,0
0.5822669104204753,6,1,1,10,0,0,1,0,0,0,0,0,0
0.5822669104204753,6,1,1,10,0,0,1,0,0,0,0,0,0
0.5822669104204753,6,1,1,10,0,0,1,0,0,0,0,0,0
0.5822669104204753,6,1,2,14,0,0,1,0,0,0,0,0,0
0.8062157221206581,6,1,2,15,0,0,0,0,1,0,0,0,0
0.8062157221206581,6,1,2,15,0,0,0,0,1,0,0,0,0
0.8062157221206581,6,1,2,15,0,0,0,1,0,0,0,0,0
0.8062157221206581,6,1,2,15,0,0,0,0,0,0,0,0,1
0.8062157221206581,6,1,2,15,0,0,0,0,0,0,0,0,1
0.8062157221206581,6,1,2,16,0,0,0,0,0,0,0,0,1
0.8062157221206581,6,1,2,16,0,0,0,0,0,0,0,0,1
0.5822669104204753,6,1,2,17,0,0,1,0,0,0,0,0,0
0.5822669104204753,6,1,2,17,0,0,1,0,0,0,0,0,0
0.5822669104204753,6,1,3,18,0,0,1,0,0,0,0,0,0
0.8062157221206581,0,0,1,7,0,0,0,0,0,0,0,0,1
0.3583180987202925,0,0,1,7,0,1,0,0,0,0,0,0,0
0.5822669104204753,0,0,1,8,0,0,1,0,0,0,0,0,0
0.8062157221206581,0,0,1,8,0,0,0,0,1,0,0,0,0
0.3583180987202925,0,0,1,11,0,0,0,0,0,1,0,0,0
0.13436928702010958,0,0,2,15,0,0,0,0,0,0,1,0,0
0.8062157221206581,0,0,2,16,0,0,0,1,0,0,0,0,0
0.3583180987202925,0,0,2,17,0,1,0,0,0,0,0,0,0
0.8062157221206581,0,0,3,18,0,0,0,1,0,0,0,0,0
0.8062157221206581,1,0,1,8,0,0,0,0,0,0,0,0,1
0.5822669104204753,1,0,1,9,0,0,1,0,0,0,0,0,0
0.5822669104204753,1,0,1,9,0,0,1,0,0,0,0,0,0
0.3583180987202925,1,0,1,11,0,1,0,0,0,0,0,0,0
0.5822669104204753,1,0,1,11,0,0,1,0,0,0,0,0,0
0.5822669104204753,1,0,1,11,0,0,1,0,0,0,0,0,0
0.5822669104204753,1,0,1,11,0,0,1,0,0,0,0,0,0
0.8062157221206581,1,0,3,20,0,0,0,0,1,0,0,0,0
0.8062157221206581,1,0,3,21,0,0,0,0,0,0,0,0,1
0.8062157221206581,1,0,3,21,0,0,0,1,0,0,0,0,0
0.8062157221206581,1,0,3,21,0,0,0,0,0,0,0,1,0
0.5822669104204753,1,0,3,22,0,0,1,0,0,0,0,0,0
0.8062157221206581,1,0,3,22,0,0,0,1,0,0,0,0,0
0.3583180987202925,2,0,1,8,0,0,0,0,0,1,0,0,0
0.8062157221206581,2,0,1,8,0,0,0,0,0,0,0,0,1
0.8062157221206581,2,0,1,8,0,0,0,0,0,0,0,0,1
0.3583180987202925,2,0,1,9,0,1,0,0,0,0,0,0,0
0.5822669104204753,2,0,1,10,0,0,1,0,0,0,0,0,0
0.5822669104204753,2,0,1,10,0,0,1,0,0,0,0,0,0
0.5822669104204753,2,0,1,10,0,0,1,0,0,0,0,0,0
0.8062157221206581,2,0,1,10,0,0,0,0,0,0,0,1,0
0.5822669104204753,2,0,1,11,0,0,1,0,0,0,0,0,0
0.8062157221206581,2,0,2,14,0,0,0,0,0,0,0,1,0
0.3583180987202925,3,0,1,8,0,1,0,0,0,0,0,0,0
0.3583180987202925,3,0,1,9,0,0,0,0,0,1,0,0,0
0.5822669104204753,3,0,1,10,0,0,1,0,0,0,0,0,0
0.5822669104204753,3,0,1,10,0,0,1,0,0,0,0,0,0
0.8062157221206581,3,0,1,11,0,0,0,0,0,0,0,0,1
0.3583180987202925,3,0,1,11,0,1,0,0,0,0,0,0,0
0.8062157221206581,3,0,2,14,0,0,0,1,0,0,0,0,0
0.8062157221206581,3,0,2,15,0,0,0,0,0,0,0,0,1
0.8062157221206581,3,0,2,16,0,0,0,0,0,0,0,0,1
0.8062157221206581,4,0,1,11,0,0,0,0,0,0,0,0,1
0.8062157221206581,4,0,2,16,0,0,0,0,0,0,0,1,0
0.8062157221206581,4,0,3,22,0,0,0,0,0,0,0,0,1
0.8062157221206581,4,0,3,22,0,0,0,0,0,0,0,1,0
0.5822669104204753,5,1,1,11,0,0,1,0,0,0,0,0,0
0.3583180987202925,5,1,2,14,0,1,0,0,0,0,0,0,0
0.8062157221206581,5,1,2,15,0,0,0,0,0,0,0,0,1
0.8062157221206581,5,1,3,19,0,0,0,1,0,0,0,0,0
0.5822669104204753,5,1,3,22,0,0,1,0,0,0,0,0,0
0.3583180987202925,5,1,3,22,0,1,0,0,0,0,0,0,0
0.3583180987202925,6,1,1,8,0,0,0,0,0,1,0,0,0
0.8062157221206581,6,1,1,10,0,0,0,0,0,0,0,0,1
0.8062157221206581,6,1,1,10,0,0,0,1,0,0,0,0,0
0.3583180987202925,6,1,2,12,0,0,0,0,0,1,0,0,0
0.5822669104204753,6,1,2,13,0,0,1,0,0,0,0,0,0
0.5822669104204753,6,1,2,13,0,0,1,0,0,0,0,0,0
0.8062157221206581,6,1,2,17,0,0,0,1,0,0,0,0,0
0.13436928702010958,6,1,3,18,0,0,0,0,0,0,1,0,0
0.8062157221206581,6,1,3,20,0,0,0,1,0,0,0,0,0
0.5822669104204753,6,1,3,21,0,0,1,0,0,0,0,0,0
0.5822669104204753,6,1,3,21,0,0,1,0,0,0,0,0,0
0.8062157221206581,0,0,1,8,0,0,0,1,0,0,0,0,0
0.3583180987202925,0,0,1,9,0,1,0,0,0,0,0,0,0
0.5822669104204753,0,0,1,9,0,0,1,0,0,0,0,0,0
0.3583180987202925,0,0,2,13,0,0,0,0,0,1,0,0,0
0.8062157221206581,0,0,3,21,0,0,0,0,1,0,0,0,0
0.3583180987202925,1,0,2,12,0,0,0,0,0,1,0,0,0
0.8062157221206581,1,0,3,18,0,0,0,0,0,0,0,1,0
0.8062157221206581,2,0,1,7,0,0,0,0,0,0,0,0,1
0.3583180987202925,2,0,1,10,0,0,0,0,0,1,0,0,0
0.8062157221206581,2,0,2,12,0,0,0,0,0,0,0,1,0
0.13436928702010958,2,0,2,12,0,0,0,0,0,0,1,0,0
0.8062157221206581,2,0,2,17,0,0,0,0,1,0,0,0,0
0.8062157221206581,2,0,3,21,0,0,0,0,0,0,0,0,1
0.8062157221206581,2,0,3,21,0,0,0,0,0,0,0,0,1
0.5822669104204753,3,0,1,7,0,0,1,0,0,0,0,0,0
0.3583180987202925,3,0,2,12,0,1,0,0,0,0,0,0,0
0.13436928702010958,3,0,2,16,0,0,0,0,0,0,1,0,0
0.13436928702010958,3,0,2,16,0,0,0,0,0,0,1,0,0
0.3583180987202925,3,0,2,16,0,1,0,0,0,0,0,0,0
0.8062157221206581,3,0,3,19,0,0,0,0,1,0,0,0,0
0.8062157221206581,3,0,3,19,0,0,0,0,1,0,0,0,0
0.3583180987202925,4,0,2,12,0,1,0,0,0,0,0,0,0
0.3583180987202925,4,0,2,12,0,1,0,0,0,0,0,0,0
0.8062157221206581,4,0,2,12,0,0,0,0,0,0,0,1,0
0.8062157221206581,4,0,2,14,0,0,0,0,0,0,0,1,0
0.8062157221206581,4,0,2,16,0,0,0,0,1,0,0,0,0
0.8062157221206581,4,0,3,19,0,0,0,1,0,0,0,0,0
0.8062157221206581,4,0,3,19,0,0,0,1,0,0,0,0,0
0.8062157221206581,4,0,3,21,0,0,0,0,0,0,0,0,1
0.5822669104204753,5,1,1,8,0,0,1,0,0,0,0,0,0
0.8062157221206581,5,1,1,9,0,0,0,0,1,0,0,0,0
0.8062157221206581,5,1,1,11,0,0,0,1,0,0,0,0,0
0.3583180987202925,5,1,2,13,0,1,0,0,0,0,0,0,0
0.8062157221206581,5,1,2,13,0,0,0,0,0,0,0,0,1
0.8062157221206581,5,1,2,16,0,0,0,0,1,0,0,0,0
0.3583180987202925,5,1,2,16,0,1,0,0,0,0,0,0,0
0.3583180987202925,5,1,2,16,0,1,0,0,0,0,0,0,0
0.3583180987202925,5,1,2,17,0,1,0,0,0,0,0,0,0
0.3583180987202925,5,1,2,17,0,1,0,0,0,0,0,0,0
0.5822669104204753,5,1,3,18,0,0,1,0,0,0,0,0,0
0.8062157221206581,6,1,1,11,0,0,0,0,0,0,0,0,1
0.8062157221206581,6,1,1,11,0,0,0,0,1,0,0,0,0
0.8062157221206581,6,1,2,17,0,0,0,0,0,0,0,1,0
0.8062157221206581,0,0,1,7,0,0,0,0,0,0,0,0,1
0.8062157221206581,0,0,1,8,0,0,0,0,0,0,0,1,0
0.8062157221206581,0,0,1,8,0,0,0,0,1,0,0,0,0
0.5822669104204753,0,0,2,12,0,0,1,0,0,0,0,0,0
0.8062157221206581,0,0,2,13,0,0,0,0,0,0,0,0,1
0.8062157221206581,0,0,2,14,0,0,0,0,0,0,0,1,0
0.8062157221206581,0,0,3,18,0,0,0,0,0,0,0,0,1
0.5822669104204753,0,0,3,18,0,0,1,0,0,0,0,0,0
0.3583180987202925,1,0,1,8,0,0,0,0,0,1,0,0,0
0.8062157221206581,1,0,1,8,0,0,0,1,0,0,0,0,0
0.5822669104204753,1,0,1,10,0,0,1,0,0,0,0,0,0
0.3583180987202925,1,0,2,16,0,1,0,0,0,0,0,0,0
0.8062157221206581,1,0,2,16,0,0,0,0,1,0,0,0,0
0.8062157221206581,1,0,2,17,0,0,0,1,0,0,0,0,0
0.8062157221206581,1,0,3,18,0,0,0,0,1,0,0,0,0
0.8062157221206581,2,0,1,9,0,0,0,0,0,0,0,0,1
0.5822669104204753,2,0,1,10,0,0,1,0,0,0,0,0,0
0.8062157221206581,2,0,1,10,0,0,0,0,0,0,0,0,1
0.8062157221206581,2,0,1,10,0,0,0,1,0,0,0,0,0
0.8062157221206581,3,0,1,10,0,0,0,0,0,0,0,1,0
0.5822669104204753,3,0,1,11,0,0,1,0,0,0,0,0,0
0.13436928702010958,3,0,2,12,0,0,0,0,0,0,1,0,0
0.8062157221206581,3,0,2,13,0,0,0,0,0,0,0,1,0
0.8062157221206581,3,0,3,19,0,0,0,1,0,0,0,0,0
0.8062157221206581,3,0,3,19,0,0,0,1,0,0,0,0,0
0.5822669104204753,3,0,3,19,0,0,1,0,0,0,0,0,0
0.8062157221206581,3,0,3,19,0,0,0,0,0,0,0,1,0
0.8062157221206581,3,0,3,21,0,0,0,0,0,0,0,0,1
0.8062157221206581,3,0,3,21,0,0,0,1,0,0,0,0,0
0.3583180987202925,4,0,1,8,0,0,0,0,0,1,0,0,0
0.5822669104204753,4,0,1,9,0,0,1,0,0,0,0,0,0
0.8062157221206581,4,0,1,10,0,0,0,1,0,0,0,0,0
0.3583180987202925,4,0,1,10,0,0,0,0,0,1,0,0,0
0.13436928702010958,4,0,2,12,0,0,0,0,0,0,1,0,0
0.5822669104204753,4,0,2,12,0,0,1,0,0,0,0,0,0
0.3583180987202925,4,0,2,14,0,0,0,0,0,1,0,0,0
0.8062157221206581,4,0,3,18,0,0,0,1,0,0,0,0,0
0.8062157221206581,4,0,3,18,0,0,0,1,0,0,0,0,0
0.8062157221206581,5,1,1,10,0,0,0,1,0,0,0,0,0
0.8062157221206581,5,1,1,10,0,0,0,0,0,0,0,0,1
0.3583180987202925,5,1,1,10,0,1,0,0,0,0,0,0,0
0.8062157221206581,5,1,2,15,0,0,0,0,0,0,0,1,0
0.8062157221206581,5,1,2,15,0,0,0,0,0,0,0,0,1
0.5822669104204753,5,1,2,15,0,0,1,0,0,0,0,0,0
0.8062157221206581,5,1,2,15,0,0,0,0,0,0,0,0,1
0.8062157221206581,5,1,2,17,0,0,0,0,1,0,0,0,0
0.8062157221206581,5,1,3,18,0,0,0,0,0,0,0,1,0
0.3583180987202925,5,1,3,18,0,0,0,0,0,1,0,0,0
0.5822669104204753,5,1,3,19,0,0,1,0,0,0,0,0,0
0.3583180987202925,5,1,3,19,0,0,0,0,0,1,0,0,0
0.3583180987202925,5,1,3,21,0,0,0,0,0,1,0,0,0
0.8062157221206581,5,1,3,21,0,0,0,0,0,0,0,0,1
0.3583180987202925,5,1,3,22,0,0,0,0,0,1,0,0,0
0.8062157221206581,6,1,1,10,0,0,0,1,0,0,0,0,0
0.8062157221206581,6,1,3,18,0,0,0,1,0,0,0,0,0
0.8062157221206581,6,1,3,19,0,0,0,0,0,0,0,1,0
0.8062157221206581,6,1,3,19,0,0,0,0,0,0,0,1,0
0.8062157221206581,6,1,3,20,0,0,0,0,0,0,0,1,0
0.8062157221206581,6,1,3,21,0,0,0,0,1,0,0,0,0
0.3583180987202925,6,1,3,21,0,0,0,0,0,1,0,0,0
0.3583180987202925,0,0,1,9,0,0,0,0,0,1,0,0,0
0.5822669104204753,0,0,1,9,0,0,1,0,0,0,0,0,0
0.5822669104204753,0,0,1,10,0,0,1,0,0,0,0,0,0
0.8062157221206581,0,0,1,11,0,0,0,1,0,0,0,0,0
0.8062157221206581,0,0,2,14,0,0,0,0,0,0,0,0,1
0.5822669104204753,0,0,2,15,0,0,1,0,0,0,0,0,0
0.8062157221206581,0,0,2,16,0,0,0,0,0,0,0,0,1
0.3583180987202925,0,0,2,17,0,0,0,0,0,1,0,0,0
0.8062157221206581,0,0,2,17,0,0,0,0,0,0,0,0,1
0.3583180987202925,0,0,3,20,0,0,0,0,0,1,0,0,0
0.5822669104204753,1,0,2,15,0,0,1,0,0,0,0,0,0
0.8062157221206581,1,0,2,16,0,0,0,0,0,0,0,1,0
0.3583180987202925,1,0,2,17,0,0,0,0,0,1,0,0,0
0.8062157221206581,1,0,3,19,0,0,0,0,0,0,0,1,0
0.8062157221206581,1,0,3,19,0,0,0,0,0,0,0,0,1
0.13436928702010958,1,0,3,19,0,0,0,0,0,0,1,0,0
0.8062157221206581,1,0,3,19,0,0,0,1,0,0,0,0,0
0.8062157221206581,2,0,1,10,0,0,0,0,0,0,0,0,1
0.8062157221206581,2,0,1,10,0,0,0,0,0,0,0,0,1
0.5822669104204753,2,0,2,12,0,0,1,0,0,0,0,0,0
0.3583180987202925,2,0,2,12,0,1,0,0,0,0,0,0,0
0.5822669104204753,2,0,2,13,0,0,1,0,0,0,0,0,0
0.3583180987202925,2,0,2,13,0,1,0,0,0,0,0,0,0
0.8062157221206581,2,0,3,20,0,0,0,1,0,0,0,0,0
0.8062157221206581,2,0,3,21,0,0,0,0,1,0,0,0,0
0.8062157221206581,2,0,3,21,0,0,0,0,1,0,0,0,0
0.8062157221206581,2,0,3,21,0,0,0,0,0,0,0,0,1
0.8062157221206581,2,0,3,22,0,0,0,1,0,0,0,0,0
0.5822669104204753,2,0,3,22,0,0,1,0,0,0,0,0,0
0.8062157221206581,3,0,2,13,0,0,0,1,0,0,0,0,0
0.13436928702010958,3,0,2,15,0,0,0,0,0,0,1,0,0
0.3583180987202925,4,0,1,7,0,1,0,0,0,0,0,0,0
0.3583180987202925,4,0,1,8,0,0,0,0,0,1,0,0,0
0.3583180987202925,4,0,1,9,0,0,0,0,0,1,0,0,0
0.5822669104204753,4,0,1,10,0,0,1,0,0,0,0,0,0
0.8062157221206581,4,0,2,17,0,0,0,0,0,0,0,0,1
0.3583180987202925,4,0,3,19,0,1,0,0,0,0,0,0,0
0.5822669104204753,4,0,3,19,0,0,1,0,0,0,0,0,0
0.8062157221206581,4,0,3,22,0,0,0,0,1,0,0,0,0
0.3583180987202925,5,1,1,9,0,0,0,0,0,1,0,0,0
0.3583180987202925,5,1,1,9,0,0,0,0,0,1,0,0,0
0.5822669104204753,5,1,1,10,0,0,1,0,0,0,0,0,0
0.8062157221206581,5,1,1,10,0,0,0,0,0,0,0,0,1
0.8062157221206581,5,1,2,14,0,0,0,1,0,0,0,0,0
0.8062157221206581,5,1,2,14,0,0,0,0,0,0,0,1,0
0.8062157221206581,5,1,2,17,0,0,0,0,0,0,0,0,1
0.8062157221206581,5,1,3,22,0,0,0,1,0,0,0,0,0
0.3583180987202925,6,1,2,13,0,0,0,0,0,1,0,0,0
0.13436928702010958,6,1,2,15,0,0,0,0,0,0,1,0,0
0.3583180987202925,6,1,2,15,0,1,0,0,0,0,0,0,0
0.3583180987202925,6,1,2,17,0,0,0,0,0,1,0,0,0
0.13436928702010958,6,1,2,17,0,0,0,0,0,0,1,0,0
0.3583180987202925,6,1,3,19,0,0,0,0,0,1,0,0,0
0.8062157221206581,6,1,3,20,0,0,0,0,0,0,0,1,0
0.8062157221206581,6,1,3,21,0,0,0,0,0,0,0,0,1
0.3583180987202925,0,0,1,9,0,0,0,0,0,1,0,0,0
0.5822669104204753,0,0,1,9,0,0,1,0,0,0,0,0,0
0.8062157221206581,0,0,2,13,0,0,0,0,0,0,0,0,1
0.8062157221206581,0,0,2,13,0,0,0,0,0,0,0,1,0
0.8062157221206581,0,0,2,15,0,0,0,0,0,0,0,0,1
0.5822669104204753,0,0,2,15,0,0,1,0,0,0,0,0,0
0.5822669104204753,0,0,2,16,0,0,1,0,0,0,0,0,0
0.3583180987202925,0,0,2,16,0,1,0,0,0,0,0,0,0
0.8062157221206581,0,0,2,16,0,0,0,1,0,0,0,0,0
0.3583180987202925,1,0,1,8,0,0,0,0,0,1,0,0,0
0.8062157221206581,1,0,1,9,0,0,0,1,0,0,0,0,0
0.3583180987202925,1,0,1,9,0,0,0,0,0,1,0,0,0
0.8062157221206581,1,0,1,9,0,0,0,0,1,0,0,0,0
0.5822669104204753,1,0,1,10,0,0,1,0,0,0,0,0,0
0.5822669104204753,1,0,1,10,0,0,1,0,0,0,0,0,0
0.8062157221206581,1,0,1,11,0,0,0,1,0,0,0,0,0
0.5822669104204753,1,0,1,11,0,0,1,0,0,0,0,0,0
0.13436928702010958,1,0,2,15,0,0,0,0,0,0,1,0,0
0.3583180987202925,1,0,2,15,0,1,0,0,0,0,0,0,0
0.8062157221206581,1,0,2,16,0,0,0,1,0,0,0,0,0
0.8062157221206581,1,0,2,17,0,0,0,0,0,0,0,0,1
0.5822669104204753,1,0,2,17,0,0,1,0,0,0,0,0,0
0.8062157221206581,1,0,2,17,0,0,0,1,0,0,0,0,0
0.8062157221206581,1,0,3,19,0,0,0,0,0,0,0,0,1
0.8062157221206581,1,0,3,19,0,0,0,0,0,0,0,1,0
0.5822669104204753,3,0,1,9,0,0,1,0,0,0,0,0,0
0.8062157221206581,3,0,2,13,0,0,0,0,1,0,0,0,0
0.8062157221206581,3,0,2,13,0,0,0,0,1,0,0,0,0
0.3583180987202925,3,0,2,14,0,0,0,0,0,1,0,0,0
0.3583180987202925,3,0,2,14,0,0,0,0,0,1,0,0,0
0.3583180987202925,3,0,2,16,0,1,0,0,0,0,0,0,0
0.8062157221206581,3,0,2,16,0,0,0,0,0,0,0,1,0
0.5822669104204753,3,0,2,16,0,0,1,0,0,0,0,0,0
0.8062157221206581,3,0,2,17,0,0,0,1,0,0,0,0,0
0.3583180987202925,4,0,1,9,0,0,0,0,0,1,0,0,0
0.5822669104204753,4,0,1,10,0,0,1,0,0,0,0,0,0
0.5822669104204753,4,0,2,16,0,0,1,0,0,0,0,0,0
0.8062157221206581,4,0,3,22,0,0,0,1,0,0,0,0,0
0.3583180987202925,4,0,3,22,0,1,0,0,0,0,0,0,0
0.3583180987202925,4,0,3,22,0,1,0,0,0,0,0,0,0
0.8062157221206581,4,0,3,22,0,0,0,0,0,0,0,0,1
0.3583180987202925,5,1,1,8,0,0,0,0,0,1,0,0,0
0.3583180987202925,5,1,1,9,0,1,0,0,0,0,0,0,0
0.8062157221206581,5,1,2,13,0,0,0,1,0,0,0,0,0
0.8062157221206581,5,1,2,15,0,0,0,0,1,0,0,0,0
0.5822669104204753,5,1,2,16,0,0,1,0,0,0,0,0,0
0.8062157221206581,5,1,2,16,0,0,0,1,0,0,0,0,0
0.8062157221206581,5,1,2,16,0,0,0,1,0,0,0,0,0
0.3583180987202925,5,1,2,16,0,0,0,0,0,1,0,0,0
0.3583180987202925,5,1,3,18,0,1,0,0,0,0,0,0,0
0.8062157221206581,5,1,3,22,0,0,0,0,0,0,0,0,1
0.5822669104204753,6,1,1,9,0,0,1,0,0,0,0,0,0
0.8062157221206581,6,1,1,10,0,0,0,0,0,0,0,0,1
0.5822669104204753,6,1,3,22,0,0,1,0,0,0,0,0,0
0.3583180987202925,0,0,3,19,0,1,0,0,0,0,0,0,0
0.8062157221206581,1,0,2,13,0,0,0,1,0,0,0,0,0
0.8062157221206581,1,0,3,22,0,0,0,0,1,0,0,0,0
0.8062157221206581,1,0,3,22,0,0,0,0,1,0,0,0,0
0.5822669104204753,2,0,1,7,0,0,1,0,0,0,0,0,0
0.8062157221206581,2,0,1,9,0,0,0,0,0,0,0,0,1
0.3583180987202925,2,0,1,10,0,0,0,0,0,1,0,0,0
0.8062157221206581,2,0,2,17,0,0,0,1,0,0,0,0,0
0.3583180987202925,3,0,1,8,0,1,0,0,0,0,0,0,0
0.8062157221206581,3,0,1,8,0,0,0,0,0,0,0,0,1
0.5822669104204753,3,0,1,9,0,0,1,0,0,0,0,0,0
0.13436928702010958,3,0,2,14,0,0,0,0,0,0,1,0,0
0.8062157221206581,3,0,2,15,0,0,0,0,0,0,0,0,1
0.5822669104204753,3,0,2,15,0,0,1,0,0,0,0,0,0
0.3583180987202925,3,0,2,15,0,0,0,0,0,1,0,0,0
0.5822669104204753,3,0,3,20,0,0,1,0,0,0,0,0,0
0.8062157221206581,3,0,3,22,0,0,0,0,0,0,0,0,1
0.5822669104204753,4,0,1,8,0,0,1,0,0,0,0,0,0
0.5822669104204753,4,0,1,9,0,0,1,0,0,0,0,0,0
0.8062157221206581,4,0,2,17,0,0,0,1,0,0,0,0,0
0.8062157221206581,4,0,2,17,0,0,0,0,0,0,0,1,0
0.5822669104204753,4,0,2,17,0,0,1,0,0,0,0,0,0
0.5822669104204753,5,1,1,7,0,0,1,0,0,0,0,0,0
0.8062157221206581,5,1,1,10,0,0,0,0,0,0,0,1,0
0.3583180987202925,5,1,1,11,0,1,0,0,0,0,0,0,0
0.8062157221206581,5,1,1,11,0,0,0,0,0,0,0,0,1
0.8062157221206581,5,1,1,11,0,0,0,0,0,0,0,0,1
0.8062157221206581,5,1,2,12,0,0,0,0,0,0,0,0,1
0.8062157221206581,5,1,2,12,0,0,0,0,0,0,0,0,1
0.5822669104204753,5,1,2,14,0,0,1,0,0,0,0,0,0
0.5822669104204753,5,1,2,14,0,0,1,0,0,0,0,0,0
0.8062157221206581,5,1,2,14,0,0,0,1,0,0,0,0,0
0.8062157221206581,5,1,2,14,0,0,0,0,0,0,0,0,1
0.3583180987202925,5,1,2,17,0,0,0,0,0,1,0,0,0
0.8062157221206581,5,1,2,17,0,0,0,0,0,0,0,0,1
0.3583180987202925,5,1,2,17,0,0,0,0,0,1,0,0,0
0.5822669104204753,5,1,3,18,0,0,1,0,0,0,0,0,0
0.5822669104204753,6,1,1,11,0,0,1,0,0,0,0,0,0
0.3583180987202925,6,1,1,11,0,1,0,0,0,0,0,0,0
0.5822669104204753,6,1,1,11,0,0,1,0,0,0,0,0,0
0.8062157221206581,6,1,2,16,0,0,0,0,0,0,0,1,0
0.5822669104204753,6,1,3,20,0,0,1,0,0,0,0,0,0
0.5822669104204753,0,0,1,8,0,0,1,0,0,0,0,0,0
0.5822669104204753,0,0,1,9,0,0,1,0,0,0,0,0,0
0.3583180987202925,0,0,2,13,0,0,0,0,0,1,0,0,0
0.8062157221206581,0,0,2,13,0,0,0,0,0,0,0,0,1
0.8062157221206581,0,0,2,14,0,0,0,0,0,0,0,0,1
0.8062157221206581,0,0,2,14,0,0,0,1,0,0,0,0,0
0.8062157221206581,0,0,2,16,0,0,0,0,0,0,0,0,1
0.13436928702010958,0,0,3,20,0,0,0,0,0,0,1,0,0
0.8062157221206581,1,0,1,7,0,0,0,0,0,0,0,0,1
0.3583180987202925,1,0,1,9,0,0,0,0,0,1,0,0,0
0.5822669104204753,1,0,1,10,0,0,1,0,0,0,0,0,0
0.8062157221206581,1,0,2,12,0,0,0,0,0,0,0,0,1
0.5822669104204753,1,0,2,16,0,0,1,0,0,0,0,0,0
0.5822669104204753,1,0,2,16,0,0,1,0,0,0,0,0,0
0.8062157221206581,1,0,3,19,0,0,0,1,0,0,0,0,0
0.8062157221206581,1,0,3,21,0,0,0,0,0,0,0,0,1
0.5822669104204753,2,0,1,9,0,0,1,0,0,0,0,0,0
0.3583180987202925,2,0,1,11,0,1,0,0,0,0,0,0,0
0.8062157221206581,2,0,2,13,0,0,0,1,0,0,0,0,0
0.8062157221206581,2,0,2,15,0,0,0,0,0,0,0,0,1
0.8062157221206581,2,0,2,15,0,0,0,1,0,0,0,0,0
0.8062157221206581,2,0,2,15,0,0,0,0,0,0,0,0,1
0.8062157221206581,2,0,2,16,0,0,0,0,0,0,0,0,1
0.8062157221206581,2,0,3,18,0,0,0,0,0,0,0,0,1
0.8062157221206581,2,0,3,19,0,0,0,0,0,0,0,0,1
0.8062157221206581,2,0,3,21,0,0,0,1,0,0,0,0,0
0.8062157221206581,3,0,1,9,0,0,0,0,0,0,0,0,1
0.5822669104204753,3,0,1,9,0,0,1,0,0,0,0,0,0
0.5822669104204753,3,0,1,10,0,0,1,0,0,0,0,0,0
0.3583180987202925,3,0,2,12,0,0,0,0,0,1,0,0,0
0.8062157221206581,3,0,2,15,0,0,0,0,0,0,0,0,1
0.8062157221206581,3,0,2,16,0,0,0,0,0,0,0,0,1
0.8062157221206581,3,0,3,18,0,0,0,1,0,0,0,0,0
0.8062157221206581,3,0,3,21,0,0,0,0,0,0,0,1,0
0.8062157221206581,3,0,3,21,0,0,0,0,0,0,0,1,0
0.3583180987202925,3,0,3,21,0,0,0,0,0,1,0,0,0
0.8062157221206581,4,0,1,7,0,0,0,0,1,0,0,0,0
0.8062157221206581,4,0,1,8,0,0,0,0,0,0,0,0,1
0.8062157221206581,4,0,1,8,0,0,0,1,0,0,0,0,0
0.5822669104204753,4,0,1,8,0,0,1,0,0,0,0,0,0
0.5822669104204753,4,0,1,9,0,0,1,0,0,0,0,0,0
0.8062157221206581,4,0,2,14,0,0,0,0,1,0,0,0,0
0.8062157221206581,4,0,2,14,0,0,0,0,1,0,0,0,0
0.8062157221206581,4,0,2,17,0,0,0,0,0,0,0,1,0
0.8062157221206581,4,0,3,21,0,0,0,0,0,0,0,1,0
0.5822669104204753,5,1,1,10,0,0,1,0,0,0,0,0,0
0.8062157221206581,5,1,2,16,0,0,0,0,0,0,0,1,0
0.8062157221206581,5,1,2,16,0,0,0,0,0,0,0,0,1
0.8062157221206581,5,1,2,16,0,0,0,0,0,0,0,1,0
0.5822669104204753,0,0,1,8,0,0,1,0,0,0,0,0,0
0.5822669104204753,0,0,1,10,0,0,1,0,0,0,0,0,0
0.3583180987202925,0,0,1,11,0,0,0,0,0,1,0,0,0
0.3583180987202925,0,0,2,12,0,1,0,0,0,0,0,0,0
0.3583180987202925,0,0,2,12,0,0,0,0,0,1,0,0,0
0.5822669104204753,0,0,2,13,0,0,1,0,0,0,0,0,0
0.8062157221206581,0,0,3,20,0,0,0,0,0,0,0,1,0
0.8062157221206581,0,0,3,20,0,0,0,1,0,0,0,0,0
0.8062157221206581,0,0,3,20,0,0,0,1,0,0,0,0,0
0.8062157221206581,0,0,3,21,0,0,0,0,0,0,0,0,1
0.8062157221206581,1,0,1,8,0,0,0,0,1,0,0,0,0
0.3583180987202925,1,0,1,8,0,0,0,0,0,1,0,0,0
0.5822669104204753,1,0,1,8,0,0,1,0,0,0,0,0,0
0.3583180987202925,1,0,2,15,0,1,0,0,0,0,0,0,0
0.8062157221206581,1,0,3,18,0,0,0,0,0,0,0,1,0
0.8062157221206581,1,0,3,18,0,0,0,0,0,0,0,0,1
0.8062157221206581,1,0,3,18,0,0,0,0,0,0,0,0,1
0.3583180987202925,1,0,3,19,0,1,0,0,0,0,0,0,0
0.13436928702010958,2,0,1,11,0,0,0,0,0,0,1,0,0
0.5822669104204753,2,0,2,17,0,0,1,0,0,0,0,0,0
0.8062157221206581,2,0,3,18,0,0,0,0,1,0,0,0,0
0.5822669104204753,2,0,3,19,0,0,1,0,0,0,0,0,0
0.8062157221206581,2,0,3,19,0,0,0,1,0,0,0,0,0
0.8062157221206581,2,0,3,19,0,0,0,0,0,0,0,0,1
0.5822669104204753,2,0,3,20,0,0,1,0,0,0,0,0,0
0.8062157221206581,4,0,2,13,0,0,0,1,0,0,0,0,0
0.3583180987202925,4,0,2,13,0,0,0,0,0,1,0,0,0
0.8062157221206581,4,0,2,15,0,0,0,0,1,0,0,0,0
0.3583180987202925,4,0,2,17,0,1,0,0,0,0,0,0,0
0.8062157221206581,4,0,3,21,0,0,0,0,1,0,0,0,0
0.8062157221206581,4,0,3,22,0,0,0,0,0,0,0,1,0
0.8062157221206581,4,0,3,22,0,0,0,0,0,0,0,0,1
0.8062157221206581,5,1,2,13,0,0,0,1,0,0,0,0,0
0.8062157221206581,5,1,2,14,0,0,0,1,0,0,0,0,0
0.3583180987202925,5,1,2,14,0,1,0,0,0,0,0,0,0
0.3583180987202925,6,1,2,12,0,1,0,0,0,0,0,0,0
0.13436928702010958,6,1,2,12,0,0,0,0,0,0,1,0,0
0.3583180987202925,0,0,1,8,0,0,0,0,0,1,0,0,0
0.3583180987202925,0,0,1,8,0,1,0,0,0,0,0,0,0
0.8062157221206581,0,0,2,12,0,0,0,1,0,0,0,0,0
0.5822669104204753,0,0,2,13,0,0,1,0,0,0,0,0,0
0.5822669104204753,0,0,2,15,0,0,1,0,0,0,0,0,0
0.3583180987202925,0,0,2,15,0,0,0,0,0,1,0,0,0
0.5822669104204753,0,0,2,15,0,0,1,0,0,0,0,0,0
0.8062157221206581,0,0,3,18,0,0,0,0,0,0,0,0,1
0.8062157221206581,0,0,3,19,0,0,0,0,0,0,0,0,1
0.8062157221206581,0,0,3,19,0,0,0,0,0,0,0,0,1
0.8062157221206581,1,0,1,8,0,0,0,0,0,0,0,0,1
0.3583180987202925,1,0,1,9,0,1,0,0,0,0,0,0,0
0.5822669104204753,1,0,1,11,0,0,1,0,0,0,0,0,0
0.3583180987202925,1,0,2,12,0,1,0,0,0,0,0,0,0
0.8062157221206581,1,0,2,16,0,0,0,0,1,0,0,0,0
0.3583180987202925,1,0,2,16,0,0,0,0,0,1,0,0,0
0.3583180987202925,1,0,2,17,0,1,0,0,0,0,0,0,0
0.8062157221206581,1,0,3,20,0,0,0,0,0,0,0,0,1
0.8062157221206581,1,0,3,20,0,0,0,1,0,0,0,0,0
0.3583180987202925,2,0,1,9,0,1,0,0,0,0,0,0,0
0.3583180987202925,2,0,2,16,0,1,0,0,0,0,0,0,0
0.5822669104204753,2,0,3,19,0,0,1,0,0,0,0,0,0
0.13436928702010958,2,0,3,19,0,0,0,0,0,0,1,0,0
0.5822669104204753,3,0,1,9,0,0,1,0,0,0,0,0,0
0.5822669104204753,3,0,1,10,0,0,1,0,0,0,0,0,0
0.3583180987202925,3,0,1,11,0,0,0,0,0,1,0,0,0
0.8062157221206581,3,0,2,12,0,0,0,0,0,0,0,1,0
0.3583180987202925,3,0,2,13,0,1,0,0,0,0,0,0,0
0.5822669104204753,3,0,2,14,0,0,1,0,0,0,0,0,0
0.8062157221206581,3,0,2,17,0,0,0,0,0,0,0,1,0
0.5822669104204753,3,0,3,18,0,0,1,0,0,0,0,0,0
0.3583180987202925,3,0,3,18,0,0,0,0,0,1,0,0,0
0.3583180987202925,4,0,1,8,0,1,0,0,0,0,0,0,0
0.5822669104204753,4,0,1,8,0,0,1,0,0,0,0,0,0
0.5822669104204753,4,0,1,9,0,0,1,0,0,0,0,0,0
0.8062157221206581,4,0,1,9,0,0,0,0,1,0,0,0,0
0.8062157221206581,4,0,1,9,0,0,0,1,0,0,0,0,0
0.8062157221206581,4,0,1,9,0,0,0,1,0,0,0,0,0
0.8062157221206581,4,0,2,12,0,0,0,0,0,0,0,0,1
0.8062157221206581,4,0,2,12,0,0,0,0,0,0,0,0,1
0.8062157221206581,4,0,2,14,0,0,0,1,0,0,0,0,0
0.5822669104204753,4,0,2,16,0,0,1,0,0,0,0,0,0
0.5822669104204753,4,0,3,22,0,0,1,0,0,0,0,0,0
0.3583180987202925,4,0,3,22,0,1,0,0,0,0,0,0,0
0.5822669104204753,5,1,1,8,0,0,1,0,0,0,0,0,0
0.5822669104204753,5,1,1,10,0,0,1,0,0,0,0,0,0
0.3583180987202925,5,1,2,13,0,0,0,0,0,1,0,0,0
0.3583180987202925,5,1,2,13,0,0,0,0,0,1,0,0,0
0.8062157221206581,5,1,2,14,0,0,0,1,0,0,0,0,0
0.8062157221206581,5,1,2,14,0,0,0,1,0,0,0,0,0
0.8062157221206581,5,1,2,15,0,0,0,0,0,0,0,0,1
0.8062157221206581,5,1,3,18,0,0,0,1,0,0,0,0,0
0.5822669104204753,5,1,3,19,0,0,1,0,0,0,0,0,0
0.5822669104204753,5,1,3,19,0,0,1,0,0,0,0,0,0
0.5822669104204753,5,1,3,21,0,0,1,0,0,0,0,0,0
0.8062157221206581,6,1,1,10,0,0,0,1,0,0,0,0,0
0.8062157221206581,6,1,1,10,0,0,0,1,0,0,0,0,0
0.8062157221206581,6,1,2,12,0,0,0,0,0,0,0,0,1
0.8062157221206581,6,1,2,12,0,0,0,0,0,0,0,0,1
0.5822669104204753,6,1,2,14,0,0,1,0,0,0,0,0,0
0.8062157221206581,6,1,2,16,0,0,0,0,0,0,0,0,1
0.8062157221206581,6,1,2,16,0,0,0,0,0,0,0,0,1
0.8062157221206581,0,0,1,7,0,0,0,1,0,0,0,0,0
0.5822669104204753,0,0,1,7,0,0,1,0,0,0,0,0,0
0.13436928702010958,0,0,1,8,0,0,0,0,0,0,1,0,0
0.5822669104204753,0,0,1,8,0,0,1,0,0,0,0,0,0
0.3583180987202925,0,0,1,10,0,1,0,0,0,0,0,0,0
0.8062157221206581,0,0,1,10,0,0,0,1,0,0,0,0,0
0.5822669104204753,0,0,1,10,0,0,1,0,0,0,0,0,0
0.8062157221206581,0,0,2,13,0,0,0,1,0,0,0,0,0
0.8062157221206581,0,0,2,13,0,0,0,1,0,0,0,0,0
0.3583180987202925,0,0,2,13,0,1,0,0,0,0,0,0,0
0.3583180987202925,0,0,2,14,0,1,0,0,0,0,0,0,0
0.8062157221206581,0,0,2,14,0,0,0,0,0,0,0,0,1
0.8062157221206581,0,0,2,14,0,0,0,0,0,0,0,0,1
0.8062157221206581,0,0,2,15,0,0,0,0,0,0,0,0,1
0.3583180987202925,0,0,2,15,0,1,0,0,0,0,0,0,0
0.8062157221206581,0,0,2,17,0,0,0,0,1,0,0,0,0
0.5822669104204753,0,0,2,17,0,0,1,0,0,0,0,0,0
0.5822669104204753,0,0,2,17,0,0,1,0,0,0,0,0,0
0.5822669104204753,0,0,2,17,0,0,1,0,0,0,0,0,0
0.8062157221206581,0,0,2,17,0,0,0,0,0,0,0,1,0
0.8062157221206581,0,0,2,17,0,0,0,0,0,0,0,0,1
0.8062157221206581,0,0,2,17,0,0,0,0,0,0,0,1,0
0.5822669104204753,0,0,2,17,0,0,1,0,0,0,0,0,0
0.3583180987202925,0,0,3,18,0,1,0,0,0,0,0,0,0
0.8062157221206581,0,0,3,20,0,0,0,0,1,0,0,0,0
0.5822669104204753,1,0,1,10,0,0,1,0,0,0,0,0,0
0.3583180987202925,1,0,1,10,0,1,0,0,0,0,0,0,0
0.5822669104204753,1,0,2,12,0,0,1,0,0,0,0,0,0
0.3583180987202925,1,0,2,13,0,0,0,0,0,1,0,0,0
0.3583180987202925,1,0,2,14,0,1,0,0,0,0,0,0,0
0.5822669104204753,1,0,2,14,0,0,1,0,0,0,0,0,0
0.3583180987202925,1,0,2,14,0,1,0,0,0,0,0,0,0
0.5822669104204753,1,0,3,18,0,0,1,0,0,0,0,0,0
0.8062157221206581,1,0,3,19,0,0,0,0,1,0,0,0,0
0.8062157221206581,1,0,3,19,0,0,0,0,1,0,0,0,0
0.8062157221206581,1,0,3,19,0,0,0,0,1,0,0,0,0
0.3583180987202925,1,0,3,19,0,0,0,0,0,1,0,0,0
0.5822669104204753,2,0,1,8,0,0,1,0,0,0,0,0,0
0.5822669104204753,2,0,1,9,0,0,1,0,0,0,0,0,0
0.3583180987202925,2,0,1,11,0,1,0,0,0,0,0,0,0
0.3583180987202925,2,0,1,11,0,1,0,0,0,0,0,0,0
0.3583180987202925,2,0,1,11,0,1,0,0,0,0,0,0,0
0.5822669104204753,2,0,1,11,0,0,1,0,0,0,0,0,0
0.3583180987202925,2,0,2,12,0,1,0,0,0,0,0,0,0
0.3583180987202925,2,0,2,13,0,1,0,0,0,0,0,0,0
0.13436928702010958,2,0,2,13,0,0,0,0,0,0,1,0,0
0.13436928702010958,2,0,2,13,0,0,0,0,0,0,1,0,0
0.8062157221206581,2,0,2,14,0,0,0,1,0,0,0,0,0
0.8062157221206581,2,0,2,15,0,0,0,1,0,0,0,0,0
0.8062157221206581,2,0,2,16,0,0,0,0,0,0,0,1,0
0.8062157221206581,2,0,2,16,0,0,0,0,0,0,0,0,1
0.8062157221206581,2,0,2,16,0,0,0,0,0,0,0,0,1
0.8062157221206581,2,0,2,16,0,0,0,0,1,0,0,0,0
0.8062157221206581,2,0,2,16,0,0,0,0,0,0,0,1,0
0.8062157221206581,2,0,3,18,0,0,0,1,0,0,0,0,0
0.8062157221206581,2,0,3,18,0,0,0,1,0,0,0,0,0
0.8062157221206581,2,0,3,18,0,0,0,0,1,0,0,0,0
0.5822669104204753,2,0,3,18,0,0,1,0,0,0,0,0,0
0.8062157221206581,2,0,3,18,0,0,0,1,0,0,0,0,0
0.8062157221206581,2,0,3,19,0,0,0,0,0,0,0,1,0
0.8062157221206581,2,0,3,20,0,0,0,0,1,0,0,0,0
0.5822669104204753,3,0,1,7,0,0,1,0,0,0,0,0,0
0.3583180987202925,3,0,2,13,0,1,0,0,0,0,0,0,0
0.5822669104204753,3,0,2,14,0,0,1,0,0,0,0,0,0
0.8062157221206581,3,0,2,14,0,0,0,1,0,0,0,0,0
0.8062157221206581,3,0,2,16,0,0,0,0,1,0,0,0,0
0.8062157221206581,3,0,2,17,0,0,0,0,1,0,0,0,0
0.8062157221206581,3,0,2,17,0,0,0,0,1,0,0,0,0
0.8062157221206581,3,0,3,19,0,0,0,1,0,0,0,0,0
0.13436928702010958,3,0,3,19,0,0,0,0,0,0,1,0,0
0.8062157221206581,3,0,3,20,0,0,0,0,1,0,0,0,0
0.8062157221206581,3,0,3,20,0,0,0,0,1,0,0,0,0
0.8062157221206581,3,0,3,20,0,0,0,0,0,0,0,0,1
0.5822669104204753,4,0,1,8,0,0,1,0,0,0,0,0,0
0.5822669104204753,4,0,1,9,0,0,1,0,0,0,0,0,0
0.3583180987202925,4,0,1,10,0,1,0,0,0,0,0,0,0
0.8062157221206581,4,0,2,12,0,0,0,0,1,0,0,0,0
0.5822669104204753,4,0,2,12,0,0,1,0,0,0,0,0,0
0.3583180987202925,4,0,2,12,0,1,0,0,0,0,0,0,0
0.3583180987202925,4,0,2,16,0,0,0,0,0,1,0,0,0
0.8062157221206581,4,0,2,16,0,0,0,0,0,0,0,0,1
0.8062157221206581,4,0,2,16,0,0,0,0,0,0,0,1,0
0.8062157221206581,4,0,2,16,0,0,0,0,0,0,0,0,1
0.8062157221206581,4,0,3,18,0,0,0,0,1,0,0,0,0
0.8062157221206581,4,0,3,18,0,0,0,0,1,0,0,0,0
0.3583180987202925,4,0,3,18,0,0,0,0,0,1,0,0,0
0.8062157221206581,4,0,3,18,0,0,0,0,1,0,0,0,0
0.8062157221206581,4,0,3,20,0,0,0,0,1,0,0,0,0
0.3583180987202925,4,0,3,20,0,0,0,0,0,1,0,0,0
0.3583180987202925,5,1,1,9,0,1,0,0,0,0,0,0,0
0.5822669104204753,5,1,1,10,0,0,1,0,0,0,0,0,0
0.3583180987202925,5,1,1,11,0,0,0,0,0,1,0,0,0
0.3583180987202925,5,1,1,11,0,1,0,0,0,0,0,0,0
0.3583180987202925,5,1,2,12,0,1,0,0,0,0,0,0,0
0.3583180987202925,5,1,2,13,0,1,0,0,0,0,0,0,0
0.3583180987202925,5,1,2,15,0,1,0,0,0,0,0,0,0
0.3583180987202925,5,1,2,15,0,1,0,0,0,0,0,0,0
0.8062157221206581,6,1,1,8,0,0,0,0,1,0,0,0,0
0.5822669104204753,6,1,1,10,0,0,1,0,0,0,0,0,0
0.3583180987202925,6,1,1,10,0,1,0,0,0,0,0,0,0
0.8062157221206581,6,1,2,12,0,0,0,0,0,0,0,0,1
0.8062157221206581,6,1,2,15,0,0,0,0,1,0,0,0,0
0.8062157221206581,6,1,2,15,0,0,0,0,0,0,0,0,1
0.8062157221206581,6,1,2,15,0,0,0,0,0,0,0,1,0
0.8062157221206581,6,1,2,15,0,0,0,0,1,0,0,0,0
0.3583180987202925,6,1,2,16,0,0,0,0,0,1,0,0,0
0.3583180987202925,0,0,1,7,0,1,0,0,0,0,0,0,0
0.3583180987202925,0,0,1,8,0,1,0,0,0,0,0,0,0
0.3583180987202925,0,0,1,8,0,1,0,0,0,0,0,0,0
0.5822669104204753,0,0,1,11,0,0,1,0,0,0,0,0,0
0.3583180987202925,0,0,2,13,0,1,0,0,0,0,0,0,0
0.8062157221206581,0,0,2,13,0,0,0,0,1,0,0,0,0
0.5822669104204753,0,0,2,13,0,0,1,0,0,0,0,0,0
0.3583180987202925,0,0,2,13,0,1,0,0,0,0,0,0,0
0.8062157221206581,0,0,2,14,0,0,0,0,0,0,0,0,1
0.3583180987202925,0,0,2,14,0,1,0,0,0,0,0,0,0
0.8062157221206581,0,0,2,14,0,0,0,0,1,0,0,0,0
0.8062157221206581,0,0,2,14,0,0,0,0,1,0,0,0,0
0.8062157221206581,0,0,2,15,0,0,0,1,0,0,0,0,0
0.5822669104204753,0,0,2,15,0,0,1,0,0,0,0,0,0
0.8062157221206581,0,0,2,15,0,0,0,0,0,0,0,0,1
0.8062157221206581,0,0,2,15,0,0,0,0,0,0,0,1,0
0.8062157221206581,0,0,2,16,0,0,0,0,1,0,0,0,0
0.3583180987202925,0,0,2,17,0,1,0,0,0,0,0,0,0
0.5822669104204753,0,0,3,18,0,0,1,0,0,0,0,0,0
0.8062157221206581,0,0,3,19,0,0,0,0,0,0,0,0,1
0.8062157221206581,0,0,3,19,0,0,0,0,0,0,0,0,1
0.3583180987202925,1,0,1,10,0,1,0,0,0,0,0,0,0
0.3583180987202925,1,0,1,11,0,1,0,0,0,0,0,0,0
0.5822669104204753,1,0,1,11,0,0,1,0,0,0,0,0,0
0.8062157221206581,1,0,1,11,0,0,0,0,1,0,0,0,0
0.8062157221206581,1,0,2,15,0,0,0,0,0,0,0,1,0
0.5822669104204753,1,0,2,16,0,0,1,0,0,0,0,0,0
0.13436928702010958,1,0,2,16,0,0,0,0,0,0,1,0,0
0.8062157221206581,1,0,2,17,0,0,0,0,0,0,0,0,1
0.5822669104204753,1,0,2,17,0,0,1,0,0,0,0,0,0
0.5822669104204753,1,0,2,17,0,0,1,0,0,0,0,0,0
0.3583180987202925,1,0,2,17,0,1,0,0,0,0,0,0,0
0.5822669104204753,1,0,2,17,0,0,1,0,0,0,0,0,0
0.8062157221206581,1,0,3,19,0,0,0,0,0,0,0,0,1
0.8062157221206581,1,0,3,19,0,0,0,0,1,0,0,0,0
0.8062157221206581,2,0,1,7,0,0,0,1,0,0,0,0,0
0.3583180987202925,2,0,1,7,0,1,0,0,0,0,0,0,0
0.8062157221206581,2,0,1,8,0,0,0,0,1,0,0,0,0
0.5822669104204753,2,0,1,9,0,0,1,0,0,0,0,0,0
0.3583180987202925,2,0,1,10,0,1,0,0,0,0,0,0,0
0.3583180987202925,2,0,2,12,0,1,0,0,0,0,0,0,0
0.3583180987202925,2,0,2,13,0,1,0,0,0,0,0,0,0
0.8062157221206581,2,0,2,13,0,0,0,0,0,0,0,1,0
0.8062157221206581,2,0,2,15,0,0,0,0,0,0,0,1,0
0.8062157221206581,2,0,2,15,0,0,0,0,0,0,0,0,1
0.8062157221206581,2,0,2,15,0,0,0,0,0,0,0,1,0
0.3583180987202925,2,0,2,16,0,1,0,0,0,0,0,0,0
0.3583180987202925,2,0,2,16,0,1,0,0,0,0,0,0,0
0.8062157221206581,2,0,2,17,0,0,0,1,0,0,0,0,0
0.3583180987202925,2,0,2,17,0,1,0,0,0,0,0,0,0
0.8062157221206581,2,0,3,20,0,0,0,0,0,0,0,0,1
0.8062157221206581,2,0,3,20,0,0,0,0,1,0,0,0,0
0.8062157221206581,2,0,3,21,0,0,0,1,0,0,0,0,0
0.5822669104204753,3,0,1,7,0,0,1,0,0,0,0,0,0
0.3583180987202925,3,0,1,8,0,1,0,0,0,0,0,0,0
0.13436928702010958,3,0,1,9,0,0,0,0,0,0,1,0,0
0.8062157221206581,3,0,1,9,0,0,0,0,1,0,0,0,0
0.5822669104204753,3,0,1,10,0,0,1,0,0,0,0,0,0
0.5822669104204753,3,0,1,10,0,0,1,0,0,0,0,0,0
0.3583180987202925,3,0,2,16,0,1,0,0,0,0,0,0,0
0.3583180987202925,3,0,2,16,0,1,0,0,0,0,0,0,0
0.5822669104204753,3,0,2,17,0,0,1,0,0,0,0,0,0
0.5822669104204753,3,0,2,17,0,0,1,0,0,0,0,0,0
0.8062157221206581,3,0,3,18,0,0,0,0,0,0,0,0,1
0.8062157221206581,3,0,3,18,0,0,0,1,0,0,0,0,0
0.8062157221206581,3,0,3,19,0,0,0,0,0,0,0,0,1
0.3583180987202925,4,0,1,11,0,1,0,0,0,0,0,0,0
0.8062157221206581,4,0,2,14,0,0,0,0,0,0,0,1,0
0.3583180987202925,4,0,2,14,0,1,0,0,0,0,0,0,0
0.13436928702010958,4,0,2,14,0,0,0,0,0,0,1,0,0
0.5822669104204753,4,0,2,14,0,0,1,0,0,0,0,0,0
0.8062157221206581,4,0,2,15,0,0,0,1,0,0,0,0,0
0.8062157221206581,4,0,2,15,0,0,0,1,0,0,0,0,0
0.8062157221206581,4,0,2,15,0,0,0,0,0,0,0,0,1
0.8062157221206581,4,0,2,15,0,0,0,0,0,0,0,1,0
0.8062157221206581,4,0,2,15,0,0,0,1,0,0,0,0,0
0.3583180987202925,4,0,2,17,0,1,0,0,0,0,0,0,0
0.8062157221206581,4,0,2,17,0,0,0,0,1,0,0,0,0
0.13436928702010958,4,0,2,17,0,0,0,0,0,0,1,0,0
0.5822669104204753,4,0,2,17,0,0,1,0,0,0,0,0,0
0.3583180987202925,4,0,3,21,0,1,0,0,0,0,0,0,0
0.8062157221206581,5,1,1,9,0,0,0,1,0,0,0,0,0
0.8062157221206581,5,1,2,12,0,0,0,1,0,0,0,0,0
0.3583180987202925,5,1,2,12,0,1,0,0,0,0,0,0,0
0.5822669104204753,5,1,2,13,0,0,1,0,0,0,0,0,0
0.5822669104204753,5,1,2,13,0,0,1,0,0,0,0,0,0
0.8062157221206581,5,1,2,14,0,0,0,1,0,0,0,0,0
0.3583180987202925,5,1,2,14,0,1,0,0,0,0,0,0,0
0.8062157221206581,5,1,2,15,0,0,0,0,0,0,0,1,0
0.8062157221206581,5,1,2,15,0,0,0,0,0,0,0,1,0
0.3583180987202925,6,1,1,10,0,1,0,0,0,0,0,0,0
0.3583180987202925,6,1,1,10,0,1,0,0,0,0,0,0,0
0.5822669104204753,6,1,1,10,0,0,1,0,0,0,0,0,0
0.8062157221206581,6,1,1,11,0,0,0,0,0,0,0,1,0
0.3583180987202925,6,1,1,11,0,1,0,0,0,0,0,0,0
0.8062157221206581,6,1,2,14,0,0,0,0,0,0,0,1,0
0.8062157221206581,6,1,2,14,0,0,0,0,0,0,0,0,1
0.8062157221206581,6,1,2,17,0,0,0,0,0,0,0,1,0
0.5822669104204753,6,1,2,17,0,0,1,0,0,0,0,0,0
0.5822669104204753,6,1,2,17,0,0,1,0,0,0,0,0,0
0.8062157221206581,0,0,1,6,0,0,0,1,0,0,0,0,0
0.3583180987202925,0,0,1,8,0,1,0,0,0,0,0,0,0
0.3583180987202925,0,0,1,9,0,1,0,0,0,0,0,0,0
0.5822669104204753,0,0,1,9,0,0,1,0,0,0,0,0,0
0.8062157221206581,0,0,1,9,0,0,0,0,0,0,0,1,0
0.5822669104204753,0,0,1,10,0,0,1,0,0,0,0,0,0
0.3583180987202925,0,0,1,10,0,1,0,0,0,0,0,0,0
0.5822669104204753,0,0,1,11,0,0,1,0,0,0,0,0,0
0.13436928702010958,0,0,1,11,0,0,0,0,0,0,1,0,0
0.8062157221206581,0,0,2,12,0,0,0,1,0,0,0,0,0
0.8062157221206581,0,0,2,14,0,0,0,0,0,0,0,0,1
0.5822669104204753,0,0,2,15,0,0,1,0,0,0,0,0,0
0.8062157221206581,0,0,2,15,0,0,0,0,0,0,0,0,1
0.13436928702010958,0,0,2,16,0,0,0,0,0,0,1,0,0
0.3583180987202925,0,0,2,16,0,1,0,0,0,0,0,0,0
0.5822669104204753,0,0,2,17,0,0,1,0,0,0,0,0,0
0.3583180987202925,0,0,3,18,0,1,0,0,0,0,0,0,0
0.3583180987202925,0,0,3,19,0,1,0,0,0,0,0,0,0
0.3583180987202925,0,0,3,19,0,1,0,0,0,0,0,0,0
0.8062157221206581,0,0,3,20,0,0,0,0,0,0,0,0,1
0.3583180987202925,1,0,1,8,0,1,0,0,0,0,0,0,0
0.3583180987202925,1,0,1,8,0,1,0,0,0,0,0,0,0
0.3583180987202925,1,0,1,11,0,1,0,0,0,0,0,0,0
0.3583180987202925,1,0,1,11,0,1,0,0,0,0,0,0,0
0.5822669104204753,1,0,1,11,0,0,1,0,0,0,0,0,0
0.5822669104204753,1,0,2,12,0,0,1,0,0,0,0,0,0
0.8062157221206581,1,0,2,13,0,0,0,0,1,0,0,0,0
0.3583180987202925,1,0,2,13,0,1,0,0,0,0,0,0,0
0.5822669104204753,1,0,2,13,0,0,1,0,0,0,0,0,0
0.8062157221206581,1,0,2,17,0,0,0,0,0,0,0,1,0
0.5822669104204753,1,0,2,17,0,0,1,0,0,0,0,0,0
0.13436928702010958,1,0,2,17,0,0,0,0,0,0,1,0,0
0.8062157221206581,1,0,2,17,0,0,0,0,1,0,0,0,0
0.8062157221206581,1,0,2,17,0,0,0,0,1,0,0,0,0
0.8062157221206581,1,0,3,19,0,0,0,0,1,0,0,0,0
0.8062157221206581,1,0,3,20,0,0,0,0,1,0,0,0,0
0.8062157221206581,1,0,3,20,0,0,0,0,0,0,0,1,0
0.5822669104204753,1,0,3,21,0,0,1,0,0,0,0,0,0
0.8062157221206581,2,0,1,8,0,0,0,1,0,0,0,0,0
0.3583180987202925,2,0,1,8,0,1,0,0,0,0,0,0,0
0.3583180987202925,2,0,1,8,0,1,0,0,0,0,0,0,0
0.8062157221206581,2,0,1,9,0,0,0,1,0,0,0,0,0
0.3583180987202925,2,0,1,10,0,1,0,0,0,0,0,0,0
0.8062157221206581,2,0,1,10,0,0,0,0,0,0,0,1,0
0.5822669104204753,2,0,1,10,0,0,1,0,0,0,0,0,0
0.3583180987202925,2,0,2,12,0,1,0,0,0,0,0,0,0
0.8062157221206581,2,0,2,12,0,0,0,0,1,0,0,0,0
0.3583180987202925,2,0,2,13,0,1,0,0,0,0,0,0,0
0.8062157221206581,2,0,2,15,0,0,0,1,0,0,0,0,0
0.3583180987202925,2,0,2,17,0,1,0,0,0,0,0,0,0
0.8062157221206581,2,0,2,17,0,0,0,1,0,0,0,0,0
0.5822669104204753,2,0,2,17,0,0,1,0,0,0,0,0,0
0.8062157221206581,2,0,3,18,0,0,0,1,0,0,0,0,0
0.8062157221206581,2,0,3,19,0,0,0,0,0,0,0,0,1
0.8062157221206581,2,0,3,19,0,0,0,0,1,0,0,0,0
0.8062157221206581,2,0,3,19,0,0,0,0,0,0,0,1,0
0.8062157221206581,2,0,3,19,0,0,0,0,0,0,0,0,1
0.8062157221206581,2,0,3,20,0,0,0,0,1,0,0,0,0
0.8062157221206581,3,0,1,7,0,0,0,1,0,0,0,0,0
0.3583180987202925,3,0,1,9,0,1,0,0,0,0,0,0,0
0.8062157221206581,3,0,1,10,0,0,0,1,0,0,0,0,0
0.3583180987202925,3,0,1,10,0,1,0,0,0,0,0,0,0
0.3583180987202925,3,0,1,10,0,1,0,0,0,0,0,0,0
0.3583180987202925,3,0,1,10,0,1,0,0,0,0,0,0,0
0.5822669104204753,3,0,2,13,0,0,1,0,0,0,0,0,0
0.8062157221206581,3,0,2,14,0,0,0,0,0,0,0,0,1
0.3583180987202925,3,0,2,14,0,1,0,0,0,0,0,0,0
0.3583180987202925,3,0,2,14,0,1,0,0,0,0,0,0,0
0.13436928702010958,3,0,2,15,0,0,0,0,0,0,1,0,0
0.8062157221206581,3,0,2,16,0,0,0,1,0,0,0,0,0
0.8062157221206581,3,0,2,16,0,0,0,1,0,0,0,0,0
0.8062157221206581,3,0,2,17,0,0,0,0,0,0,0,1,0
0.3583180987202925,3,0,2,17,0,1,0,0,0,0,0,0,0
0.3583180987202925,3,0,3,18,0,1,0,0,0,0,0,0,0
0.8062157221206581,3,0,3,19,0,0,0,0,0,0,0,1,0
0.8062157221206581,3,0,3,19,0,0,0,0,1,0,0,0,0
0.8062157221206581,3,0,3,20,0,0,0,0,0,0,0,0,1
0.3583180987202925,4,0,1,6,0,1,0,0,0,0,0,0,0
0.8062157221206581,4,0,1,9,0,0,0,0,0,0,0,0,1
0.8062157221206581,4,0,1,9,0,0,0,1,0,0,0,0,0
0.13436928702010958,4,0,1,9,0,0,0,0,0,0,1,0,0
0.3583180987202925,4,0,1,10,0,1,0,0,0,0,0,0,0
0.5822669104204753,4,0,1,11,0,0,1,0,0,0,0,0,0
0.3583180987202925,4,0,2,12,0,1,0,0,0,0,0,0,0
0.3583180987202925,4,0,2,12,0,1,0,0,0,0,0,0,0
0.3583180987202925,4,0,2,12,0,1,0,0,0,0,0,0,0
0.3583180987202925,4,0,2,12,0,1,0,0,0,0,0,0,0
0.3583180987202925,4,0,2,13,0,1,0,0,0,0,0,0,0
0.3583180987202925,4,0,2,14,0,1,0,0,0,0,0,0,0
0.8062157221206581,4,0,2,15,0,0,0,1,0,0,0,0,0
0.3583180987202925,4,0,2,15,0,1,0,0,0,0,0,0,0
0.3583180987202925,4,0,2,15,0,1,0,0,0,0,0,0,0
0.3583180987202925,4,0,2,15,0,1,0,0,0,0,0,0,0
0.8062157221206581,4,0,2,16,0,0,0,0,1,0,0,0,0
0.8062157221206581,4,0,2,16,0,0,0,0,0,0,0,0,1
0.8062157221206581,4,0,2,16,0,0,0,0,0,0,0,1,0
0.8062157221206581,4,0,2,16,0,0,0,0,0,0,0,0,1
0.8062157221206581,4,0,3,19,0,0,0,0,1,0,0,0,0
0.8062157221206581,4,0,3,19,0,0,0,0,1,0,0,0,0
0.8062157221206581,4,0,3,19,0,0,0,1,0,0,0,0,0
0.8062157221206581,5,1,1,10,0,0,0,0,0,0,0,1,0
0.3583180987202925,5,1,1,11,0,1,0,0,0,0,0,0,0
0.3583180987202925,5,1,1,11,0,1,0,0,0,0,0,0,0
0.13436928702010958,5,1,2,12,0,0,0,0,0,0,1,0,0
0.5822669104204753,5,1,2,15,0,0,1,0,0,0,0,0,0
0.5822669104204753,6,1,1,10,0,0,1,0,0,0,0,0,0
0.5822669104204753,6,1,2,12,0,0,1,0,0,0,0,0,0
0.5822669104204753,6,1,2,12,0,0,1,0,0,0,0,0,0
0.8062157221206581,6,1,2,13,0,0,0,1,0,0,0,0,0
0.8062157221206581,6,1,2,14,0,0,0,0,1,0,0,0,0
0.3583180987202925,6,1,2,17,0,1,0,0,0,0,0,0,0
0.5822669104204753,0,0,1,9,0,0,1,0,0,0,0,0,0
0.8062157221206581,0,0,1,9,0,0,0,0,0,0,0,0,1
0.3583180987202925,0,0,1,10,0,1,0,0,0,0,0,0,0
0.5822669104204753,0,0,1,10,0,0,1,0,0,0,0,0,0
0.5822669104204753,0,0,1,10,0,0,1,0,0,0,0,0,0
0.8062157221206581,0,0,1,10,0,0,0,0,1,0,0,0,0
0.8062157221206581,0,0,2,12,0,0,0,0,0,0,0,0,1
0.8062157221206581,0,0,2,13,0,0,0,0,1,0,0,0,0
0.5822669104204753,0,0,2,15,0,0,1,0,0,0,0,0,0
0.8062157221206581,0,0,2,16,0,0,0,0,1,0,0,0,0
0.8062157221206581,0,0,2,16,0,0,0,1,0,0,0,0,0
0.8062157221206581,0,0,2,16,0,0,0,0,0,0,0,0,1
0.3583180987202925,0,0,2,16,0,1,0,0,0,0,0,0,0
0.3583180987202925,0,0,2,17,0,1,0,0,0,0,0,0,0
0.5822669104204753,0,0,2,17,0,0,1,0,0,0,0,0,0
0.5822669104204753,0,0,3,18,0,0,1,0,0,0,0,0,0
0.8062157221206581,0,0,3,18,0,0,0,0,0,0,0,0,1
0.5822669104204753,0,0,3,19,0,0,1,0,0,0,0,0,0
0.8062157221206581,0,0,3,19,0,0,0,0,0,0,0,1,0
0.8062157221206581,0,0,3,19,0,0,0,0,0,0,0,0,1
0.8062157221206581,0,0,3,19,0,0,0,0,1,0,0,0,0
0.8062157221206581,0,0,3,20,0,0,0,0,1,0,0,0,0
0.5822669104204753,1,0,1,8,0,0,1,0,0,0,0,0,0
0.3583180987202925,1,0,1,8,0,1,0,0,0,0,0,0,0
0.5822669104204753,1,0,1,8,0,0,1,0,0,0,0,0,0
0.13436928702010958,1,0,1,10,0,0,0,0,0,0,1,0,0
0.3583180987202925,1,0,1,11,0,1,0,0,0,0,0,0,0
0.3583180987202925,1,0,1,11,0,1,0,0,0,0,0,0,0
0.8062157221206581,1,0,2,12,0,0,0,1,0,0,0,0,0
0.8062157221206581,1,0,2,14,0,0,0,1,0,0,0,0,0
0.3583180987202925,1,0,2,16,0,1,0,0,0,0,0,0,0
0.3583180987202925,1,0,2,16,0,1,0,0,0,0,0,0,0
0.8062157221206581,1,0,3,18,0,0,0,0,1,0,0,0,0
0.8062157221206581,1,0,3,19,0,0,0,1,0,0,0,0,0
0.3583180987202925,2,0,1,8,0,1,0,0,0,0,0,0,0
0.5822669104204753,2,0,1,10,0,0,1,0,0,0,0,0,0
0.5822669104204753,2,0,1,10,0,0,1,0,0,0,0,0,0
0.8062157221206581,2,0,1,10,0,0,0,0,0,0,0,1,0
0.8062157221206581,2,0,2,13,0,0,0,0,1,0,0,0,0
0.8062157221206581,2,0,2,13,0,0,0,0,0,0,0,0,1
0.3583180987202925,2,0,2,15,0,1,0,0,0,0,0,0,0
0.3583180987202925,2,0,2,15,0,1,0,0,0,0,0,0,0
0.3583180987202925,2,0,2,15,0,0,0,0,0,1,0,0,0
0.8062157221206581,2,0,2,15,0,0,0,0,0,0,0,1,0
0.3583180987202925,2,0,2,15,0,1,0,0,0,0,0,0,0
0.3583180987202925,2,0,2,15,0,1,0,0,0,0,0,0,0
0.8062157221206581,2,0,2,16,0,0,0,0,0,0,0,0,1
0.8062157221206581,2,0,2,16,0,0,0,0,0,0,0,1,0
0.8062157221206581,2,0,2,16,0,0,0,0,0,0,0,0,1
0.5822669104204753,2,0,2,17,0,0,1,0,0,0,0,0,0
0.8062157221206581,2,0,3,18,0,0,0,0,0,0,0,0,1
0.8062157221206581,2,0,3,18,0,0,0,1,0,0,0,0,0
0.8062157221206581,3,0,1,7,0,0,0,1,0,0,0,0,0
0.8062157221206581,3,0,1,7,0,0,0,1,0,0,0,0,0
0.13436928702010958,3,0,1,10,0,0,0,0,0,0,1,0,0
0.8062157221206581,3,0,1,11,0,0,0,0,1,0,0,0,0
0.8062157221206581,3,0,2,12,0,0,0,0,1,0,0,0,0
0.5822669104204753,3,0,2,13,0,0,1,0,0,0,0,0,0
0.3583180987202925,3,0,2,14,0,1,0,0,0,0,0,0,0
0.8062157221206581,3,0,2,14,0,0,0,0,0,0,0,0,1
0.3583180987202925,3,0,2,15,0,1,0,0,0,0,0,0,0
0.3583180987202925,3,0,2,16,0,1,0,0,0,0,0,0,0
0.3583180987202925,3,0,2,17,0,1,0,0,0,0,0,0,0
0.3583180987202925,3,0,2,17,0,1,0,0,0,0,0,0,0
0.8062157221206581,3,0,2,17,0,0,0,0,0,0,0,0,1
0.8062157221206581,3,0,3,18,0,0,0,0,0,0,0,0,1
0.8062157221206581,3,0,3,18,0,0,0,1,0,0,0,0,0
0.8062157221206581,3,0,3,18,0,0,0,0,1,0,0,0,0
0.8062157221206581,3,0,3,18,0,0,0,0,1,0,0,0,0
0.8062157221206581,3,0,3,19,0,0,0,0,0,0,0,0,1
0.8062157221206581,3,0,3,20,0,0,0,1,0,0,0,0,0
0.5822669104204753,4,0,1,6,0,0,1,0,0,0,0,0,0
0.5822669104204753,4,0,1,6,0,0,1,0,0,0,0,0,0
0.8062157221206581,4,0,1,7,0,0,0,1,0,0,0,0,0
0.13436928702010958,4,0,1,8,0,0,0,0,0,0,1,0,0
0.5822669104204753,4,0,1,9,0,0,1,0,0,0,0,0,0
0.3583180987202925,4,0,2,14,0,1,0,0,0,0,0,0,0
0.3583180987202925,4,0,2,14,0,1,0,0,0,0,0,0,0
0.3583180987202925,4,0,2,14,0,1,0,0,0,0,0,0,0
0.8062157221206581,4,0,2,14,0,0,0,0,0,0,0,0,1
0.3583180987202925,4,0,2,15,0,1,0,0,0,0,0,0,0
0.8062157221206581,4,0,2,16,0,0,0,0,1,0,0,0,0
0.3583180987202925,4,0,2,16,0,1,0,0,0,0,0,0,0
0.8062157221206581,4,0,2,17,0,0,0,0,0,0,0,0,1
0.5822669104204753,4,0,2,17,0,0,1,0,0,0,0,0,0
0.3583180987202925,4,0,2,17,0,1,0,0,0,0,0,0,0
0.3583180987202925,4,0,2,17,0,1,0,0,0,0,0,0,0
0.8062157221206581,4,0,3,18,0,0,0,0,0,0,0,0,1
0.8062157221206581,5,1,1,10,0,0,0,1,0,0,0,0,0
0.3583180987202925,5,1,1,11,0,1,0,0,0,0,0,0,0
0.3583180987202925,5,1,1,11,0,1,0,0,0,0,0,0,0
0.8062157221206581,5,1,2,14,0,0,0,0,0,0,0,0,1
0.3583180987202925,5,1,2,15,0,1,0,0,0,0,0,0,0
0.5822669104204753,5,1,2,15,0,0,1,0,0,0,0,0,0
0.8062157221206581,5,1,2,16,0,0,0,1,0,0,0,0,0
0.3583180987202925,5,1,2,17,0,1,0,0,0,0,0,0,0
0.8062157221206581,6,1,1,9,0,0,0,0,1,0,0,0,0
0.8062157221206581,6,1,2,12,0,0,0,0,0,0,0,0,1
0.5822669104204753,6,1,2,13,0,0,1,0,0,0,0,0,0
0.5822669104204753,6,1,2,15,0,0,1,0,0,0,0,0,0
0.3583180987202925,6,1,2,15,0,1,0,0,0,0,0,0,0
0.3583180987202925,6,1,2,15,0,1,0,0,0,0,0,0,0
0.8062157221206581,0,0,1,8,0,0,0,1,0,0,0,0,0
0.8062157221206581,0,0,1,9,0,0,0,0,1,0,0,0,0
0.8062157221206581,0,0,1,9,0,0,0,0,0,0,0,0,1
0.8062157221206581,0,0,1,10,0,0,0,0,0,0,0,1,0
0.8062157221206581,0,0,1,10,0,0,0,0,0,0,0,1,0
0.8062157221206581,0,0,2,12,0,0,0,1,0,0,0,0,0
0.8062157221206581,0,0,2,15,0,0,0,0,0,0,0,0,1
0.3583180987202925,0,0,2,15,0,1,0,0,0,0,0,0,0
0.8062157221206581,0,0,2,16,0,0,0,0,1,0,0,0,0
0.8062157221206581,0,0,2,16,0,0,0,0,0,0,0,0,1
0.8062157221206581,0,0,2,16,0,0,0,0,0,0,0,0,1
0.8062157221206581,0,0,2,16,0,0,0,1,0,0,0,0,0
0.8062157221206581,0,0,2,16,0,0,0,1,0,0,0,0,0
0.3583180987202925,0,0,2,16,0,1,0,0,0,0,0,0,0
0.5822669104204753,0,0,2,17,0,0,1,0,0,0,0,0,0
0.3583180987202925,0,0,2,17,0,1,0,0,0,0,0,0,0
0.8062157221206581,0,0,2,17,0,0,0,0,0,0,0,1,0
0.3583180987202925,0,0,2,17,0,1,0,0,0,0,0,0,0
0.8062157221206581,0,0,2,17,0,0,0,0,0,0,0,1,0
0.8062157221206581,0,0,2,17,0,0,0,0,0,0,0,1,0
0.5822669104204753,0,0,3,18,0,0,1,0,0,0,0,0,0
0.8062157221206581,0,0,3,18,0,0,0,0,0,0,0,0,1
0.8062157221206581,1,0,1,7,0,0,0,1,0,0,0,0,0
0.3583180987202925,1,0,1,7,0,1,0,0,0,0,0,0,0
0.5822669104204753,1,0,1,8,0,0,1,0,0,0,0,0,0
0.3583180987202925,1,0,1,9,0,1,0,0,0,0,0,0,0
0.3583180987202925,1,0,1,9,0,1,0,0,0,0,0,0,0
0.3583180987202925,1,0,1,9,0,1,0,0,0,0,0,0,0
0.5822669104204753,1,0,1,11,0,0,1,0,0,0,0,0,0
0.3583180987202925,1,0,1,11,0,1,0,0,0,0,0,0,0
0.3583180987202925,1,0,1,11,0,1,0,0,0,0,0,0,0
0.3583180987202925,1,0,1,11,0,1,0,0,0,0,0,0,0
0.3583180987202925,1,0,1,11,0,1,0,0,0,0,0,0,0
0.8062157221206581,1,0,2,12,0,0,0,0,1,0,0,0,0
0.3583180987202925,1,0,2,16,0,1,0,0,0,0,0,0,0
0.8062157221206581,1,0,3,18,0,0,0,0,1,0,0,0,0
0.8062157221206581,1,0,3,19,0,0,0,0,0,0,0,0,1
0.8062157221206581,1,0,3,20,0,0,0,0,0,0,0,0,1
0.5822669104204753,2,0,1,8,0,0,1,0,0,0,0,0,0
0.3583180987202925,2,0,1,9,0,1,0,0,0,0,0,0,0
0.3583180987202925,2,0,1,10,0,1,0,0,0,0,0,0,0
0.3583180987202925,2,0,1,10,0,1,0,0,0,0,0,0,0
0.8062157221206581,2,0,1,10,0,0,0,1,0,0,0,0,0
0.5822669104204753,2,0,1,10,0,0,1,0,0,0,0,0,0
0.8062157221206581,2,0,1,11,0,0,0,1,0,0,0,0,0
0.8062157221206581,2,0,1,11,0,0,0,0,1,0,0,0,0
0.3583180987202925,2,0,1,11,0,1,0,0,0,0,0,0,0
0.3583180987202925,2,0,1,11,0,1,0,0,0,0,0,0,0
0.3583180987202925,2,0,2,12,0,1,0,0,0,0,0,0,0
0.8062157221206581,2,0,2,15,0,0,0,0,0,0,0,0,1
0.8062157221206581,2,0,2,15,0,0,0,0,0,0,0,0,1
0.8062157221206581,2,0,2,15,0,0,0,0,0,0,0,1,0
0.5822669104204753,2,0,2,17,0,0,1,0,0,0,0,0,0
0.13436928702010958,2,0,2,17,0,0,0,0,0,0,1,0,0
0.8062157221206581,2,0,2,17,0,0,0,0,0,0,0,0,1
0.8062157221206581,2,0,3,18,0,0,0,1,0,0,0,0,0
0.8062157221206581,2,0,3,19,0,0,0,0,1,0,0,0,0
0.8062157221206581,3,0,1,9,0,0,0,0,0,0,0,1,0
0.13436928702010958,3,0,1,9,0,0,0,0,0,0,1,0,0
0.5822669104204753,3,0,1,10,0,0,1,0,0,0,0,0,0
0.3583180987202925,3,0,1,10,0,1,0,0,0,0,0,0,0
0.3583180987202925,3,0,1,10,0,1,0,0,0,0,0,0,0
0.3583180987202925,3,0,1,11,0,1,0,0,0,0,0,0,0
0.8062157221206581,3,0,1,11,0,0,0,1,0,0,0,0,0
0.8062157221206581,3,0,2,13,0,0,0,0,0,0,0,0,1
0.5822669104204753,3,0,2,16,0,0,1,0,0,0,0,0,0
0.8062157221206581,3,0,2,17,0,0,0,0,1,0,0,0,0
0.8062157221206581,3,0,3,18,0,0,0,1,0,0,0,0,0
0.5822669104204753,3,0,3,19,0,0,1,0,0,0,0,0,0
0.8062157221206581,4,0,1,7,0,0,0,1,0,0,0,0,0
0.3583180987202925,4,0,1,8,0,1,0,0,0,0,0,0,0
0.3583180987202925,4,0,1,8,0,1,0,0,0,0,0,0,0
0.3583180987202925,4,0,1,9,0,1,0,0,0,0,0,0,0
0.8062157221206581,4,0,1,10,0,0,0,0,0,0,0,1,0
0.5822669104204753,4,0,1,10,0,0,1,0,0,0,0,0,0
0.5822669104204753,4,0,1,10,0,0,1,0,0,0,0,0,0
0.8062157221206581,4,0,1,10,0,0,0,0,1,0,0,0,0
0.8062157221206581,4,0,1,11,0,0,0,0,1,0,0,0,0
0.5822669104204753,4,0,2,12,0,0,1,0,0,0,0,0,0
0.8062157221206581,4,0,2,13,0,0,0,0,0,0,0,1,0
0.3583180987202925,4,0,2,13,0,1,0,0,0,0,0,0,0
0.8062157221206581,4,0,2,14,0,0,0,1,0,0,0,0,0
0.8062157221206581,4,0,2,15,0,0,0,0,0,0,0,0,1
0.8062157221206581,4,0,2,15,0,0,0,0,0,0,0,0,1
0.8062157221206581,4,0,2,17,0,0,0,0,0,0,0,0,1
0.8062157221206581,4,0,2,17,0,0,0,0,0,0,0,1,0
0.5822669104204753,5,1,1,9,0,0,1,0,0,0,0,0,0
0.5822669104204753,5,1,1,9,0,0,1,0,0,0,0,0,0
0.3583180987202925,5,1,1,10,0,1,0,0,0,0,0,0,0
0.3583180987202925,5,1,1,11,0,1,0,0,0,0,0,0,0
0.3583180987202925,5,1,1,11,0,1,0,0,0,0,0,0,0
0.5822669104204753,5,1,2,12,0,0,1,0,0,0,0,0,0
0.3583180987202925,5,1,2,12,0,1,0,0,0,0,0,0,0
0.8062157221206581,5,1,2,13,0,0,0,1,0,0,0,0,0
0.13436928702010958,6,1,1,9,0,0,0,0,0,0,1,0,0
0.5822669104204753,6,1,1,11,0,0,1,0,0,0,0,0,0
0.8062157221206581,6,1,2,13,0,0,0,1,0,0,0,0,0
0.3583180987202925,6,1,2,14,0,1,0,0,0,0,0,0,0
0.8062157221206581,6,1,2,15,0,0,0,1,0,0,0,0,0
0.3583180987202925,6,1,2,15,0,1,0,0,0,0,0,0,0
0.5822669104204753,6,1,2,15,0,0,1,0,0,0,0,0,0
0.8062157221206581,6,1,2,15,0,0,0,0,1,0,0,0,0
0.3583180987202925,0,0,1,8,0,1,0,0,0,0,0,0,0
0.8062157221206581,0,0,1,8,0,0,0,0,0,0,0,0,1
0.5822669104204753,0,0,1,9,0,0,1,0,0,0,0,0,0
0.8062157221206581,0,0,1,9,0,0,0,0,0,0,0,1,0
0.8062157221206581,0,0,1,9,0,0,0,0,1,0,0,0,0
0.8062157221206581,0,0,1,10,0,0,0,0,0,0,0,1,0
0.3583180987202925,0,0,2,12,0,1,0,0,0,0,0,0,0
0.3583180987202925,0,0,2,15,0,1,0,0,0,0,0,0,0
0.8062157221206581,0,0,2,15,0,0,0,0,0,0,0,1,0
0.8062157221206581,0,0,2,16,0,0,0,0,0,0,0,0,1
0.8062157221206581,0,0,2,16,0,0,0,0,0,0,0,0,1
0.8062157221206581,0,0,2,16,0,0,0,1,0,0,0,0,0
0.5822669104204753,0,0,2,16,0,0,1,0,0,0,0,0,0
0.3583180987202925,0,0,3,18,0,1,0,0,0,0,0,0,0
0.8062157221206581,0,0,3,18,0,0,0,0,0,0,0,0,1
0.8062157221206581,0,0,3,18,0,0,0,0,0,0,0,0,1
0.5822669104204753,0,0,3,19,0,0,1,0,0,0,0,0,0
0.3583180987202925,1,0,1,8,0,1,0,0,0,0,0,0,0
0.8062157221206581,1,0,1,9,0,0,0,1,0,0,0,0,0
0.8062157221206581,1,0,1,9,0,0,0,0,0,0,0,0,1
0.3583180987202925,1,0,1,10,0,1,0,0,0,0,0,0,0
0.3583180987202925,1,0,2,12,0,1,0,0,0,0,0,0,0
0.3583180987202925,1,0,2,13,0,1,0,0,0,0,0,0,0
0.8062157221206581,1,0,2,16,0,0,0,0,0,0,0,1,0
0.8062157221206581,1,0,2,16,0,0,0,0,1,0,0,0,0
0.8062157221206581,1,0,2,16,0,0,0,0,0,0,0,1,0
0.8062157221206581,1,0,2,17,0,0,0,1,0,0,0,0,0
0.5822669104204753,1,0,3,18,0,0,1,0,0,0,0,0,0
0.8062157221206581,1,0,3,19,0,0,0,0,0,0,0,0,1
0.8062157221206581,1,0,3,20,0,0,0,0,1,0,0,0,0
0.8062157221206581,2,0,1,11,0,0,0,0,1,0,0,0,0
0.5822669104204753,2,0,1,11,0,0,1,0,0,0,0,0,0
0.8062157221206581,2,0,1,11,0,0,0,1,0,0,0,0,0
0.3583180987202925,2,0,1,11,0,1,0,0,0,0,0,0,0
0.3583180987202925,2,0,1,11,0,1,0,0,0,0,0,0,0
0.3583180987202925,2,0,2,12,0,1,0,0,0,0,0,0,0
0.8062157221206581,2,0,2,12,0,0,0,0,0,0,0,1,0
0.8062157221206581,2,0,2,13,0,0,0,0,0,0,0,0,1
0.8062157221206581,2,0,2,13,0,0,0,0,0,0,0,0,1
0.8062157221206581,2,0,2,16,0,0,0,1,0,0,0,0,0
0.8062157221206581,2,0,2,16,0,0,0,0,0,0,0,0,1
0.8062157221206581,2,0,2,16,0,0,0,0,0,0,0,0,1
0.3583180987202925,2,0,3,18,0,1,0,0,0,0,0,0,0
0.8062157221206581,2,0,3,18,0,0,0,0,1,0,0,0,0
0.3583180987202925,2,0,3,18,0,1,0,0,0,0,0,0,0
0.8062157221206581,2,0,3,18,0,0,0,1,0,0,0,0,0
0.3583180987202925,2,0,3,18,0,1,0,0,0,0,0,0,0
0.8062157221206581,3,0,1,7,0,0,0,1,0,0,0,0,0
0.5822669104204753,3,0,1,8,0,0,1,0,0,0,0,0,0
0.5822669104204753,3,0,1,9,0,0,1,0,0,0,0,0,0
0.8062157221206581,3,0,1,9,0,0,0,0,0,0,0,0,1
0.13436928702010958,3,0,1,9,0,0,0,0,0,0,1,0,0
0.3583180987202925,3,0,1,9,0,1,0,0,0,0,0,0,0
0.5822669104204753,3,0,1,9,0,0,1,0,0,0,0,0,0
0.3583180987202925,3,0,1,11,0,1,0,0,0,0,0,0,0
0.8062157221206581,3,0,2,12,0,0,0,0,0,0,0,0,1
0.5822669104204753,3,0,2,14,0,0,1,0,0,0,0,0,0
0.3583180987202925,3,0,2,14,0,1,0,0,0,0,0,0,0
0.8062157221206581,3,0,3,18,0,0,0,1,0,0,0,0,0
0.3583180987202925,4,0,1,7,0,1,0,0,0,0,0,0,0
0.5822669104204753,4,0,1,8,0,0,1,0,0,0,0,0,0
0.3583180987202925,4,0,1,8,0,1,0,0,0,0,0,0,0
0.8062157221206581,4,0,1,9,0,0,0,0,0,0,0,0,1
0.13436928702010958,4,0,1,9,0,0,0,0,0,0,1,0,0
0.3583180987202925,4,0,1,9,0,1,0,0,0,0,0,0,0
0.3583180987202925,4,0,1,10,0,1,0,0,0,0,0,0,0
0.8062157221206581,4,0,1,10,0,0,0,0,0,0,0,0,1
0.8062157221206581,4,0,1,10,0,0,0,1,0,0,0,0,0
0.3583180987202925,4,0,2,14,0,1,0,0,0,0,0,0,0
0.8062157221206581,4,0,2,14,0,0,0,0,0,0,0,0,1
0.8062157221206581,4,0,2,15,0,0,0,0,0,0,0,0,1
0.8062157221206581,4,0,2,15,0,0,0,0,0,0,0,0,1
0.3583180987202925,4,0,2,16,0,1,0,0,0,0,0,0,0
0.8062157221206581,4,0,2,16,0,0,0,0,1,0,0,0,0
0.8062157221206581,4,0,2,16,0,0,0,0,1,0,0,0,0
0.8062157221206581,4,0,2,16,0,0,0,0,1,0,0,0,0
0.3583180987202925,4,0,2,17,0,1,0,0,0,0,0,0,0
0.3583180987202925,4,0,2,17,0,1,0,0,0,0,0,0,0
0.8062157221206581,4,0,2,17,0,0,0,0,0,0,0,0,1
0.8062157221206581,4,0,2,17,0,0,0,0,0,0,0,0,1
0.3583180987202925,4,0,3,20,0,1,0,0,0,0,0,0,0
0.3583180987202925,4,0,3,21,0,1,0,0,0,0,0,0,0
0.5822669104204753,5,1,1,9,0,0,1,0,0,0,0,0,0
0.8062157221206581,5,1,1,10,0,0,0,1,0,0,0,0,0
0.3583180987202925,5,1,2,13,0,1,0,0,0,0,0,0,0
0.8062157221206581,5,1,2,17,0,0,0,1,0,0,0,0,0
0.5822669104204753,5,1,2,17,0,0,1,0,0,0,0,0,0
0.5822669104204753,5,1,3,19,0,0,1,0,0,0,0,0,0
0.8062157221206581,5,1,3,19,0,0,0,1,0,0,0,0,0
0.8062157221206581,6,1,1,9,0,0,0,1,0,0,0,0,0
0.5822669104204753,6,1,1,9,0,0,1,0,0,0,0,0,0
0.8062157221206581,6,1,1,10,0,0,0,0,0,0,0,0,1
0.8062157221206581,6,1,2,12,0,0,0,0,0,0,0,1,0
0.3583180987202925,6,1,2,14,0,1,0,0,0,0,0,0,0
0.3583180987202925,0,0,1,6,0,1,0,0,0,0,0,0,0
0.3583180987202925,0,0,1,8,0,1,0,0,0,0,0,0,0
0.3583180987202925,0,0,1,8,0,1,0,0,0,0,0,0,0
0.5822669104204753,0,0,1,9,0,0,1,0,0,0,0,0,0
0.3583180987202925,0,0,1,10,0,1,0,0,0,0,0,0,0
0.3583180987202925,0,0,2,13,0,1,0,0,0,0,0,0,0
0.8062157221206581,0,0,2,14,0,0,0,0,1,0,0,0,0
0.8062157221206581,0,0,2,14,0,0,0,0,1,0,0,0,0
0.8062157221206581,0,0,2,14,0,0,0,0,0,0,0,0,1
0.8062157221206581,0,0,2,15,0,0,0,1,0,0,0,0,0
0.8062157221206581,0,0,2,15,0,0,0,0,0,0,0,0,1
0.8062157221206581,0,0,2,15,0,0,0,0,0,0,0,0,1
0.3583180987202925,0,0,2,16,0,1,0,0,0,0,0,0,0
0.5822669104204753,1,0,1,8,0,0,1,0,0,0,0,0,0
0.8062157221206581,1,0,1,8,0,0,0,0,0,0,0,0,1
0.8062157221206581,1,0,1,10,0,0,0,0,0,0,0,0,1
0.3583180987202925,1,0,1,10,0,1,0,0,0,0,0,0,0
0.8062157221206581,1,0,1,11,0,0,0,0,0,0,0,1,0
0.8062157221206581,1,0,1,11,0,0,0,0,0,0,0,1,0
0.5822669104204753,1,0,2,14,0,0,1,0,0,0,0,0,0
0.3583180987202925,1,0,2,15,0,1,0,0,0,0,0,0,0
0.5822669104204753,1,0,2,15,0,0,1,0,0,0,0,0,0
0.3583180987202925,1,0,2,16,0,1,0,0,0,0,0,0,0
0.8062157221206581,1,0,2,16,0,0,0,0,0,0,0,0,1
0.13436928702010958,1,0,2,16,0,0,0,0,0,0,1,0,0
0.8062157221206581,1,0,3,18,0,0,0,0,1,0,0,0,0
0.8062157221206581,1,0,3,18,0,0,0,0,1,0,0,0,0
0.8062157221206581,1,0,3,20,0,0,0,0,1,0,0,0,0
0.8062157221206581,1,0,3,20,0,0,0,0,1,0,0,0,0
0.8062157221206581,1,0,3,21,0,0,0,0,0,0,0,0,1
0.3583180987202925,2,0,1,7,0,1,0,0,0,0,0,0,0
0.3583180987202925,2,0,1,7,0,1,0,0,0,0,0,0,0
0.8062157221206581,2,0,1,7,0,0,0,1,0,0,0,0,0
0.3583180987202925,2,0,1,8,0,1,0,0,0,0,0,0,0
0.8062157221206581,2,0,1,10,0,0,0,0,0,0,0,1,0
0.3583180987202925,2,0,1,11,0,1,0,0,0,0,0,0,0
0.3583180987202925,2,0,2,12,0,1,0,0,0,0,0,0,0
0.8062157221206581,2,0,2,15,0,0,0,0,0,0,0,0,1
0.8062157221206581,2,0,2,15,0,0,0,0,0,0,0,0,1
0.8062157221206581,2,0,2,16,0,0,0,0,0,0,0,0,1
0.3583180987202925,2,0,2,16,0,1,0,0,0,0,0,0,0
0.8062157221206581,2,0,2,16,0,0,0,1,0,0,0,0,0
0.8062157221206581,2,0,2,16,0,0,0,1,0,0,0,0,0
0.3583180987202925,2,0,2,16,0,1,0,0,0,0,0,0,0
0.3583180987202925,2,0,2,16,0,1,0,0,0,0,0,0,0
0.8062157221206581,2,0,2,16,0,0,0,0,1,0,0,0,0
0.5822669104204753,2,0,2,17,0,0,1,0,0,0,0,0,0
0.5822669104204753,2,0,2,17,0,0,1,0,0,0,0,0,0
0.3583180987202925,2,0,3,18,0,0,0,0,0,1,0,0,0
0.13436928702010958,2,0,3,18,0,0,0,0,0,0,1,0,0
0.13436928702010958,2,0,3,18,0,0,0,0,0,0,1,0,0
0.5822669104204753,3,0,1,8,0,0,1,0,0,0,0,0,0
0.5822669104204753,3,0,1,9,0,0,1,0,0,0,0,0,0
0.5822669104204753,3,0,1,10,0,0,1,0,0,0,0,0,0
0.3583180987202925,3,0,1,10,0,1,0,0,0,0,0,0,0
0.3583180987202925,3,0,1,10,0,1,0,0,0,0,0,0,0
0.3583180987202925,3,0,2,12,0,1,0,0,0,0,0,0,0
0.3583180987202925,3,0,2,14,0,1,0,0,0,0,0,0,0
0.3583180987202925,3,0,2,14,0,1,0,0,0,0,0,0,0
0.13436928702010958,3,0,2,14,0,0,0,0,0,0,1,0,0
0.3583180987202925,3,0,2,14,0,0,0,0,0,1,0,0,0
0.8062157221206581,3,0,2,14,0,0,0,1,0,0,0,0,0
0.8062157221206581,3,0,2,14,0,0,0,1,0,0,0,0,0
0.3583180987202925,3,0,2,15,0,1,0,0,0,0,0,0,0
0.3583180987202925,3,0,2,15,0,1,0,0,0,0,0,0,0
0.8062157221206581,3,0,2,16,0,0,0,1,0,0,0,0,0
0.3583180987202925,3,0,2,17,0,1,0,0,0,0,0,0,0
0.8062157221206581,3,0,3,18,0,0,0,0,0,0,0,1,0
0.8062157221206581,3,0,3,19,0,0,0,0,1,0,0,0,0
0.8062157221206581,3,0,3,19,0,0,0,1,0,0,0,0,0
0.8062157221206581,3,0,3,21,0,0,0,0,0,0,0,0,1
0.5822669104204753,4,0,1,7,0,0,1,0,0,0,0,0,0
0.5822669104204753,4,0,1,7,0,0,1,0,0,0,0,0,0
0.3583180987202925,4,0,1,8,0,1,0,0,0,0,0,0,0
0.3583180987202925,4,0,1,8,0,1,0,0,0,0,0,0,0
0.3583180987202925,4,0,1,8,0,1,0,0,0,0,0,0,0
0.8062157221206581,4,0,1,8,0,0,0,1,0,0,0,0,0
0.3583180987202925,4,0,1,11,0,1,0,0,0,0,0,0,0
0.8062157221206581,4,0,1,11,0,0,0,0,0,0,0,0,1
0.3583180987202925,4,0,2,13,0,1,0,0,0,0,0,0,0
0.8062157221206581,4,0,2,13,0,0,0,0,0,0,0,0,1
0.8062157221206581,4,0,2,14,0,0,0,1,0,0,0,0,0
0.8062157221206581,4,0,2,15,0,0,0,1,0,0,0,0,0
0.3583180987202925,4,0,2,15,0,1,0,0,0,0,0,0,0
0.8062157221206581,4,0,2,15,0,0,0,0,0,0,0,0,1
0.8062157221206581,4,0,2,15,0,0,0,1,0,0,0,0,0
0.8062157221206581,4,0,2,17,0,0,0,0,0,0,0,1,0
0.8062157221206581,4,0,2,17,0,0,0,0,0,0,0,0,1
0.8062157221206581,4,0,2,17,0,0,0,0,0,0,0,0,1
0.8062157221206581,4,0,3,18,0,0,0,0,0,0,0,0,1
0.3583180987202925,4,0,3,18,0,1,0,0,0,0,0,0,0
0.5822669104204753,5,1,1,9,0,0,1,0,0,0,0,0,0
0.5822669104204753,5,1,1,10,0,0,1,0,0,0,0,0,0
0.8062157221206581,5,1,1,11,0,0,0,0,0,0,0,1,0
0.8062157221206581,5,1,1,11,0,0,0,0,1,0,0,0,0
0.5822669104204753,5,1,2,12,0,0,1,0,0,0,0,0,0
0.3583180987202925,5,1,2,12,0,1,0,0,0,0,0,0,0
0.3583180987202925,5,1,2,13,0,1,0,0,0,0,0,0,0
0.5822669104204753,5,1,2,13,0,0,1,0,0,0,0,0,0
0.13436928702010958,5,1,2,15,0,0,0,0,0,0,1,0,0
0.8062157221206581,5,1,2,16,0,0,0,0,0,0,0,0,1
0.5822669104204753,5,1,2,17,0,0,1,0,0,0,0,0,0
0.5822669104204753,5,1,3,19,0,0,1,0,0,0,0,0,0
0.8062157221206581,6,1,1,10,0,0,0,0,0,0,0,0,1
0.8062157221206581,6,1,1,10,0,0,0,1,0,0,0,0,0
0.8062157221206581,6,1,2,14,0,0,0,0,1,0,0,0,0
0.8062157221206581,6,1,2,14,0,0,0,0,1,0,0,0,0
0.3583180987202925,6,1,2,15,0,1,0,0,0,0,0,0,0
0.8062157221206581,6,1,3,18,0,0,0,0,0,0,0,0,1
