money,weekday,is_weekend,day_period,hour,cash_type,coffee_name_Americano,coffee_name_Americano with Milk,coffee_name_Cappuccino,coffee_name_Cocoa,coffee_name_Cortado,coffee_name_Espresso,coffee_name_Hot Chocolate,coffee_name_Latte,cluster,cluster_name
0.940585009140768,4,0,1,10,0,0,0,0,0,0,0,0,1,2,Weekday morning
0.940585009140768,4,0,2,12,0,0,0,0,0,0,0,1,0,0,Weekday evening
0.940585009140768,4,0,2,12,0,0,0,0,0,0,0,1,0,0,Weekday evening
0.4926873857404021,4,0,2,13,0,1,0,0,0,0,0,0,0,2,Weekday morning
0.940585009140768,4,0,2,13,0,0,0,0,0,0,0,0,1,0,Weekday evening
0.7166361974405848,4,0,2,15,0,0,1,0,0,0,0,0,0,0,Weekday evening
0.940585009140768,4,0,2,16,0,0,0,0,0,0,0,1,0,0,Weekday evening
0.7166361974405848,4,0,3,18,0,0,1,0,0,0,0,0,0,0,Weekday evening
0.940585009140768,4,0,3,19,0,0,0,0,1,0,0,0,0,0,Weekday evening
0.7166361974405848,4,0,3,19,0,0,1,0,0,0,0,0,0,0,Weekday evening
0.7166361974405848,4,0,3,19,0,0,1,0,0,0,0,0,0,0,Weekday evening
0.4926873857404021,5,1,1,10,0,1,0,0,0,0,0,0,0,1,Weekend
1.0,5,1,1,10,1,0,0,0,0,0,0,0,1,1,Weekend
0.7166361974405848,5,1,1,10,0,0,1,0,0,0,0,0,0,1,Weekend
0.7166361974405848,5,1,1,11,0,0,1,0,0,0,0,0,0,1,Weekend
0.4926873857404021,5,1,2,14,0,1,0,0,0,0,0,0,0,1,Weekend
0.7166361974405848,5,1,2,16,0,0,1,0,0,0,0,0,0,1,Weekend
0.4926873857404021,5,1,2,17,0,1,0,0,0,0,0,0,0,1,Weekend
1.0,6,1,1,10,1,0,0,0,0,0,0,0,1,1,Weekend
0.940585009140768,6,1,1,10,0,0,0,0,0,0,0,0,1,1,Weekend
0.4926873857404021,6,1,1,11,0,0,0,0,0,1,0,0,0,1,Weekend
0.4926873857404021,6,1,2,12,0,1,0,0,0,0,0,0,0,1,Weekend
0.940585009140768,6,1,2,13,0,0,0,0,0,0,0,1,0,1,Weekend
0.940585009140768,6,1,2,17,0,0,0,0,1,0,0,0,0,1,Weekend
0.4926873857404021,6,1,2,17,0,0,0,0,0,1,0,0,0,1,Weekend
0.7166361974405848,6,1,3,18,0,0,1,0,0,0,0,0,0,1,Weekend
0.7166361974405848,6,1,3,18,0,0,1,0,0,0,0,0,0,1,Weekend
0.940585009140768,6,1,3,18,0,0,0,0,0,0,0,1,0,1,Weekend
0.940585009140768,0,0,1,10,0,0,0,0,0,0,0,0,1,2,Weekday morning
0.940585009140768,0,0,1,10,0,0,0,0,0,0,0,0,1,2,Weekday morning
0.7166361974405848,0,0,1,11,0,0,1,0,0,0,0,0,0,2,Weekday morning
0.2687385740402193,0,0,2,14,0,0,0,0,0,0,1,0,0,2,Weekday morning
0.940585009140768,1,0,1,9,0,0,0,0,0,0,0,0,1,2,Weekday morning
0.940585009140768,1,0,2,14,0,0,0,0,0,0,0,0,1,0,Weekday evening
0.940585009140768,1,0,2,17,0,0,0,0,0,0,0,0,1,0,Weekday evening
0.940585009140768,1,0,2,17,0,0,0,0,0,0,0,1,0,0,Weekday evening
0.940585009140768,1,0,2,17,0,0,0,0,1,0,0,0,0,0,Weekday evening
0.940585009140768,1,0,2,17,0,0,0,0,0,0,0,1,0,0,Weekday evening
0.940585009140768,1,0,2,17,0,0,0,0,0,0,0,1,0,0,Weekday evening
0.4926873857404021,1,0,2,17,0,0,0,0,0,1,0,0,0,0,Weekday evening
0.940585009140768,1,0,3,18,0,0,0,0,0,0,0,1,0,0,Weekday evening
0.7714808043875685,2,0,2,12,1,0,1,0,0,0,0,0,0,2,Weekday morning
0.4926873857404021,2,0,2,13,0,1,0,0,0,0,0,0,0,2,Weekday morning
0.4926873857404021,2,0,2,13,0,0,0,0,0,1,0,0,0,2,Weekday morning
0.940585009140768,2,0,2,14,0,0,0,1,0,0,0,0,0,0,Weekday evening
0.940585009140768,2,0,2,14,0,0,0,1,0,0,0,0,0,0,Weekday evening
1.0,3,0,1,10,1,0,0,0,0,0,0,0,1,2,Weekday morning
0.940585009140768,3,0,1,10,0,0,0,0,0,0,0,1,0,2,Weekday morning
0.940585009140768,3,0,1,11,0,0,0,0,0,0,0,0,1,2,Weekday morning
1.0,3,0,1,11,1,0,0,0,0,0,0,0,1,2,Weekday morning
0.4926873857404021,3,0,2,15,0,1,0,0,0,0,0,0,0,0,Weekday evening
0.7166361974405848,3,0,2,15,0,0,1,0,0,0,0,0,0,0,Weekday evening
0.4926873857404021,4,0,1,10,0,0,0,0,0,1,0,0,0,2,Weekday morning
0.940585009140768,4,0,2,12,0,0,0,1,0,0,0,0,0,0,Weekday evening
0.4926873857404021,4,0,2,13,0,1,0,0,0,0,0,0,0,2,Weekday morning
0.4926873857404021,4,0,2,14,0,1,0,0,0,0,0,0,0,2,Weekday morning
0.4926873857404021,4,0,2,14,0,1,0,0,0,0,0,0,0,2,Weekday morning
0.7166361974405848,4,0,2,14,0,0,1,0,0,0,0,0,0,0,Weekday evening
0.940585009140768,4,0,3,18,0,0,0,0,0,0,0,0,1,0,Weekday evening
0.940585009140768,4,0,3,18,0,0,0,0,0,0,0,0,1,0,Weekday evening
1.0,5,1,1,11,1,0,0,0,0,0,0,1,0,1,Weekend
0.2687385740402193,5,1,2,12,0,0,0,0,0,0,1,0,0,1,Weekend
0.4926873857404021,5,1,2,12,0,1,0,0,0,0,0,0,0,1,Weekend
0.940585009140768,5,1,2,12,0,0,0,1,0,0,0,0,0,1,Weekend
0.4926873857404021,5,1,2,12,0,1,0,0,0,0,0,0,0,1,Weekend
0.4926873857404021,5,1,2,12,0,1,0,0,0,0,0,0,0,1,Weekend
0.940585009140768,5,1,2,13,0,0,0,0,0,0,0,0,1,1,Weekend
0.7166361974405848,5,1,2,13,0,0,1,0,0,0,0,0,0,1,Weekend
0.4926873857404021,5,1,2,13,0,0,0,0,0,1,0,0,0,1,Weekend
0.940585009140768,5,1,2,13,0,0,0,1,0,0,0,0,0,1,Weekend
0.7166361974405848,5,1,2,14,0,0,1,0,0,0,0,0,0,1,Weekend
0.940585009140768,5,1,2,14,0,0,0,0,0,0,0,1,0,1,Weekend
0.940585009140768,5,1,3,19,0,0,0,1,0,0,0,0,0,1,Weekend
0.940585009140768,5,1,3,19,0,0,0,0,0,0,0,1,0,1,Weekend
0.5429616087751371,6,1,1,7,1,1,0,0,0,0,0,0,0,1,Weekend
0.7714808043875685,6,1,1,7,1,0,1,0,0,0,0,0,0,1,Weekend
1.0,6,1,1,10,1,0,0,0,0,0,0,0,1,1,Weekend
0.2687385740402193,6,1,1,11,0,0,0,0,0,0,1,0,0,1,Weekend
0.7714808043875685,6,1,2,17,1,0,1,0,0,0,0,0,0,1,Weekend
0.940585009140768,6,1,3,19,0,0,0,0,0,0,0,0,1,1,Weekend
0.4926873857404021,6,1,3,19,0,0,0,0,0,1,0,0,0,1,Weekend
1.0,0,0,1,10,1,0,0,0,0,0,0,0,1,2,Weekday morning
1.0,0,0,1,11,1,0,0,1,0,0,0,0,0,2,Weekday morning
0.5429616087751371,0,0,1,11,1,0,0,0,0,1,0,0,0,2,Weekday morning
0.5429616087751371,0,0,1,11,1,1,0,0,0,0,0,0,0,2,Weekday morning
0.940585009140768,0,0,1,11,0,0,0,1,0,0,0,0,0,2,Weekday morning
0.4926873857404021,0,0,2,16,0,1,0,0,0,0,0,0,0,0,Weekday evening
0.940585009140768,0,0,2,16,0,0,0,0,0,0,0,0,1,0,Weekday evening
0.4926873857404021,0,0,2,16,0,0,0,0,0,1,0,0,0,0,Weekday evening
1.0,1,0,1,10,1,0,0,0,0,0,0,0,1,2,Weekday morning
0.4926873857404021,1,0,1,10,0,1,0,0,0,0,0,0,0,2,Weekday morning
0.4926873857404021,1,0,1,10,0,0,0,0,0,1,0,0,0,2,Weekday morning
0.940585009140768,1,0,1,11,0,0,0,0,0,0,0,1,0,2,Weekday morning
0.7166361974405848,1,0,2,12,0,0,1,0,0,0,0,0,0,2,Weekday morning
0.4926873857404021,1,0,2,12,0,1,0,0,0,0,0,0,0,2,Weekday morning
0.4926873857404021,1,0,2,16,0,1,0,0,0,0,0,0,0,0,Weekday evening
0.940585009140768,2,0,1,11,0,0,0,0,0,0,0,1,0,2,Weekday morning
0.4926873857404021,2,0,1,11,0,1,0,0,0,0,0,0,0,2,Weekday morning
0.4926873857404021,2,0,2,12,0,1,0,0,0,0,0,0,0,2,Weekday morning
0.4926873857404021,2,0,2,12,0,1,0,0,0,0,0,0,0,2,Weekday morning
0.3144424131627056,2,0,2,12,1,0,0,0,0,0,1,0,0,2,Weekday morning
0.7166361974405848,2,0,2,14,0,0,1,0,0,0,0,0,0,0,Weekday evening
0.2687385740402193,2,0,2,15,0,0,0,0,0,0,1,0,0,2,Weekday morning
0.2687385740402193,2,0,2,15,0,0,0,0,0,0,1,0,0,2,Weekday morning
0.2687385740402193,2,0,2,16,0,0,0,0,0,0,1,0,0,2,Weekday morning
1.0,3,0,1,10,1,0,0,0,0,0,0,0,1,2,Weekday morning
0.940585009140768,3,0,1,10,0,0,0,0,0,0,0,0,1,2,Weekday morning
0.940585009140768,3,0,1,10,0,0,0,0,0,0,0,1,0,2,Weekday morning
0.4926873857404021,3,0,2,13,0,0,0,0,0,1,0,0,0,2,Weekday morning
0.4926873857404021,3,0,2,13,0,1,0,0,0,0,0,0,0,2,Weekday morning
0.7166361974405848,3,0,2,13,0,0,1,0,0,0,0,0,0,0,Weekday evening
0.2687385740402193,3,0,2,13,0,0,0,0,0,0,1,0,0,2,Weekday morning
0.940585009140768,3,0,2,15,0,0,0,0,0,0,0,0,1,0,Weekday evening
0.7166361974405848,3,0,2,16,0,0,1,0,0,0,0,0,0,0,Weekday evening
0.2687385740402193,3,0,2,16,0,0,0,0,0,0,1,0,0,2,Weekday morning
0.940585009140768,3,0,3,18,0,0,0,0,0,0,0,1,0,0,Weekday evening
0.4926873857404021,3,0,3,19,0,0,0,0,0,1,0,0,0,0,Weekday evening
1.0,4,0,1,10,1,0,0,0,0,0,0,0,1,2,Weekday morning
0.940585009140768,4,0,1,10,0,0,0,0,0,0,0,1,0,2,Weekday morning
0.4926873857404021,4,0,3,18,0,1,0,0,0,0,0,0,0,0,Weekday evening
0.7166361974405848,5,1,2,12,0,0,1,0,0,0,0,0,0,1,Weekend
0.4926873857404021,5,1,2,12,0,1,0,0,0,0,0,0,0,1,Weekend
0.4926873857404021,5,1,2,15,0,0,0,0,0,1,0,0,0,1,Weekend
0.4926873857404021,5,1,2,16,0,0,0,0,0,1,0,0,0,1,Weekend
0.4926873857404021,5,1,2,16,0,0,0,0,0,1,0,0,0,1,Weekend
0.7166361974405848,5,1,2,17,0,0,1,0,0,0,0,0,0,1,Weekend
1.0,6,1,1,10,1,0,0,0,0,0,0,0,1,1,Weekend
0.4926873857404021,6,1,2,12,0,0,0,0,0,1,0,0,0,1,Weekend
0.4926873857404021,0,0,1,11,0,0,0,0,0,1,0,0,0,2,Weekday morning
0.4926873857404021,0,0,2,15,0,1,0,0,0,0,0,0,0,0,Weekday evening
0.4926873857404021,0,0,2,15,0,1,0,0,0,0,0,0,0,0,Weekday evening
0.4926873857404021,0,0,2,15,0,1,0,0,0,0,0,0,0,0,Weekday evening
0.5429616087751371,1,0,1,10,1,0,0,0,0,1,0,0,0,2,Weekday morning
0.940585009140768,1,0,2,14,0,0,0,0,0,0,0,0,1,0,Weekday evening
0.940585009140768,1,0,2,14,0,0,0,0,0,0,0,0,1,0,Weekday evening
0.940585009140768,1,0,2,15,0,0,0,0,0,0,0,1,0,0,Weekday evening
0.7166361974405848,1,0,2,16,0,0,1,0,0,0,0,0,0,0,Weekday evening
1.0,1,0,3,19,1,0,0,0,0,0,0,1,0,0,Weekday evening
0.4926873857404021,2,0,1,11,0,0,0,0,0,1,0,0,0,2,Weekday morning
1.0,2,0,2,12,1,0,0,0,0,0,0,0,1,0,Weekday evening
0.4926873857404021,2,0,2,12,0,0,0,0,0,1,0,0,0,2,Weekday morning
0.940585009140768,2,0,2,13,0,0,0,1,0,0,0,0,0,0,Weekday evening
0.940585009140768,2,0,2,16,0,0,0,0,1,0,0,0,0,0,Weekday evening
0.940585009140768,2,0,2,17,0,0,0,0,0,0,0,0,1,0,Weekday evening
1.0,3,0,1,10,1,0,0,1,0,0,0,0,0,2,Weekday morning
0.4926873857404021,3,0,2,12,0,0,0,0,0,1,0,0,0,2,Weekday morning
0.940585009140768,3,0,2,12,0,0,0,1,0,0,0,0,0,0,Weekday evening
0.5429616087751371,3,0,2,17,1,1,0,0,0,0,0,0,0,0,Weekday evening
0.4926873857404021,3,0,2,17,0,0,0,0,0,1,0,0,0,0,Weekday evening
0.940585009140768,3,0,3,19,0,0,0,0,0,0,0,0,1,0,Weekday evening
0.7166361974405848,4,0,1,10,0,0,1,0,0,0,0,0,0,2,Weekday morning
0.7166361974405848,4,0,2,13,0,0,1,0,0,0,0,0,0,0,Weekday evening
1.0,4,0,2,16,1,0,0,1,0,0,0,0,0,0,Weekday evening
0.4926873857404021,4,0,2,17,0,1,0,0,0,0,0,0,0,0,Weekday evening
0.2687385740402193,4,0,2,17,0,0,0,0,0,0,1,0,0,0,Weekday evening
0.4926873857404021,4,0,2,17,0,1,0,0,0,0,0,0,0,0,Weekday evening
0.940585009140768,5,1,1,10,0,0,0,0,0,0,0,0,1,1,Weekend
0.7166361974405848,5,1,1,10,0,0,1,0,0,0,0,0,0,1,Weekend
0.940585009140768,5,1,2,13,0,0,0,1,0,0,0,0,0,1,Weekend
0.940585009140768,5,1,2,13,0,0,0,0,1,0,0,0,0,1,Weekend
0.7166361974405848,5,1,2,14,0,0,1,0,0,0,0,0,0,1,Weekend
0.940585009140768,5,1,2,15,0,0,0,0,0,0,0,0,1,1,Weekend
0.7166361974405848,5,1,2,15,0,0,1,0,0,0,0,0,0,1,Weekend
0.4926873857404021,5,1,2,16,0,0,0,0,0,1,0,0,0,1,Weekend
1.0,6,1,1,10,1,0,0,0,0,0,0,0,1,1,Weekend
0.940585009140768,6,1,3,18,0,0,0,0,0,0,0,0,1,1,Weekend
0.940585009140768,0,0,1,10,0,0,0,0,0,0,0,0,1,2,Weekday morning
0.7714808043875685,0,0,1,11,1,0,1,0,0,0,0,0,0,2,Weekday morning
0.940585009140768,0,0,2,14,0,0,0,0,0,0,0,0,1,0,Weekday evening
0.940585009140768,0,0,2,14,0,0,0,0,0,0,0,0,1,0,Weekday evening
0.7166361974405848,0,0,3,18,0,0,1,0,0,0,0,0,0,0,Weekday evening
0.940585009140768,0,0,3,19,0,0,0,1,0,0,0,0,0,0,Weekday evening
0.940585009140768,1,0,1,10,0,0,0,0,1,0,0,0,0,2,Weekday morning
0.940585009140768,1,0,1,10,0,0,0,0,0,0,0,0,1,2,Weekday morning
0.940585009140768,1,0,1,10,0,0,0,0,0,0,0,0,1,2,Weekday morning
0.4926873857404021,1,0,1,11,0,0,0,0,0,1,0,0,0,2,Weekday morning
0.4926873857404021,1,0,2,13,0,1,0,0,0,0,0,0,0,2,Weekday morning
0.4926873857404021,1,0,2,13,0,0,0,0,0,1,0,0,0,2,Weekday morning
0.4926873857404021,1,0,2,13,0,0,0,0,0,1,0,0,0,2,Weekday morning
0.4926873857404021,1,0,2,13,0,1,0,0,0,0,0,0,0,2,Weekday morning
0.940585009140768,1,0,2,15,0,0,0,0,0,0,0,0,1,0,Weekday evening
0.940585009140768,1,0,3,18,0,0,0,0,0,0,0,0,1,0,Weekday evening
0.940585009140768,1,0,3,18,0,0,0,0,0,0,0,1,0,0,Weekday evening
0.4926873857404021,2,0,1,11,0,0,0,0,0,1,0,0,0,2,Weekday morning
0.7166361974405848,2,0,1,11,0,0,1,0,0,0,0,0,0,2,Weekday morning
0.7166361974405848,2,0,2,12,0,0,1,0,0,0,0,0,0,2,Weekday morning
0.940585009140768,2,0,2,13,0,0,0,0,0,0,0,1,0,0,Weekday evening
0.940585009140768,2,0,2,14,0,0,0,1,0,0,0,0,0,0,Weekday evening
0.4926873857404021,2,0,2,14,0,1,0,0,0,0,0,0,0,2,Weekday morning
0.4926873857404021,2,0,3,18,0,0,0,0,0,1,0,0,0,0,Weekday evening
1.0,2,0,3,19,1,0,0,0,0,0,0,0,1,0,Weekday evening
0.4926873857404021,3,0,2,14,0,0,0,0,0,1,0,0,0,2,Weekday morning
0.4926873857404021,3,0,2,17,0,0,0,0,0,1,0,0,0,0,Weekday evening
0.4926873857404021,3,0,2,17,0,1,0,0,0,0,0,0,0,0,Weekday evening
0.940585009140768,3,0,2,17,0,0,0,0,0,0,0,0,1,0,Weekday evening
0.940585009140768,4,0,1,10,0,0,0,0,0,0,0,0,1,2,Weekday morning
0.940585009140768,4,0,2,12,0,0,0,1,0,0,0,0,0,0,Weekday evening
0.940585009140768,4,0,2,12,0,0,0,1,0,0,0,0,0,0,Weekday evening
1.0,4,0,2,13,1,0,0,1,0,0,0,0,0,0,Weekday evening
0.940585009140768,5,1,1,11,0,0,0,0,0,0,0,0,1,1,Weekend
1.0,5,1,2,13,1,0,0,1,0,0,0,0,0,1,Weekend
0.940585009140768,5,1,2,16,0,0,0,0,0,0,0,0,1,1,Weekend
0.940585009140768,5,1,2,16,0,0,0,0,0,0,0,0,1,1,Weekend
0.7166361974405848,5,1,2,16,0,0,1,0,0,0,0,0,0,1,Weekend
0.940585009140768,6,1,1,10,0,0,0,1,0,0,0,0,0,1,Weekend
0.5429616087751371,6,1,3,19,1,1,0,0,0,0,0,0,0,1,Weekend
0.4926873857404021,0,0,1,10,0,1,0,0,0,0,0,0,0,2,Weekday morning
0.7166361974405848,0,0,1,10,0,0,1,0,0,0,0,0,0,2,Weekday morning
0.7166361974405848,0,0,1,10,0,0,1,0,0,0,0,0,0,2,Weekday morning
0.7166361974405848,0,0,1,11,0,0,1,0,0,0,0,0,0,2,Weekday morning
1.0,0,0,2,17,1,0,0,1,0,0,0,0,0,0,Weekday evening
0.7166361974405848,0,0,3,18,0,0,1,0,0,0,0,0,0,0,Weekday evening
0.940585009140768,0,0,3,18,0,0,0,0,0,0,0,1,0,0,Weekday evening
0.940585009140768,1,0,1,10,0,0,0,0,0,0,0,0,1,2,Weekday morning
0.4926873857404021,1,0,2,16,0,1,0,0,0,0,0,0,0,0,Weekday evening
0.4926873857404021,1,0,2,16,0,0,0,0,0,1,0,0,0,0,Weekday evening
1.0,1,0,3,19,1,0,0,1,0,0,0,0,0,0,Weekday evening
0.4926873857404021,2,0,1,10,0,0,0,0,0,1,0,0,0,2,Weekday morning
0.4926873857404021,2,0,1,10,0,1,0,0,0,0,0,0,0,2,Weekday morning
0.940585009140768,2,0,2,13,0,0,0,1,0,0,0,0,0,0,Weekday evening
0.5429616087751371,2,0,2,15,1,0,0,0,0,1,0,0,0,2,Weekday morning
0.940585009140768,3,0,1,10,0,0,0,0,0,0,0,0,1,2,Weekday morning
0.940585009140768,3,0,1,11,0,0,0,0,0,0,0,0,1,2,Weekday morning
0.940585009140768,3,0,1,11,0,0,0,1,0,0,0,0,0,2,Weekday morning
0.4926873857404021,3,0,2,12,0,0,0,0,0,1,0,0,0,2,Weekday morning
1.0,3,0,3,19,1,0,0,0,0,0,0,0,1,0,Weekday evening
0.4926873857404021,4,0,1,10,0,1,0,0,0,0,0,0,0,2,Weekday morning
0.4926873857404021,4,0,1,10,0,1,0,0,0,0,0,0,0,2,Weekday morning
0.4926873857404021,4,0,1,11,0,0,0,0,0,1,0,0,0,2,Weekday morning
0.7166361974405848,4,0,2,12,0,0,1,0,0,0,0,0,0,2,Weekday morning
0.940585009140768,4,0,2,14,0,0,0,0,0,0,0,0,1,0,Weekday evening
0.4926873857404021,4,0,2,14,0,0,0,0,0,1,0,0,0,2,Weekday morning
1.0,4,0,2,15,1,0,0,0,0,0,0,0,1,0,Weekday evening
1.0,4,0,2,15,1,0,0,1,0,0,0,0,0,0,Weekday evening
0.5429616087751371,4,0,2,15,1,1,0,0,0,0,0,0,0,2,Weekday morning
1.0,4,0,2,16,1,0,0,0,1,0,0,0,0,0,Weekday evening
0.2687385740402193,4,0,2,16,0,0,0,0,0,0,1,0,0,2,Weekday morning
0.7166361974405848,5,1,2,12,0,0,1,0,0,0,0,0,0,1,Weekend
0.940585009140768,5,1,2,14,0,0,0,1,0,0,0,0,0,1,Weekend
0.4926873857404021,5,1,2,14,0,1,0,0,0,0,0,0,0,1,Weekend
0.940585009140768,5,1,2,14,0,0,0,0,0,0,0,0,1,1,Weekend
0.940585009140768,6,1,1,10,0,0,0,0,0,0,0,0,1,1,Weekend
0.940585009140768,6,1,2,12,0,0,0,1,0,0,0,0,0,1,Weekend
0.940585009140768,6,1,2,12,0,0,0,1,0,0,0,0,0,1,Weekend
0.4926873857404021,6,1,2,14,0,0,0,0,0,1,0,0,0,1,Weekend
0.2687385740402193,6,1,2,14,0,0,0,0,0,0,1,0,0,1,Weekend
0.940585009140768,6,1,3,18,0,0,0,0,0,0,0,1,0,1,Weekend
0.7166361974405848,6,1,3,18,0,0,1,0,0,0,0,0,0,1,Weekend
0.7166361974405848,0,0,1,10,0,0,1,0,0,0,0,0,0,2,Weekday morning
0.940585009140768,0,0,1,10,0,0,0,1,0,0,0,0,0,2,Weekday morning
0.4926873857404021,0,0,1,11,0,1,0,0,0,0,0,0,0,2,Weekday morning
0.940585009140768,0,0,1,11,0,0,0,1,0,0,0,0,0,2,Weekday morning
0.3144424131627056,0,0,2,12,1,0,0,0,0,0,1,0,0,2,Weekday morning
0.7714808043875685,0,0,2,15,1,0,1,0,0,0,0,0,0,0,Weekday evening
0.940585009140768,0,0,2,16,0,0,0,0,0,0,0,0,1,0,Weekday evening
0.4926873857404021,0,0,3,18,0,1,0,0,0,0,0,0,0,0,Weekday evening
0.7166361974405848,0,0,3,19,0,0,1,0,0,0,0,0,0,0,Weekday evening
0.940585009140768,0,0,3,19,0,0,0,1,0,0,0,0,0,0,Weekday evening
1.0,1,0,1,10,1,0,0,1,0,0,0,0,0,2,Weekday morning
0.5429616087751371,1,0,1,10,1,1,0,0,0,0,0,0,0,2,Weekday morning
0.940585009140768,1,0,1,11,0,0,0,0,0,0,0,0,1,2,Weekday morning
0.940585009140768,1,0,2,15,0,0,0,0,0,0,0,1,0,0,Weekday evening
0.940585009140768,1,0,2,17,0,0,0,0,0,0,0,1,0,0,Weekday evening
0.3144424131627056,2,0,1,10,1,0,0,0,0,0,1,0,0,2,Weekday morning
1.0,2,0,2,17,1,0,0,0,0,0,0,1,0,0,Weekday evening
0.2687385740402193,2,0,2,17,0,0,0,0,0,0,1,0,0,0,Weekday evening
0.940585009140768,2,0,3,18,0,0,0,1,0,0,0,0,0,0,Weekday evening
0.940585009140768,2,0,3,20,0,0,0,0,0,0,0,0,1,0,Weekday evening
0.4926873857404021,3,0,1,10,0,1,0,0,0,0,0,0,0,2,Weekday morning
0.4926873857404021,3,0,1,10,0,1,0,0,0,0,0,0,0,2,Weekday morning
0.940585009140768,3,0,2,16,0,0,0,0,0,0,0,0,1,0,Weekday evening
0.940585009140768,3,0,3,19,0,0,0,1,0,0,0,0,0,0,Weekday evening
0.7166361974405848,3,0,3,19,0,0,1,0,0,0,0,0,0,0,Weekday evening
0.940585009140768,4,0,3,19,0,0,0,0,0,0,0,1,0,0,Weekday evening
0.4926873857404021,4,0,3,19,0,0,0,0,0,1,0,0,0,0,Weekday evening
0.940585009140768,5,1,2,12,0,0,0,0,0,0,0,0,1,1,Weekend
0.4926873857404021,5,1,2,12,0,1,0,0,0,0,0,0,0,1,Weekend
1.0,5,1,2,15,1,0,0,0,0,0,0,1,0,1,Weekend
1.0,5,1,2,15,1,0,0,0,0,0,0,1,0,1,Weekend
0.940585009140768,5,1,2,16,0,0,0,1,0,0,0,0,0,1,Weekend
0.940585009140768,5,1,2,16,0,0,0,0,0,0,0,0,1,1,Weekend
0.940585009140768,5,1,2,17,0,0,0,1,0,0,0,0,0,1,Weekend
0.940585009140768,5,1,2,17,0,0,0,1,0,0,0,0,0,1,Weekend
1.0,6,1,1,10,1,0,0,0,0,0,0,0,1,1,Weekend
0.940585009140768,6,1,2,12,0,0,0,1,0,0,0,0,0,1,Weekend
0.5429616087751371,6,1,2,12,1,0,0,0,0,1,0,0,0,1,Weekend
0.5429616087751371,6,1,2,12,1,0,0,0,0,1,0,0,0,1,Weekend
0.7714808043875685,6,1,2,12,1,0,1,0,0,0,0,0,0,1,Weekend
0.4926873857404021,6,1,2,13,0,0,0,0,0,1,0,0,0,1,Weekend
0.4926873857404021,6,1,2,14,0,1,0,0,0,0,0,0,0,1,Weekend
0.4926873857404021,6,1,2,14,0,1,0,0,0,0,0,0,0,1,Weekend
0.4926873857404021,6,1,2,14,0,1,0,0,0,0,0,0,0,1,Weekend
0.940585009140768,6,1,2,15,0,0,0,1,0,0,0,0,0,1,Weekend
0.4926873857404021,6,1,2,16,0,0,0,0,0,1,0,0,0,1,Weekend
0.940585009140768,6,1,2,17,0,0,0,0,0,0,0,0,1,1,Weekend
0.940585009140768,6,1,3,18,0,0,0,1,0,0,0,0,0,1,Weekend
0.4926873857404021,0,0,1,11,0,1,0,0,0,0,0,0,0,2,Weekday morning
0.4926873857404021,0,0,2,17,0,1,0,0,0,0,0,0,0,0,Weekday evening
0.7166361974405848,0,0,2,17,0,0,1,0,0,0,0,0,0,0,Weekday evening
0.7166361974405848,0,0,3,19,0,0,1,0,0,0,0,0,0,0,Weekday evening
0.3144424131627056,0,0,3,19,1,0,0,0,0,0,1,0,0,0,Weekday evening
0.7714808043875685,1,0,1,10,1,0,1,0,0,0,0,0,0,2,Weekday morning
0.7166361974405848,1,0,1,10,0,0,1,0,0,0,0,0,0,2,Weekday morning
0.940585009140768,1,0,2,12,0,0,0,0,1,0,0,0,0,0,Weekday evening
0.4926873857404021,1,0,2,12,0,0,0,0,0,1,0,0,0,2,Weekday morning
0.4926873857404021,1,0,2,15,0,1,0,0,0,0,0,0,0,0,Weekday evening
0.7166361974405848,1,0,2,17,0,0,1,0,0,0,0,0,0,0,Weekday evening
0.940585009140768,1,0,2,17,0,0,0,1,0,0,0,0,0,0,Weekday evening
0.940585009140768,1,0,3,18,0,0,0,0,1,0,0,0,0,0,Weekday evening
0.4926873857404021,2,0,2,13,0,1,0,0,0,0,0,0,0,2,Weekday morning
0.2687385740402193,2,0,2,13,0,0,0,0,0,0,1,0,0,2,Weekday morning
1.0,2,0,2,16,1,0,0,1,0,0,0,0,0,0,Weekday evening
0.940585009140768,2,0,2,17,0,0,0,1,0,0,0,0,0,0,Weekday evening
0.940585009140768,2,0,2,17,0,0,0,1,0,0,0,0,0,0,Weekday evening
0.4926873857404021,2,0,3,18,0,0,0,0,0,1,0,0,0,0,Weekday evening
0.4926873857404021,3,0,1,11,0,1,0,0,0,0,0,0,0,2,Weekday morning
0.4926873857404021,3,0,1,11,0,1,0,0,0,0,0,0,0,2,Weekday morning
0.7166361974405848,3,0,2,13,0,0,1,0,0,0,0,0,0,0,Weekday evening
0.4926873857404021,3,0,2,13,0,0,0,0,0,1,0,0,0,2,Weekday morning
0.940585009140768,3,0,2,14,0,0,0,1,0,0,0,0,0,0,Weekday evening
0.940585009140768,3,0,2,14,0,0,0,0,0,0,0,0,1,0,Weekday evening
0.940585009140768,3,0,2,17,0,0,0,0,0,0,0,0,1,0,Weekday evening
0.940585009140768,3,0,3,18,0,0,0,1,0,0,0,0,0,0,Weekday evening
0.940585009140768,3,0,3,19,0,0,0,0,0,0,0,1,0,0,Weekday evening
0.940585009140768,3,0,3,19,0,0,0,0,0,0,0,1,0,0,Weekday evening
0.940585009140768,4,0,1,10,0,0,0,0,0,0,0,0,1,2,Weekday morning
0.7166361974405848,4,0,2,13,0,0,1,0,0,0,0,0,0,0,Weekday evening
0.940585009140768,4,0,2,13,0,0,0,1,0,0,0,0,0,0,Weekday evening
0.940585009140768,4,0,2,13,0,0,0,0,0,0,0,1,0,0,Weekday evening
0.940585009140768,4,0,2,13,0,0,0,1,0,0,0,0,0,0,Weekday evening
0.940585009140768,4,0,3,18,0,0,0,0,1,0,0,0,0,0,Weekday evening
0.7166361974405848,4,0,3,18,0,0,1,0,0,0,0,0,0,0,Weekday evening
0.7714808043875685,5,1,1,11,1,0,1,0,0,0,0,0,0,1,Weekend
0.7166361974405848,5,1,2,12,0,0,1,0,0,0,0,0,0,1,Weekend
0.7166361974405848,5,1,2,12,0,0,1,0,0,0,0,0,0,1,Weekend
0.4926873857404021,5,1,2,13,0,1,0,0,0,0,0,0,0,1,Weekend
0.7166361974405848,5,1,2,13,0,0,1,0,0,0,0,0,0,1,Weekend
0.940585009140768,5,1,2,13,0,0,0,0,0,0,0,1,0,1,Weekend
0.940585009140768,5,1,2,14,0,0,0,1,0,0,0,0,0,1,Weekend
0.7166361974405848,5,1,2,15,0,0,1,0,0,0,0,0,0,1,Weekend
0.6718464351005484,5,1,2,15,0,0,1,0,0,0,0,0,0,1,Weekend
0.6718464351005484,5,1,2,15,0,0,1,0,0,0,0,0,0,1,Weekend
0.9542961608775136,5,1,2,17,1,0,0,0,1,0,0,0,0,1,Weekend
0.8957952468007312,5,1,3,18,0,0,0,1,0,0,0,0,0,1,Weekend
0.8957952468007312,5,1,3,18,0,0,0,1,0,0,0,0,0,1,Weekend
0.8957952468007312,5,1,3,19,0,0,0,0,0,0,0,0,1,1,Weekend
0.8957952468007312,6,1,1,11,0,0,0,0,0,0,0,0,1,1,Weekend
0.4478976234003657,6,1,2,14,0,1,0,0,0,0,0,0,0,1,Weekend
0.9542961608775136,6,1,2,17,1,0,0,1,0,0,0,0,0,1,Weekend
0.4478976234003657,0,0,1,11,0,1,0,0,0,0,0,0,0,2,Weekday morning
0.6718464351005484,0,0,1,11,0,0,1,0,0,0,0,0,0,2,Weekday morning
0.9542961608775136,0,0,3,18,1,0,0,0,0,0,0,0,1,0,Weekday evening
0.8957952468007312,0,0,3,19,0,0,0,0,0,0,0,0,1,0,Weekday evening
0.9542961608775136,0,0,3,20,1,0,0,1,0,0,0,0,0,0,Weekday evening
0.8957952468007312,1,0,2,14,0,0,0,1,0,0,0,0,0,0,Weekday evening
0.6718464351005484,1,0,2,14,0,0,1,0,0,0,0,0,0,0,Weekday evening
0.8957952468007312,1,0,2,14,0,0,0,1,0,0,0,0,0,0,Weekday evening
0.6718464351005484,1,0,3,19,0,0,1,0,0,0,0,0,0,0,Weekday evening
0.6718464351005484,1,0,3,19,0,0,1,0,0,0,0,0,0,0,Weekday evening
0.8957952468007312,2,0,1,10,0,0,0,0,0,0,0,0,1,2,Weekday morning
0.6718464351005484,2,0,1,10,0,0,1,0,0,0,0,0,0,2,Weekday morning
0.6718464351005484,2,0,1,11,0,0,1,0,0,0,0,0,0,2,Weekday morning
0.6718464351005484,2,0,1,11,0,0,1,0,0,0,0,0,0,2,Weekday morning
0.6718464351005484,2,0,2,12,0,0,1,0,0,0,0,0,0,2,Weekday morning
0.6718464351005484,2,0,2,16,0,0,1,0,0,0,0,0,0,0,Weekday evening
0.6718464351005484,2,0,3,19,0,0,1,0,0,0,0,0,0,0,Weekday evening
0.8957952468007312,2,0,3,19,0,0,0,1,0,0,0,0,0,0,Weekday evening
0.4478976234003657,3,0,1,10,0,1,0,0,0,0,0,0,0,2,Weekday morning
0.8957952468007312,3,0,2,15,0,0,0,0,0,0,0,0,1,0,Weekday evening
0.4478976234003657,3,0,2,17,0,1,0,0,0,0,0,0,0,0,Weekday evening
0.4478976234003657,3,0,2,17,0,1,0,0,0,0,0,0,0,0,Weekday evening
0.8957952468007312,4,0,1,10,0,0,0,0,0,0,0,0,1,2,Weekday morning
0.8957952468007312,4,0,2,12,0,0,0,0,0,0,0,0,1,0,Weekday evening
0.8957952468007312,4,0,2,13,0,0,0,1,0,0,0,0,0,0,Weekday evening
0.4478976234003657,4,0,2,15,0,1,0,0,0,0,0,0,0,0,Weekday evening
0.4478976234003657,4,0,2,15,0,1,0,0,0,0,0,0,0,0,Weekday evening
0.4478976234003657,4,0,2,16,0,0,0,0,0,1,0,0,0,0,Weekday evening
0.4478976234003657,4,0,2,16,0,1,0,0,0,0,0,0,0,0,Weekday evening
0.8957952468007312,4,0,3,19,0,0,0,0,0,0,0,1,0,0,Weekday evening
0.8957952468007312,4,0,3,19,0,0,0,0,1,0,0,0,0,0,Weekday evening
0.8957952468007312,5,1,2,15,0,0,0,1,0,0,0,0,0,1,Weekend
0.8957952468007312,6,1,1,10,0,0,0,0,0,0,0,0,1,1,Weekend
0.8957952468007312,6,1,2,12,0,0,0,1,0,0,0,0,0,1,Weekend
0.4478976234003657,6,1,3,18,0,1,0,0,0,0,0,0,0,1,Weekend
0.4478976234003657,6,1,3,18,0,1,0,0,0,0,0,0,0,1,Weekend
0.8957952468007312,6,1,3,18,0,0,0,0,0,0,0,0,1,1,Weekend
0.4478976234003657,0,0,1,11,0,0,0,0,0,1,0,0,0,2,Weekday morning
0.4478976234003657,0,0,2,13,0,1,0,0,0,0,0,0,0,2,Weekday morning
0.4478976234003657,0,0,2,13,0,0,0,0,0,1,0,0,0,2,Weekday morning
0.4478976234003657,0,0,2,13,0,0,0,0,0,1,0,0,0,2,Weekday morning
0.6718464351005484,0,0,2,13,0,0,1,0,0,0,0,0,0,0,Weekday evening
0.8957952468007312,0,0,3,18,0,0,0,1,0,0,0,0,0,0,Weekday evening
0.8957952468007312,0,0,3,19,0,0,0,1,0,0,0,0,0,0,Weekday evening
0.8957952468007312,0,0,3,19,0,0,0,1,0,0,0,0,0,0,Weekday evening
0.8957952468007312,1,0,1,10,0,0,0,0,0,0,0,0,1,2,Weekday morning
0.6718464351005484,1,0,1,10,0,0,1,0,0,0,0,0,0,2,Weekday morning
0.6718464351005484,1,0,1,10,0,0,1,0,0,0,0,0,0,2,Weekday morning
0.4478976234003657,1,0,2,13,0,1,0,0,0,0,0,0,0,2,Weekday morning
0.6718464351005484,1,0,2,13,0,0,1,0,0,0,0,0,0,0,Weekday evening
0.8957952468007312,1,0,3,19,0,0,0,1,0,0,0,0,0,0,Weekday evening
0.6718464351005484,1,0,3,19,0,0,1,0,0,0,0,0,0,0,Weekday evening
0.8957952468007312,1,0,3,19,0,0,0,0,0,0,0,0,1,0,Weekday evening
0.4478976234003657,3,0,1,10,0,1,0,0,0,0,0,0,0,2,Weekday morning
0.9542961608775136,3,0,1,11,1,0,0,0,0,0,0,0,1,2,Weekday morning
0.6718464351005484,3,0,2,13,0,0,1,0,0,0,0,0,0,0,Weekday evening
0.8957952468007312,3,0,3,18,0,0,0,1,0,0,0,0,0,0,Weekday evening
0.6718464351005484,3,0,3,18,0,0,1,0,0,0,0,0,0,0,Weekday evening
0.8957952468007312,3,0,3,19,0,0,0,0,0,0,0,0,1,0,Weekday evening
0.8957952468007312,3,0,3,19,0,0,0,1,0,0,0,0,0,0,Weekday evening
0.9542961608775136,4,0,1,10,1,0,0,0,0,0,0,0,1,2,Weekday morning
0.8957952468007312,4,0,2,14,0,0,0,0,0,0,0,0,1,0,Weekday evening
0.8957952468007312,4,0,2,17,0,0,0,0,0,0,0,0,1,0,Weekday evening
0.4478976234003657,0,0,1,10,0,1,0,0,0,0,0,0,0,2,Weekday morning
0.8957952468007312,0,0,1,10,0,0,0,1,0,0,0,0,0,2,Weekday morning
0.6718464351005484,0,0,1,10,0,0,1,0,0,0,0,0,0,2,Weekday morning
0.4478976234003657,0,0,1,10,0,1,0,0,0,0,0,0,0,2,Weekday morning
0.4478976234003657,0,0,1,10,0,0,0,0,0,1,0,0,0,2,Weekday morning
0.4972577696526508,0,0,1,11,1,1,0,0,0,0,0,0,0,2,Weekday morning
0.4478976234003657,0,0,2,13,0,0,0,0,0,1,0,0,0,2,Weekday morning
0.4478976234003657,0,0,2,13,0,1,0,0,0,0,0,0,0,2,Weekday morning
0.8957952468007312,0,0,3,19,0,0,0,1,0,0,0,0,0,0,Weekday evening
0.8957952468007312,0,0,3,19,0,0,0,1,0,0,0,0,0,0,Weekday evening
0.8957952468007312,1,0,1,10,0,0,0,0,1,0,0,0,0,2,Weekday morning
0.4478976234003657,1,0,1,11,0,0,0,0,0,1,0,0,0,2,Weekday morning
0.4478976234003657,1,0,2,13,0,0,0,0,0,1,0,0,0,2,Weekday morning
0.8957952468007312,1,0,2,16,0,0,0,0,1,0,0,0,0,0,Weekday evening
0.4478976234003657,1,0,2,16,0,1,0,0,0,0,0,0,0,0,Weekday evening
0.8957952468007312,1,0,2,17,0,0,0,1,0,0,0,0,0,0,Weekday evening
0.8957952468007312,1,0,2,17,0,0,0,0,0,0,0,0,1,0,Weekday evening
0.7257769652650823,1,0,3,18,1,0,1,0,0,0,0,0,0,0,Weekday evening
0.8957952468007312,1,0,3,19,0,0,0,1,0,0,0,0,0,0,Weekday evening
0.8957952468007312,1,0,3,19,0,0,0,1,0,0,0,0,0,0,Weekday evening
0.8957952468007312,2,0,1,10,0,0,0,0,0,0,0,0,1,2,Weekday morning
0.8957952468007312,3,0,2,12,0,0,0,1,0,0,0,0,0,0,Weekday evening
0.4478976234003657,3,0,2,13,0,1,0,0,0,0,0,0,0,2,Weekday morning
0.8957952468007312,3,0,2,13,0,0,0,0,0,0,0,0,1,0,Weekday evening
0.8957952468007312,3,0,2,13,0,0,0,0,0,0,0,0,1,0,Weekday evening
0.8957952468007312,3,0,2,13,0,0,0,0,0,0,0,0,1,0,Weekday evening
0.4478976234003657,3,0,2,16,0,1,0,0,0,0,0,0,0,0,Weekday evening
0.4478976234003657,3,0,2,16,0,1,0,0,0,0,0,0,0,0,Weekday evening
0.4478976234003657,3,0,3,18,0,1,0,0,0,0,0,0,0,0,Weekday evening
0.6718464351005484,3,0,3,18,0,0,1,0,0,0,0,0,0,0,Weekday evening
0.9542961608775136,4,0,1,10,1,0,0,0,0,0,0,0,1,2,Weekday morning
0.8957952468007312,4,0,2,15,0,0,0,0,0,0,0,0,1,0,Weekday evening
0.8957952468007312,4,0,2,15,0,0,0,0,0,0,0,0,1,0,Weekday evening
0.7257769652650823,4,0,2,16,1,0,1,0,0,0,0,0,0,0,Weekday evening
0.8957952468007312,5,1,1,11,0,0,0,0,0,0,0,0,1,1,Weekend
0.9542961608775136,5,1,2,17,1,0,0,0,0,0,0,0,1,1,Weekend
0.6718464351005484,5,1,2,17,0,0,1,0,0,0,0,0,0,1,Weekend
0.8957952468007312,5,1,2,17,0,0,0,0,1,0,0,0,0,1,Weekend
0.8957952468007312,5,1,2,17,0,0,0,1,0,0,0,0,0,1,Weekend
0.6718464351005484,5,1,2,17,0,0,1,0,0,0,0,0,0,1,Weekend
0.8957952468007312,5,1,3,18,0,0,0,1,0,0,0,0,0,1,Weekend
0.8957952468007312,5,1,3,19,0,0,0,0,0,0,0,0,1,1,Weekend
0.8957952468007312,6,1,1,10,0,0,0,0,0,0,0,0,1,1,Weekend
0.8957952468007312,6,1,2,13,0,0,0,0,0,0,0,0,1,1,Weekend
0.4478976234003657,6,1,2,13,0,1,0,0,0,0,0,0,0,1,Weekend
0.8957952468007312,6,1,2,15,0,0,0,0,0,0,0,0,1,1,Weekend
0.6718464351005484,6,1,2,15,0,0,1,0,0,0,0,0,0,1,Weekend
0.6718464351005484,6,1,2,15,0,0,1,0,0,0,0,0,0,1,Weekend
0.6718464351005484,6,1,2,16,0,0,1,0,0,0,0,0,0,1,Weekend
0.6718464351005484,6,1,3,19,0,0,1,0,0,0,0,0,0,1,Weekend
0.6718464351005484,0,0,1,11,0,0,1,0,0,0,0,0,0,2,Weekday morning
0.4972577696526508,0,0,2,15,1,1,0,0,0,0,0,0,0,2,Weekday morning
0.4972577696526508,0,0,2,15,1,1,0,0,0,0,0,0,0,2,Weekday morning
0.4478976234003657,1,0,1,8,0,1,0,0,0,0,0,0,0,2,Weekday morning
0.4478976234003657,1,0,1,8,0,1,0,0,0,0,0,0,0,2,Weekday morning
0.4478976234003657,1,0,1,8,0,1,0,0,0,0,0,0,0,2,Weekday morning
0.8957952468007312,1,0,1,10,0,0,0,1,0,0,0,0,0,2,Weekday morning
0.8957952468007312,1,0,1,11,0,0,0,0,0,0,0,0,1,2,Weekday morning
0.8957952468007312,1,0,1,11,0,0,0,1,0,0,0,0,0,2,Weekday morning
0.8957952468007312,1,0,2,14,0,0,0,1,0,0,0,0,0,0,Weekday evening
0.6718464351005484,1,0,2,14,0,0,1,0,0,0,0,0,0,0,Weekday evening
0.4478976234003657,1,0,2,15,0,1,0,0,0,0,0,0,0,0,Weekday evening
0.6718464351005484,1,0,2,16,0,0,1,0,0,0,0,0,0,0,Weekday evening
0.8957952468007312,1,0,2,16,0,0,0,1,0,0,0,0,0,0,Weekday evening
0.8957952468007312,1,0,3,22,0,0,0,0,0,0,0,1,0,0,Weekday evening
0.8957952468007312,2,0,1,8,0,0,0,0,0,0,0,0,1,2,Weekday morning
0.2239488117001827,2,0,1,11,0,0,0,0,0,0,1,0,0,2,Weekday morning
0.4478976234003657,2,0,1,11,0,1,0,0,0,0,0,0,0,2,Weekday morning
0.4478976234003657,2,0,2,13,0,1,0,0,0,0,0,0,0,2,Weekday morning
0.4478976234003657,2,0,2,13,0,1,0,0,0,0,0,0,0,2,Weekday morning
0.4478976234003657,2,0,2,13,0,1,0,0,0,0,0,0,0,2,Weekday morning
0.6718464351005484,2,0,2,13,0,0,1,0,0,0,0,0,0,0,Weekday evening
0.4972577696526508,2,0,2,14,1,1,0,0,0,0,0,0,0,2,Weekday morning
0.4478976234003657,2,0,2,14,0,0,0,0,0,1,0,0,0,2,Weekday morning
0.4478976234003657,2,0,2,14,0,0,0,0,0,1,0,0,0,2,Weekday morning
0.2239488117001827,2,0,2,17,0,0,0,0,0,0,1,0,0,0,Weekday evening
0.8957952468007312,2,0,3,20,0,0,0,1,0,0,0,0,0,0,Weekday evening
0.6718464351005484,3,0,1,10,0,0,1,0,0,0,0,0,0,2,Weekday morning
0.6718464351005484,3,0,1,10,0,0,1,0,0,0,0,0,0,2,Weekday morning
0.9542961608775136,3,0,1,11,1,0,0,0,0,0,0,0,1,2,Weekday morning
0.9542961608775136,3,0,1,11,1,0,0,1,0,0,0,0,0,2,Weekday morning
0.6718464351005484,3,0,2,12,0,0,1,0,0,0,0,0,0,2,Weekday morning
0.8957952468007312,3,0,2,15,0,0,0,0,0,0,0,1,0,0,Weekday evening
0.8957952468007312,3,0,2,17,0,0,0,0,0,0,0,0,1,0,Weekday evening
0.8957952468007312,3,0,3,18,0,0,0,0,0,0,0,1,0,0,Weekday evening
0.8957952468007312,3,0,3,18,0,0,0,0,0,0,0,0,1,0,Weekday evening
0.4478976234003657,4,0,1,9,0,1,0,0,0,0,0,0,0,2,Weekday morning
0.6718464351005484,4,0,1,11,0,0,1,0,0,0,0,0,0,2,Weekday morning
0.7257769652650823,4,0,2,14,1,0,1,0,0,0,0,0,0,0,Weekday evening
0.6718464351005484,4,0,3,19,0,0,1,0,0,0,0,0,0,0,Weekday evening
0.8957952468007312,4,0,3,19,0,0,0,1,0,0,0,0,0,0,Weekday evening
0.8957952468007312,4,0,3,20,0,0,0,1,0,0,0,0,0,0,Weekday evening
0.4478976234003657,4,0,3,22,0,1,0,0,0,0,0,0,0,0,Weekday evening
0.8957952468007312,4,0,3,22,0,0,0,0,0,0,0,0,1,0,Weekday evening
0.8957952468007312,4,0,3,22,0,0,0,0,0,0,0,0,1,0,Weekday evening
0.8957952468007312,5,1,1,8,0,0,0,1,0,0,0,0,0,1,Weekend
0.8957952468007312,5,1,1,8,0,0,0,1,0,0,0,0,0,1,Weekend
0.6718464351005484,5,1,1,11,0,0,1,0,0,0,0,0,0,1,Weekend
0.6718464351005484,5,1,2,16,0,0,1,0,0,0,0,0,0,1,Weekend
0.6718464351005484,5,1,2,16,0,0,1,0,0,0,0,0,0,1,Weekend
0.6718464351005484,5,1,3,19,0,0,1,0,0,0,0,0,0,1,Weekend
0.8957952468007312,5,1,3,20,0,0,0,0,0,0,0,0,1,1,Weekend
0.9542961608775136,5,1,3,22,1,0,0,1,0,0,0,0,0,1,Weekend
0.4478976234003657,6,1,1,7,0,1,0,0,0,0,0,0,0,1,Weekend
0.4478976234003657,6,1,1,7,0,1,0,0,0,0,0,0,0,1,Weekend
0.8957952468007312,6,1,1,8,0,0,0,1,0,0,0,0,0,1,Weekend
0.2687385740402193,6,1,1,9,1,0,0,0,0,0,1,0,0,1,Weekend
0.6718464351005484,6,1,2,12,0,0,1,0,0,0,0,0,0,1,Weekend
0.4478976234003657,6,1,2,14,0,1,0,0,0,0,0,0,0,1,Weekend
0.6718464351005484,6,1,2,15,0,0,1,0,0,0,0,0,0,1,Weekend
0.6718464351005484,6,1,3,18,0,0,1,0,0,0,0,0,0,1,Weekend
0.2239488117001827,6,1,3,18,0,0,0,0,0,0,1,0,0,1,Weekend
0.8957952468007312,6,1,3,18,0,0,0,0,0,0,0,1,0,1,Weekend
0.8957952468007312,6,1,3,19,0,0,0,1,0,0,0,0,0,1,Weekend
0.8957952468007312,6,1,3,21,0,0,0,1,0,0,0,0,0,1,Weekend
0.8957952468007312,6,1,3,21,0,0,0,1,0,0,0,0,0,1,Weekend
0.6718464351005484,0,0,1,10,0,0,1,0,0,0,0,0,0,2,Weekday morning
0.8957952468007312,0,0,1,10,0,0,0,0,0,0,0,0,1,2,Weekday morning
0.8957952468007312,0,0,1,10,0,0,0,0,0,0,0,0,1,2,Weekday morning
0.4478976234003657,0,0,1,11,0,1,0,0,0,0,0,0,0,2,Weekday morning
0.4478976234003657,0,0,1,11,0,1,0,0,0,0,0,0,0,2,Weekday morning
0.4478976234003657,0,0,2,13,0,1,0,0,0,0,0,0,0,2,Weekday morning
0.4478976234003657,0,0,2,13,0,1,0,0,0,0,0,0,0,2,Weekday morning
0.6718464351005484,0,0,2,14,0,0,1,0,0,0,0,0,0,0,Weekday evening
0.8957952468007312,0,0,2,14,0,0,0,1,0,0,0,0,0,0,Weekday evening
0.4972577696526508,0,0,2,14,1,1,0,0,0,0,0,0,0,2,Weekday morning
0.8957952468007312,0,0,2,17,0,0,0,0,0,0,0,0,1,0,Weekday evening
0.8957952468007312,0,0,2,17,0,0,0,0,0,0,0,0,1,0,Weekday evening
0.6718464351005484,0,0,3,20,0,0,1,0,0,0,0,0,0,0,Weekday evening
0.8957952468007312,0,0,3,20,0,0,0,0,1,0,0,0,0,0,Weekday evening
0.4478976234003657,0,0,3,20,0,0,0,0,0,1,0,0,0,0,Weekday evening
0.6718464351005484,0,0,3,21,0,0,1,0,0,0,0,0,0,0,Weekday evening
0.6718464351005484,0,0,3,21,0,0,1,0,0,0,0,0,0,0,Weekday evening
0.8957952468007312,1,0,1,8,0,0,0,0,0,0,0,0,1,2,Weekday morning
0.4972577696526508,1,0,1,9,1,1,0,0,0,0,0,0,0,2,Weekday morning
0.7257769652650823,1,0,1,9,1,0,1,0,0,0,0,0,0,2,Weekday morning
0.9542961608775136,1,0,1,9,1,0,0,0,1,0,0,0,0,2,Weekday morning
0.9542961608775136,1,0,1,10,1,0,0,0,0,0,0,0,1,2,Weekday morning
0.8957952468007312,1,0,2,16,0,0,0,0,0,0,0,0,1,0,Weekday evening
0.2239488117001827,1,0,3,18,0,0,0,0,0,0,1,0,0,0,Weekday evening
0.8957952468007312,1,0,3,19,0,0,0,1,0,0,0,0,0,0,Weekday evening
0.8957952468007312,1,0,3,20,0,0,0,1,0,0,0,0,0,0,Weekday evening
0.8957952468007312,2,0,1,9,0,0,0,1,0,0,0,0,0,2,Weekday morning
0.6718464351005484,2,0,1,10,0,0,1,0,0,0,0,0,0,2,Weekday morning
0.4478976234003657,2,0,1,11,0,0,0,0,0,1,0,0,0,2,Weekday morning
0.6718464351005484,2,0,1,11,0,0,1,0,0,0,0,0,0,2,Weekday morning
0.4478976234003657,2,0,2,12,0,1,0,0,0,0,0,0,0,2,Weekday morning
0.4478976234003657,2,0,2,12,0,1,0,0,0,0,0,0,0,2,Weekday morning
0.6718464351005484,2,0,2,14,0,0,1,0,0,0,0,0,0,0,Weekday evening
0.8957952468007312,2,0,3,19,0,0,0,1,0,0,0,0,0,0,Weekday evening
0.8957952468007312,2,0,3,19,0,0,0,1,0,0,0,0,0,0,Weekday evening
0.8957952468007312,2,0,3,21,0,0,0,0,0,0,0,1,0,0,Weekday evening
0.8957952468007312,2,0,3,21,0,0,0,1,0,0,0,0,0,0,Weekday evening
0.8957952468007312,3,0,1,10,0,0,0,1,0,0,0,0,0,2,Weekday morning
0.2239488117001827,3,0,2,12,0,0,0,0,0,0,1,0,0,2,Weekday morning
0.8957952468007312,3,0,2,15,0,0,0,1,0,0,0,0,0,0,Weekday evening
0.8957952468007312,3,0,2,15,0,0,0,1,0,0,0,0,0,0,Weekday evening
0.8957952468007312,3,0,2,16,0,0,0,1,0,0,0,0,0,0,Weekday evening
0.8957952468007312,3,0,2,16,0,0,0,0,0,0,0,0,1,0,Weekday evening
0.8957952468007312,3,0,2,17,0,0,0,1,0,0,0,0,0,0,Weekday evening
0.8957952468007312,3,0,2,17,0,0,0,0,0,0,0,0,1,0,Weekday evening
0.4478976234003657,3,0,3,19,0,0,0,0,0,1,0,0,0,0,Weekday evening
0.8957952468007312,3,0,3,19,0,0,0,1,0,0,0,0,0,0,Weekday evening
0.8957952468007312,3,0,3,19,0,0,0,1,0,0,0,0,0,0,Weekday evening
0.8957952468007312,3,0,3,19,0,0,0,1,0,0,0,0,0,0,Weekday evening
0.8957952468007312,3,0,3,20,0,0,0,1,0,0,0,0,0,0,Weekday evening
0.8957952468007312,3,0,3,20,0,0,0,0,0,0,0,0,1,0,Weekday evening
0.6718464351005484,3,0,3,22,0,0,1,0,0,0,0,0,0,0,Weekday evening
0.9542961608775136,3,0,3,22,1,0,0,0,0,0,0,1,0,0,Weekday evening
0.4478976234003657,4,0,1,11,0,0,0,0,0,1,0,0,0,2,Weekday morning
0.4478976234003657,4,0,1,11,0,1,0,0,0,0,0,0,0,2,Weekday morning
0.4478976234003657,4,0,1,11,0,1,0,0,0,0,0,0,0,2,Weekday morning
0.8957952468007312,4,0,2,16,0,0,0,0,0,0,0,1,0,0,Weekday evening
0.4478976234003657,4,0,3,18,0,0,0,0,0,1,0,0,0,0,Weekday evening
0.4478976234003657,4,0,3,18,0,0,0,0,0,1,0,0,0,0,Weekday evening
0.6718464351005484,4,0,3,22,0,0,1,0,0,0,0,0,0,0,Weekday evening
0.4972577696526508,5,1,1,7,1,1,0,0,0,0,0,0,0,1,Weekend
0.8957952468007312,5,1,2,12,0,0,0,0,0,0,0,0,1,1,Weekend
0.4972577696526508,5,1,2,12,1,1,0,0,0,0,0,0,0,1,Weekend
0.6718464351005484,5,1,2,12,0,0,1,0,0,0,0,0,0,1,Weekend
0.6718464351005484,5,1,2,12,0,0,1,0,0,0,0,0,0,1,Weekend
0.6718464351005484,5,1,2,12,0,0,1,0,0,0,0,0,0,1,Weekend
0.6718464351005484,5,1,2,16,0,0,1,0,0,0,0,0,0,1,Weekend
0.4478976234003657,5,1,2,16,0,1,0,0,0,0,0,0,0,1,Weekend
0.8957952468007312,6,1,1,10,0,0,0,0,0,0,0,0,1,1,Weekend
0.6718464351005484,6,1,2,14,0,0,1,0,0,0,0,0,0,1,Weekend
0.4478976234003657,6,1,2,14,0,0,0,0,0,1,0,0,0,1,Weekend
0.6718464351005484,6,1,2,14,0,0,1,0,0,0,0,0,0,1,Weekend
0.8957952468007312,6,1,2,17,0,0,0,1,0,0,0,0,0,1,Weekend
0.8957952468007312,6,1,3,18,0,0,0,0,0,0,0,1,0,1,Weekend
0.8957952468007312,6,1,3,18,0,0,0,0,0,0,0,1,0,1,Weekend
0.4478976234003657,6,1,3,18,0,1,0,0,0,0,0,0,0,1,Weekend
0.8957952468007312,6,1,3,18,0,0,0,0,0,0,0,0,1,1,Weekend
0.8957952468007312,6,1,3,20,0,0,0,0,0,0,0,1,0,1,Weekend
0.8957952468007312,6,1,3,21,0,0,0,1,0,0,0,0,0,1,Weekend
0.4478976234003657,6,1,3,21,0,0,0,0,0,1,0,0,0,1,Weekend
0.8957952468007312,6,1,3,21,0,0,0,1,0,0,0,0,0,1,Weekend
0.8957952468007312,6,1,3,21,0,0,0,0,0,0,0,0,1,1,Weekend
0.8957952468007312,6,1,3,21,0,0,0,1,0,0,0,0,0,1,Weekend
0.4478976234003657,0,0,1,11,0,1,0,0,0,0,0,0,0,2,Weekday morning
0.6718464351005484,0,0,2,14,0,0,1,0,0,0,0,0,0,0,Weekday evening
0.8957952468007312,0,0,2,14,0,0,0,0,1,0,0,0,0,0,Weekday evening
0.4478976234003657,0,0,2,15,0,1,0,0,0,0,0,0,0,0,Weekday evening
0.4478976234003657,0,0,2,15,0,1,0,0,0,0,0,0,0,0,Weekday evening
0.8957952468007312,0,0,2,17,0,0,0,0,0,0,0,0,1,0,Weekday evening
0.4478976234003657,0,0,3,18,0,1,0,0,0,0,0,0,0,0,Weekday evening
0.8957952468007312,0,0,3,19,0,0,0,0,0,0,0,0,1,0,Weekday evening
0.8957952468007312,0,0,3,19,0,0,0,0,0,0,0,0,1,0,Weekday evening
0.6718464351005484,0,0,3,21,0,0,1,0,0,0,0,0,0,0,Weekday evening
0.8957952468007312,0,0,3,21,0,0,0,1,0,0,0,0,0,0,Weekday evening
0.6718464351005484,1,0,1,8,0,0,1,0,0,0,0,0,0,2,Weekday morning
0.6718464351005484,1,0,1,9,0,0,1,0,0,0,0,0,0,2,Weekday morning
0.8957952468007312,1,0,1,11,0,0,0,1,0,0,0,0,0,2,Weekday morning
0.8957952468007312,1,0,2,13,0,0,0,1,0,0,0,0,0,0,Weekday evening
0.8957952468007312,1,0,2,14,0,0,0,0,1,0,0,0,0,0,Weekday evening
0.4478976234003657,1,0,2,16,0,0,0,0,0,1,0,0,0,0,Weekday evening
0.9542961608775136,1,0,2,17,1,0,0,1,0,0,0,0,0,0,Weekday evening
0.4478976234003657,1,0,3,19,0,1,0,0,0,0,0,0,0,0,Weekday evening
0.8957952468007312,1,0,3,19,0,0,0,0,0,0,0,0,1,0,Weekday evening
0.6718464351005484,1,0,3,20,0,0,1,0,0,0,0,0,0,0,Weekday evening
0.4478976234003657,1,0,3,20,0,1,0,0,0,0,0,0,0,0,Weekday evening
0.8957952468007312,2,0,1,9,0,0,0,0,0,0,0,0,1,2,Weekday morning
0.9542961608775136,2,0,1,10,1,0,0,0,0,0,0,0,1,2,Weekday morning
0.8957952468007312,2,0,1,11,0,0,0,0,0,0,0,1,0,2,Weekday morning
0.4478976234003657,2,0,2,15,0,1,0,0,0,0,0,0,0,0,Weekday evening
0.8957952468007312,2,0,2,15,0,0,0,0,0,0,0,0,1,0,Weekday evening
0.8957952468007312,2,0,2,15,0,0,0,1,0,0,0,0,0,0,Weekday evening
0.8957952468007312,2,0,2,16,0,0,0,0,0,0,0,0,1,0,Weekday evening
0.4478976234003657,2,0,3,18,0,0,0,0,0,1,0,0,0,0,Weekday evening
0.8957952468007312,2,0,3,18,0,0,0,0,0,0,0,0,1,0,Weekday evening
0.8957952468007312,2,0,3,20,0,0,0,0,0,0,0,1,0,0,Weekday evening
0.8957952468007312,2,0,3,20,0,0,0,0,1,0,0,0,0,0,Weekday evening
0.8957952468007312,3,0,1,8,0,0,0,1,0,0,0,0,0,2,Weekday morning
0.8957952468007312,3,0,1,8,0,0,0,0,0,0,0,0,1,2,Weekday morning
0.6718464351005484,3,0,1,8,0,0,1,0,0,0,0,0,0,2,Weekday morning
0.8957952468007312,3,0,1,9,0,0,0,0,0,0,0,0,1,2,Weekday morning
0.6718464351005484,3,0,2,14,0,0,1,0,0,0,0,0,0,0,Weekday evening
0.2239488117001827,3,0,2,15,0,0,0,0,0,0,1,0,0,2,Weekday morning
0.2239488117001827,3,0,2,15,0,0,0,0,0,0,1,0,0,2,Weekday morning
0.8957952468007312,3,0,3,19,0,0,0,1,0,0,0,0,0,0,Weekday evening
0.8957952468007312,3,0,3,20,0,0,0,0,0,0,0,0,1,0,Weekday evening
0.8957952468007312,3,0,3,20,0,0,0,0,0,0,0,1,0,0,Weekday evening
0.6718464351005484,3,0,3,20,0,0,1,0,0,0,0,0,0,0,Weekday evening
0.6718464351005484,4,0,1,7,0,0,1,0,0,0,0,0,0,2,Weekday morning
0.8957952468007312,4,0,1,9,0,0,0,0,0,0,0,0,1,2,Weekday morning
0.9542961608775136,4,0,1,9,1,0,0,0,0,0,0,0,1,2,Weekday morning
0.8957952468007312,4,0,1,10,0,0,0,0,0,0,0,1,0,2,Weekday morning
0.8957952468007312,4,0,1,10,0,0,0,0,1,0,0,0,0,2,Weekday morning
0.6718464351005484,4,0,2,14,0,0,1,0,0,0,0,0,0,0,Weekday evening
0.8957952468007312,4,0,3,18,0,0,0,0,0,0,0,0,1,0,Weekday evening
0.8957952468007312,4,0,3,18,0,0,0,0,0,0,0,0,1,0,Weekday evening
0.8957952468007312,4,0,3,20,0,0,0,1,0,0,0,0,0,0,Weekday evening
0.6718464351005484,4,0,3,20,0,0,1,0,0,0,0,0,0,0,Weekday evening
0.8957952468007312,4,0,3,20,0,0,0,0,0,0,0,0,1,0,Weekday evening
0.8957952468007312,4,0,3,22,0,0,0,1,0,0,0,0,0,0,Weekday evening
0.6718464351005484,4,0,3,22,0,0,1,0,0,0,0,0,0,0,Weekday evening
0.4478976234003657,4,0,3,22,0,0,0,0,0,1,0,0,0,0,Weekday evening
0.4478976234003657,5,1,1,8,0,0,0,0,0,1,0,0,0,1,Weekend
0.8957952468007312,5,1,1,9,0,0,0,0,0,0,0,0,1,1,Weekend
0.8957952468007312,5,1,1,11,0,0,0,0,0,0,0,0,1,1,Weekend
0.6718464351005484,5,1,2,14,0,0,1,0,0,0,0,0,0,1,Weekend
0.6718464351005484,5,1,3,18,0,0,1,0,0,0,0,0,0,1,Weekend
0.6718464351005484,5,1,3,18,0,0,1,0,0,0,0,0,0,1,Weekend
0.8957952468007312,5,1,3,20,0,0,0,1,0,0,0,0,0,1,Weekend
0.8957952468007312,5,1,3,20,0,0,0,1,0,0,0,0,0,1,Weekend
0.9542961608775136,5,1,3,20,1,0,0,0,1,0,0,0,0,1,Weekend
0.8957952468007312,5,1,3,20,0,0,0,0,1,0,0,0,0,1,Weekend
0.6718464351005484,5,1,3,21,0,0,1,0,0,0,0,0,0,1,Weekend
0.8957952468007312,6,1,3,20,0,0,0,0,0,0,0,0,1,1,Weekend
0.6718464351005484,6,1,3,20,0,0,1,0,0,0,0,0,0,1,Weekend
0.8957952468007312,6,1,3,20,0,0,0,1,0,0,0,0,0,1,Weekend
0.6718464351005484,6,1,3,21,0,0,1,0,0,0,0,0,0,1,Weekend
0.8957952468007312,6,1,3,21,0,0,0,0,0,0,0,0,1,1,Weekend
0.7257769652650823,6,1,3,22,1,0,1,0,0,0,0,0,0,1,Weekend
0.8957952468007312,0,0,1,10,0,0,0,0,0,0,0,0,1,2,Weekday morning
0.8957952468007312,0,0,1,10,0,0,0,0,0,0,0,0,1,2,Weekday morning
0.8957952468007312,0,0,2,14,0,0,0,1,0,0,0,0,0,0,Weekday evening
0.6718464351005484,0,0,2,14,0,0,1,0,0,0,0,0,0,0,Weekday evening
0.8957952468007312,0,0,2,14,0,0,0,0,0,0,0,0,1,0,Weekday evening
0.7257769652650823,0,0,3,21,1,0,1,0,0,0,0,0,0,0,Weekday evening
0.7257769652650823,0,0,3,21,1,0,1,0,0,0,0,0,0,0,Weekday evening
0.4478976234003657,1,0,1,9,0,0,0,0,0,1,0,0,0,2,Weekday morning
0.6718464351005484,1,0,1,10,0,0,1,0,0,0,0,0,0,2,Weekday morning
0.8957952468007312,1,0,2,12,0,0,0,0,0,0,0,0,1,0,Weekday evening
0.8957952468007312,1,0,2,12,0,0,0,0,0,0,0,1,0,0,Weekday evening
0.8957952468007312,1,0,2,15,0,0,0,0,0,0,0,0,1,0,Weekday evening
0.4478976234003657,1,0,2,17,0,0,0,0,0,1,0,0,0,0,Weekday evening
0.8957952468007312,1,0,2,17,0,0,0,1,0,0,0,0,0,0,Weekday evening
0.8957952468007312,1,0,3,20,0,0,0,0,0,0,0,1,0,0,Weekday evening
0.8957952468007312,1,0,3,20,0,0,0,1,0,0,0,0,0,0,Weekday evening
0.4478976234003657,1,0,3,21,0,0,0,0,0,1,0,0,0,0,Weekday evening
0.6718464351005484,1,0,3,21,0,0,1,0,0,0,0,0,0,0,Weekday evening
0.6718464351005484,1,0,3,21,0,0,1,0,0,0,0,0,0,0,Weekday evening
0.6718464351005484,1,0,3,21,0,0,1,0,0,0,0,0,0,0,Weekday evening
0.6718464351005484,1,0,3,21,0,0,1,0,0,0,0,0,0,0,Weekday evening
0.8957952468007312,2,0,1,8,0,0,0,1,0,0,0,0,0,2,Weekday morning
0.8957952468007312,2,0,1,8,0,0,0,1,0,0,0,0,0,2,Weekday morning
0.4478976234003657,2,0,1,9,0,1,0,0,0,0,0,0,0,2,Weekday morning
0.8957952468007312,2,0,1,10,0,0,0,0,0,0,0,0,1,2,Weekday morning
0.6718464351005484,2,0,1,10,0,0,1,0,0,0,0,0,0,2,Weekday morning
0.6718464351005484,2,0,3,19,0,0,1,0,0,0,0,0,0,0,Weekday evening
0.8957952468007312,2,0,3,19,0,0,0,0,0,0,0,0,1,0,Weekday evening
0.8957952468007312,2,0,3,20,0,0,0,0,1,0,0,0,0,0,Weekday evening
0.4478976234003657,2,0,3,20,0,0,0,0,0,1,0,0,0,0,Weekday evening
0.6718464351005484,3,0,1,8,0,0,1,0,0,0,0,0,0,2,Weekday morning
0.6718464351005484,3,0,1,8,0,0,1,0,0,0,0,0,0,2,Weekday morning
0.8957952468007312,3,0,1,10,0,0,0,0,0,0,0,0,1,2,Weekday morning
0.4478976234003657,3,0,2,12,0,1,0,0,0,0,0,0,0,2,Weekday morning
0.6718464351005484,3,0,2,15,0,0,1,0,0,0,0,0,0,0,Weekday evening
0.8957952468007312,3,0,2,15,0,0,0,1,0,0,0,0,0,0,Weekday evening
0.8957952468007312,3,0,3,21,0,0,0,0,0,0,0,0,1,0,Weekday evening
0.8957952468007312,3,0,3,21,0,0,0,0,0,0,0,0,1,0,Weekday evening
0.8957952468007312,3,0,3,21,0,0,0,1,0,0,0,0,0,0,Weekday evening
0.6718464351005484,3,0,3,21,0,0,1,0,0,0,0,0,0,0,Weekday evening
0.8957952468007312,3,0,3,21,0,0,0,0,0,0,0,0,1,0,Weekday evening
0.8957952468007312,4,0,1,8,0,0,0,1,0,0,0,0,0,2,Weekday morning
0.2239488117001827,4,0,1,10,0,0,0,0,0,0,1,0,0,2,Weekday morning
0.6718464351005484,4,0,2,13,0,0,1,0,0,0,0,0,0,0,Weekday evening
0.4478976234003657,4,0,2,16,0,0,0,0,0,1,0,0,0,0,Weekday evening
0.4478976234003657,4,0,2,16,0,0,0,0,0,1,0,0,0,0,Weekday evening
0.4478976234003657,5,1,1,9,0,0,0,0,0,1,0,0,0,1,Weekend
0.6718464351005484,5,1,1,9,0,0,1,0,0,0,0,0,0,1,Weekend
0.8957952468007312,5,1,3,20,0,0,0,1,0,0,0,0,0,1,Weekend
0.8957952468007312,5,1,3,20,0,0,0,1,0,0,0,0,0,1,Weekend
0.8957952468007312,6,1,1,8,0,0,0,0,0,0,0,0,1,1,Weekend
0.8957952468007312,6,1,1,10,0,0,0,0,0,0,0,0,1,1,Weekend
0.8957952468007312,6,1,1,10,0,0,0,1,0,0,0,0,0,1,Weekend
0.4478976234003657,6,1,1,11,0,0,0,0,0,1,0,0,0,1,Weekend
0.2239488117001827,6,1,1,11,0,0,0,0,0,0,1,0,0,1,Weekend
0.8957952468007312,6,1,1,11,0,0,0,1,0,0,0,0,0,1,Weekend
0.6718464351005484,6,1,2,12,0,0,1,0,0,0,0,0,0,1,Weekend
0.8957952468007312,6,1,2,12,0,0,0,0,0,0,0,0,1,1,Weekend
0.8957952468007312,6,1,2,12,0,0,0,0,0,0,0,0,1,1,Weekend
0.4478976234003657,6,1,2,15,0,0,0,0,0,1,0,0,0,1,Weekend
0.8957952468007312,6,1,2,16,0,0,0,1,0,0,0,0,0,1,Weekend
0.6718464351005484,6,1,3,19,0,0,1,0,0,0,0,0,0,1,Weekend
0.4478976234003657,6,1,3,21,0,1,0,0,0,0,0,0,0,1,Weekend
0.8957952468007312,0,0,2,12,0,0,0,1,0,0,0,0,0,0,Weekday evening
0.8957952468007312,0,0,2,12,0,0,0,0,0,0,0,0,1,0,Weekday evening
0.8957952468007312,0,0,3,19,0,0,0,0,0,0,0,1,0,0,Weekday evening
0.8957952468007312,0,0,3,19,0,0,0,0,0,0,0,1,0,0,Weekday evening
0.8957952468007312,0,0,3,19,0,0,0,0,0,0,0,0,1,0,Weekday evening
0.8957952468007312,0,0,3,19,0,0,0,0,0,0,0,0,1,0,Weekday evening
0.6718464351005484,1,0,1,10,0,0,1,0,0,0,0,0,0,2,Weekday morning
0.8957952468007312,1,0,3,18,0,0,0,0,0,0,0,0,1,0,Weekday evening
0.8957952468007312,1,0,3,18,0,0,0,0,0,0,0,0,1,0,Weekday evening
0.8957952468007312,1,0,3,21,0,0,0,0,0,0,0,1,0,0,Weekday evening
0.6718464351005484,1,0,3,21,0,0,1,0,0,0,0,0,0,0,Weekday evening
0.6718464351005484,1,0,3,21,0,0,1,0,0,0,0,0,0,0,Weekday evening
0.8957952468007312,2,0,1,10,0,0,0,0,0,0,0,1,0,2,Weekday morning
0.8957952468007312,2,0,1,11,0,0,0,1,0,0,0,0,0,2,Weekday morning
0.8957952468007312,2,0,2,17,0,0,0,0,0,0,0,0,1,0,Weekday evening
0.8957952468007312,2,0,2,17,0,0,0,0,0,0,0,0,1,0,Weekday evening
0.8957952468007312,2,0,3,20,0,0,0,0,0,0,0,1,0,0,Weekday evening
0.6718464351005484,2,0,3,20,0,0,1,0,0,0,0,0,0,0,Weekday evening
0.4478976234003657,3,0,1,8,0,1,0,0,0,0,0,0,0,2,Weekday morning
0.8957952468007312,3,0,1,8,0,0,0,0,0,0,0,0,1,2,Weekday morning
0.6718464351005484,3,0,1,9,0,0,1,0,0,0,0,0,0,2,Weekday morning
0.4478976234003657,3,0,1,9,0,0,0,0,0,1,0,0,0,2,Weekday morning
0.6718464351005484,3,0,2,17,0,0,1,0,0,0,0,0,0,0,Weekday evening
0.8957952468007312,3,0,2,17,0,0,0,0,0,0,0,1,0,0,Weekday evening
0.8957952468007312,3,0,3,19,0,0,0,0,0,0,0,0,1,0,Weekday evening
0.6718464351005484,3,0,3,20,0,0,1,0,0,0,0,0,0,0,Weekday evening
0.2239488117001827,3,0,3,20,0,0,0,0,0,0,1,0,0,0,Weekday evening
0.2239488117001827,3,0,3,20,0,0,0,0,0,0,1,0,0,0,Weekday evening
0.6718464351005484,3,0,3,20,0,0,1,0,0,0,0,0,0,0,Weekday evening
0.6718464351005484,3,0,3,21,0,0,1,0,0,0,0,0,0,0,Weekday evening
0.4478976234003657,4,0,1,7,0,0,0,0,0,1,0,0,0,2,Weekday morning
0.4478976234003657,4,0,1,10,0,1,0,0,0,0,0,0,0,2,Weekday morning
0.8957952468007312,4,0,2,12,0,0,0,0,0,0,0,0,1,0,Weekday evening
0.6718464351005484,4,0,3,18,0,0,1,0,0,0,0,0,0,0,Weekday evening
0.8957952468007312,5,1,1,11,0,0,0,1,0,0,0,0,0,1,Weekend
0.8957952468007312,5,1,2,12,0,0,0,0,0,0,0,0,1,1,Weekend
0.6718464351005484,5,1,2,12,0,0,1,0,0,0,0,0,0,1,Weekend
0.2239488117001827,5,1,2,12,0,0,0,0,0,0,1,0,0,1,Weekend
0.8957952468007312,5,1,2,12,0,0,0,0,1,0,0,0,0,1,Weekend
0.6718464351005484,5,1,2,12,0,0,1,0,0,0,0,0,0,1,Weekend
0.6718464351005484,5,1,2,16,0,0,1,0,0,0,0,0,0,1,Weekend
0.4478976234003657,5,1,3,18,0,1,0,0,0,0,0,0,0,1,Weekend
0.6718464351005484,6,1,1,10,0,0,1,0,0,0,0,0,0,1,Weekend
0.8957952468007312,6,1,1,10,0,0,0,0,0,0,0,0,1,1,Weekend
0.8957952468007312,6,1,1,11,0,0,0,0,0,0,0,1,0,1,Weekend
0.8957952468007312,6,1,1,11,0,0,0,0,0,0,0,1,0,1,Weekend
0.6718464351005484,6,1,2,12,0,0,1,0,0,0,0,0,0,1,Weekend
0.2239488117001827,6,1,2,14,0,0,0,0,0,0,1,0,0,1,Weekend
0.6718464351005484,6,1,2,15,0,0,1,0,0,0,0,0,0,1,Weekend
0.6718464351005484,6,1,2,15,0,0,1,0,0,0,0,0,0,1,Weekend
0.8957952468007312,6,1,2,15,0,0,0,0,0,0,0,1,0,1,Weekend
0.8957952468007312,6,1,2,16,0,0,0,0,0,0,0,1,0,1,Weekend
0.6718464351005484,6,1,2,17,0,0,1,0,0,0,0,0,0,1,Weekend
0.6718464351005484,6,1,2,17,0,0,1,0,0,0,0,0,0,1,Weekend
0.4478976234003657,0,0,1,8,0,1,0,0,0,0,0,0,0,2,Weekday morning
0.4478976234003657,0,0,1,10,0,0,0,0,0,1,0,0,0,2,Weekday morning
0.4478976234003657,0,0,1,10,0,0,0,0,0,1,0,0,0,2,Weekday morning
0.8957952468007312,0,0,1,10,0,0,0,1,0,0,0,0,0,2,Weekday morning
0.8957952468007312,0,0,2,14,0,0,0,1,0,0,0,0,0,0,Weekday evening
0.8957952468007312,0,0,2,16,0,0,0,1,0,0,0,0,0,0,Weekday evening
0.8957952468007312,0,0,2,16,0,0,0,1,0,0,0,0,0,0,Weekday evening
0.4478976234003657,0,0,2,16,0,1,0,0,0,0,0,0,0,0,Weekday evening
0.4478976234003657,0,0,3,18,0,1,0,0,0,0,0,0,0,0,Weekday evening
0.6718464351005484,0,0,3,21,0,0,1,0,0,0,0,0,0,0,Weekday evening
0.4478976234003657,1,0,2,14,0,1,0,0,0,0,0,0,0,2,Weekday morning
0.8957952468007312,1,0,2,14,0,0,0,1,0,0,0,0,0,0,Weekday evening
0.8957952468007312,1,0,3,19,0,0,0,1,0,0,0,0,0,0,Weekday evening
0.8957952468007312,1,0,3,19,0,0,0,1,0,0,0,0,0,0,Weekday evening
0.4478976234003657,1,0,3,20,0,0,0,0,0,1,0,0,0,0,Weekday evening
0.6718464351005484,1,0,3,21,0,0,1,0,0,0,0,0,0,0,Weekday evening
0.6718464351005484,1,0,3,21,0,0,1,0,0,0,0,0,0,0,Weekday evening
0.8957952468007312,2,0,1,7,0,0,0,0,0,0,0,0,1,2,Weekday morning
0.4478976234003657,2,0,1,8,0,0,0,0,0,1,0,0,0,2,Weekday morning
0.4478976234003657,2,0,1,10,0,1,0,0,0,0,0,0,0,2,Weekday morning
0.8957952468007312,2,0,1,11,0,0,0,0,0,0,0,0,1,2,Weekday morning
0.8957952468007312,2,0,1,11,0,0,0,0,1,0,0,0,0,2,Weekday morning
0.6718464351005484,2,0,2,14,0,0,1,0,0,0,0,0,0,0,Weekday evening
0.8957952468007312,2,0,3,18,0,0,0,1,0,0,0,0,0,0,Weekday evening
0.8957952468007312,2,0,3,18,0,0,0,0,0,0,0,0,1,0,Weekday evening
0.6718464351005484,2,0,3,19,0,0,1,0,0,0,0,0,0,0,Weekday evening
0.8957952468007312,2,0,3,21,0,0,0,1,0,0,0,0,0,0,Weekday evening
0.6718464351005484,2,0,3,21,0,0,1,0,0,0,0,0,0,0,Weekday evening
0.8957952468007312,3,0,1,10,0,0,0,0,0,0,0,0,1,2,Weekday morning
0.8957952468007312,3,0,3,18,0,0,0,0,0,0,0,0,1,0,Weekday evening
0.8957952468007312,3,0,3,19,0,0,0,0,0,0,0,0,1,0,Weekday evening
0.8957952468007312,3,0,3,21,0,0,0,0,0,0,0,0,1,0,Weekday evening
0.8957952468007312,3,0,3,21,0,0,0,0,0,0,0,0,1,0,Weekday evening
0.6718464351005484,3,0,3,21,0,0,1,0,0,0,0,0,0,0,Weekday evening
0.8957952468007312,4,0,1,9,0,0,0,0,0,0,0,0,1,2,Weekday morning
0.4478976234003657,4,0,1,10,0,1,0,0,0,0,0,0,0,2,Weekday morning
0.6718464351005484,4,0,2,13,0,0,1,0,0,0,0,0,0,0,Weekday evening
0.6718464351005484,4,0,2,13,0,0,1,0,0,0,0,0,0,0,Weekday evening
0.2239488117001827,4,0,3,18,0,0,0,0,0,0,1,0,0,0,Weekday evening
0.8957952468007312,4,0,3,19,0,0,0,0,0,0,0,0,1,0,Weekday evening
0.8957952468007312,4,0,3,19,0,0,0,1,0,0,0,0,0,0,Weekday evening
0.8957952468007312,4,0,3,19,0,0,0,1,0,0,0,0,0,0,Weekday evening
0.8957952468007312,4,0,3,19,0,0,0,1,0,0,0,0,0,0,Weekday evening
0.8957952468007312,4,0,3,19,0,0,0,1,0,0,0,0,0,0,Weekday evening
0.4478976234003657,4,0,3,19,0,1,0,0,0,0,0,0,0,0,Weekday evening
0.6718464351005484,4,0,3,19,0,0,1,0,0,0,0,0,0,0,Weekday evening
0.4478976234003657,5,1,1,8,0,0,0,0,0,1,0,0,0,1,Weekend
0.6718464351005484,5,1,1,9,0,0,1,0,0,0,0,0,0,1,Weekend
0.6718464351005484,5,1,2,12,0,0,1,0,0,0,0,0,0,1,Weekend
0.8957952468007312,5,1,2,15,0,0,0,0,0,0,0,0,1,1,Weekend
0.8957952468007312,5,1,3,22,0,0,0,1,0,0,0,0,0,1,Weekend
0.6718464351005484,6,1,3,18,0,0,1,0,0,0,0,0,0,1,Weekend
0.6718464351005484,6,1,3,18,0,0,1,0,0,0,0,0,0,1,Weekend
0.8957952468007312,6,1,3,21,0,0,0,1,0,0,0,0,0,1,Weekend
0.8957952468007312,6,1,3,21,0,0,0,0,0,0,0,0,1,1,Weekend
0.8957952468007312,6,1,3,21,0,0,0,1,0,0,0,0,0,1,Weekend
0.6718464351005484,0,0,1,11,0,0,1,0,0,0,0,0,0,2,Weekday morning
0.8957952468007312,0,0,1,11,0,0,0,1,0,0,0,0,0,2,Weekday morning
0.8957952468007312,0,0,1,11,0,0,0,1,0,0,0,0,0,2,Weekday morning
0.8957952468007312,0,0,2,15,0,0,0,0,0,0,0,0,1,0,Weekday evening
0.8957952468007312,0,0,2,16,0,0,0,1,0,0,0,0,0,0,Weekday evening
0.8957952468007312,0,0,2,16,0,0,0,1,0,0,0,0,0,0,Weekday evening
0.8957952468007312,1,0,1,8,0,0,0,0,0,0,0,0,1,2,Weekday morning
0.6718464351005484,1,0,1,10,0,0,1,0,0,0,0,0,0,2,Weekday morning
0.6718464351005484,1,0,1,10,0,0,1,0,0,0,0,0,0,2,Weekday morning
0.8957952468007312,1,0,1,11,0,0,0,1,0,0,0,0,0,2,Weekday morning
0.8957952468007312,2,0,1,9,0,0,0,0,0,0,0,0,1,2,Weekday morning
0.2239488117001827,2,0,2,16,0,0,0,0,0,0,1,0,0,2,Weekday morning
0.4478976234003657,2,0,2,16,0,1,0,0,0,0,0,0,0,0,Weekday evening
0.8957952468007312,2,0,3,21,0,0,0,0,0,0,0,0,1,0,Weekday evening
0.8957952468007312,2,0,3,21,0,0,0,1,0,0,0,0,0,0,Weekday evening
0.6718464351005484,2,0,3,21,0,0,1,0,0,0,0,0,0,0,Weekday evening
0.6718464351005484,3,0,1,9,0,0,1,0,0,0,0,0,0,2,Weekday morning
0.4478976234003657,3,0,2,16,0,0,0,0,0,1,0,0,0,0,Weekday evening
0.6718464351005484,3,0,3,21,0,0,1,0,0,0,0,0,0,0,Weekday evening
0.8957952468007312,3,0,3,21,0,0,0,1,0,0,0,0,0,0,Weekday evening
0.4478976234003657,4,0,1,8,0,0,0,0,0,1,0,0,0,2,Weekday morning
0.2239488117001827,4,0,2,17,0,0,0,0,0,0,1,0,0,0,Weekday evening
0.6718464351005484,4,0,3,21,0,0,1,0,0,0,0,0,0,0,Weekday evening
0.8957952468007312,4,0,3,21,0,0,0,0,0,0,0,0,1,0,Weekday evening
0.8957952468007312,4,0,3,22,0,0,0,1,0,0,0,0,0,0,Weekday evening
0.6718464351005484,5,1,1,9,0,0,1,0,0,0,0,0,0,1,Weekend
0.6718464351005484,5,1,1,11,0,0,1,0,0,0,0,0,0,1,Weekend
0.6718464351005484,5,1,1,11,0,0,1,0,0,0,0,0,0,1,Weekend
0.8957952468007312,5,1,2,12,0,0,0,1,0,0,0,0,0,1,Weekend
0.8957952468007312,5,1,2,12,0,0,0,1,0,0,0,0,0,1,Weekend
0.8957952468007312,5,1,2,17,0,0,0,1,0,0,0,0,0,1,Weekend
0.8957952468007312,5,1,2,17,0,0,0,0,0,0,0,1,0,1,Weekend
0.8957952468007312,5,1,3,21,0,0,0,0,0,0,0,0,1,1,Weekend
0.8957952468007312,6,1,1,10,0,0,0,0,0,0,0,0,1,1,Weekend
0.2239488117001827,6,1,2,13,0,0,0,0,0,0,1,0,0,1,Weekend
0.8957952468007312,6,1,2,16,0,0,0,0,0,0,0,1,0,1,Weekend
0.6718464351005484,6,1,3,21,0,0,1,0,0,0,0,0,0,1,Weekend
0.2239488117001827,0,0,3,18,0,0,0,0,0,0,1,0,0,0,Weekday evening
0.8957952468007312,0,0,3,18,0,0,0,1,0,0,0,0,0,0,Weekday evening
0.8957952468007312,0,0,3,18,0,0,0,1,0,0,0,0,0,0,Weekday evening
0.6718464351005484,1,0,1,10,0,0,1,0,0,0,0,0,0,2,Weekday morning
0.4478976234003657,1,0,1,10,0,1,0,0,0,0,0,0,0,2,Weekday morning
0.8957952468007312,1,0,2,12,0,0,0,0,0,0,0,0,1,0,Weekday evening
0.4478976234003657,1,0,2,14,0,1,0,0,0,0,0,0,0,2,Weekday morning
0.6718464351005484,1,0,2,16,0,0,1,0,0,0,0,0,0,0,Weekday evening
0.6718464351005484,1,0,3,22,0,0,1,0,0,0,0,0,0,0,Weekday evening
0.6718464351005484,2,0,2,13,0,0,1,0,0,0,0,0,0,0,Weekday evening
0.8957952468007312,2,0,2,16,0,0,0,1,0,0,0,0,0,0,Weekday evening
0.8957952468007312,2,0,2,16,0,0,0,1,0,0,0,0,0,0,Weekday evening
0.6718464351005484,2,0,2,16,0,0,1,0,0,0,0,0,0,0,Weekday evening
0.6718464351005484,2,0,2,16,0,0,1,0,0,0,0,0,0,0,Weekday evening
0.8957952468007312,2,0,2,16,0,0,0,0,0,0,0,0,1,0,Weekday evening
0.2239488117001827,2,0,2,16,0,0,0,0,0,0,1,0,0,2,Weekday morning
0.8957952468007312,2,0,2,17,0,0,0,1,0,0,0,0,0,0,Weekday evening
0.8957952468007312,2,0,3,19,0,0,0,0,0,0,0,0,1,0,Weekday evening
0.6718464351005484,3,0,1,10,0,0,1,0,0,0,0,0,0,2,Weekday morning
0.4478976234003657,3,0,1,10,0,1,0,0,0,0,0,0,0,2,Weekday morning
0.8957952468007312,4,0,2,12,0,0,0,0,1,0,0,0,0,0,Weekday evening
0.6718464351005484,4,0,2,13,0,0,1,0,0,0,0,0,0,0,Weekday evening
0.6718464351005484,4,0,2,13,0,0,1,0,0,0,0,0,0,0,Weekday evening
0.2239488117001827,4,0,3,18,0,0,0,0,0,0,1,0,0,0,Weekday evening
0.4478976234003657,4,0,3,19,0,1,0,0,0,0,0,0,0,0,Weekday evening
0.2239488117001827,4,0,3,22,0,0,0,0,0,0,1,0,0,0,Weekday evening
0.4478976234003657,4,0,3,22,0,1,0,0,0,0,0,0,0,0,Weekday evening
0.4478976234003657,4,0,3,22,0,1,0,0,0,0,0,0,0,0,Weekday evening
0.8957952468007312,4,0,3,22,0,0,0,1,0,0,0,0,0,0,Weekday evening
0.6718464351005484,4,0,3,22,0,0,1,0,0,0,0,0,0,0,Weekday evening
0.8957952468007312,5,1,1,10,0,0,0,0,0,0,0,0,1,1,Weekend
0.6718464351005484,5,1,2,17,0,0,0,0,0,0,0,0,1,1,Weekend
0.6718464351005484,5,1,2,17,0,0,0,0,0,0,0,0,1,1,Weekend
0.6718464351005484,5,1,3,19,0,0,0,0,0,0,0,0,1,1,Weekend
0.4478976234003657,5,1,3,19,0,0,1,0,0,0,0,0,0,1,Weekend
0.6718464351005484,6,1,1,9,0,0,0,1,0,0,0,0,0,1,Weekend
0.4478976234003657,6,1,1,9,0,0,1,0,0,0,0,0,0,1,Weekend
0.4478976234003657,6,1,1,9,0,0,1,0,0,0,0,0,0,1,Weekend
0.6718464351005484,6,1,1,9,0,0,0,1,0,0,0,0,0,1,Weekend
0.6718464351005484,6,1,1,9,0,0,0,1,0,0,0,0,0,1,Weekend
0.6718464351005484,6,1,2,14,0,0,0,0,0,0,0,1,0,1,Weekend
0.6718464351005484,6,1,2,14,0,0,0,0,1,0,0,0,0,1,Weekend
0.6718464351005484,6,1,2,17,0,0,0,0,0,0,0,0,1,1,Weekend
0.6718464351005484,6,1,3,19,0,0,0,1,0,0,0,0,0,1,Weekend
0.6718464351005484,6,1,3,20,0,0,0,0,0,0,0,1,0,1,Weekend
0.4478976234003657,6,1,3,22,0,0,1,0,0,0,0,0,0,1,Weekend
0.6718464351005484,0,0,1,7,0,0,0,0,0,0,0,0,1,2,Weekday morning
0.2239488117001827,0,0,2,12,0,1,0,0,0,0,0,0,0,2,Weekday morning
0.2239488117001827,0,0,2,14,0,1,0,0,0,0,0,0,0,2,Weekday morning
0.4478976234003657,0,0,3,19,0,0,1,0,0,0,0,0,0,0,Weekday evening
0.6718464351005484,0,0,3,22,0,0,0,0,0,0,0,0,1,0,Weekday evening
0.4478976234003657,1,0,1,10,0,0,1,0,0,0,0,0,0,2,Weekday morning
0.4478976234003657,1,0,1,10,0,0,1,0,0,0,0,0,0,2,Weekday morning
0.4478976234003657,1,0,1,11,0,0,1,0,0,0,0,0,0,2,Weekday morning
0.6718464351005484,1,0,1,11,0,0,0,1,0,0,0,0,0,2,Weekday morning
0.4478976234003657,1,0,2,16,0,0,1,0,0,0,0,0,0,0,Weekday evening
0.2239488117001827,2,0,1,11,0,1,0,0,0,0,0,0,0,2,Weekday morning
0.4478976234003657,2,0,2,12,0,0,1,0,0,0,0,0,0,2,Weekday morning
0.6718464351005484,2,0,3,22,0,0,0,0,0,0,0,0,1,0,Weekday evening
0.6718464351005484,3,0,1,11,0,0,0,0,0,0,0,1,0,2,Weekday morning
0.4478976234003657,3,0,2,16,0,0,1,0,0,0,0,0,0,0,Weekday evening
0.6718464351005484,3,0,3,22,0,0,0,0,0,0,0,0,1,0,Weekday evening
0.2239488117001827,3,0,3,22,0,1,0,0,0,0,0,0,0,0,Weekday evening
0.2239488117001827,4,0,1,8,0,0,0,0,0,1,0,0,0,2,Weekday morning
0.6718464351005484,4,0,1,11,0,0,0,0,0,0,0,1,0,2,Weekday morning
0.6718464351005484,4,0,3,22,0,0,0,0,0,0,0,1,0,0,Weekday evening
0.6718464351005484,4,0,3,22,0,0,0,0,0,0,0,1,0,0,Weekday evening
0.6718464351005484,4,0,3,22,0,0,0,0,0,0,0,1,0,0,Weekday evening
0.6718464351005484,5,1,1,10,0,0,0,0,0,0,0,0,1,1,Weekend
0.6718464351005484,5,1,1,11,0,0,0,0,0,0,0,0,1,1,Weekend
0.2239488117001827,6,1,1,10,0,1,0,0,0,0,0,0,0,1,Weekend
0.4478976234003657,6,1,1,10,0,0,1,0,0,0,0,0,0,1,Weekend
0.6718464351005484,6,1,1,10,0,0,0,1,0,0,0,0,0,1,Weekend
0.6718464351005484,6,1,1,10,0,0,0,0,0,0,0,0,1,1,Weekend
0.2239488117001827,6,1,1,11,0,1,0,0,0,0,0,0,0,1,Weekend
0.6718464351005484,6,1,3,22,0,0,0,0,0,0,0,0,1,1,Weekend
0.6718464351005484,0,0,1,7,0,0,0,1,0,0,0,0,0,2,Weekday morning
0.4478976234003657,1,0,2,12,0,0,1,0,0,0,0,0,0,2,Weekday morning
0.6718464351005484,1,0,3,19,0,0,0,0,0,0,0,1,0,0,Weekday evening
0.4478976234003657,2,0,2,13,0,0,1,0,0,0,0,0,0,2,Weekday morning
0.4478976234003657,3,0,1,11,0,0,1,0,0,0,0,0,0,2,Weekday morning
0.0,3,0,1,11,0,0,0,0,0,0,1,0,0,2,Weekday morning
0.2239488117001827,3,0,1,11,0,1,0,0,0,0,0,0,0,2,Weekday morning
0.2239488117001827,3,0,1,11,0,1,0,0,0,0,0,0,0,2,Weekday morning
0.2239488117001827,3,0,1,11,0,0,0,0,0,1,0,0,0,2,Weekday morning
0.6718464351005484,3,0,2,13,0,0,0,0,0,0,0,0,1,0,Weekday evening
0.6718464351005484,3,0,3,18,0,0,0,1,0,0,0,0,0,0,Weekday evening
0.6718464351005484,3,0,3,19,0,0,0,0,0,0,0,0,1,0,Weekday evening
0.6718464351005484,3,0,3,21,0,0,0,0,0,0,0,1,0,0,Weekday evening
0.6718464351005484,3,0,3,21,0,0,0,0,0,0,0,0,1,0,Weekday evening
0.6718464351005484,3,0,3,21,0,0,0,0,0,0,0,0,1,0,Weekday evening
0.2239488117001827,4,0,1,11,0,1,0,0,0,0,0,0,0,2,Weekday morning
0.4478976234003657,4,0,1,11,0,0,1,0,0,0,0,0,0,2,Weekday morning
0.6718464351005484,4,0,2,12,0,0,0,0,0,0,0,0,1,2,Weekday morning
0.4478976234003657,4,0,2,12,0,0,1,0,0,0,0,0,0,2,Weekday morning
0.6718464351005484,4,0,2,14,0,0,0,0,0,0,0,0,1,0,Weekday evening
0.6718464351005484,4,0,2,14,0,0,0,0,1,0,0,0,0,0,Weekday evening
0.6718464351005484,4,0,2,16,0,0,0,0,0,0,0,0,1,0,Weekday evening
0.6718464351005484,4,0,2,16,0,0,0,0,0,0,0,0,1,0,Weekday evening
0.2239488117001827,5,1,1,8,0,1,0,0,0,0,0,0,0,1,Weekend
0.6718464351005484,5,1,1,8,0,0,0,0,0,0,0,0,1,1,Weekend
0.2239488117001827,5,1,1,8,0,1,0,0,0,0,0,0,0,1,Weekend
0.6718464351005484,5,1,1,9,0,0,0,0,0,0,0,0,1,1,Weekend
0.6718464351005484,5,1,1,9,0,0,0,0,0,0,0,0,1,1,Weekend
0.2239488117001827,5,1,1,10,0,1,0,0,0,0,0,0,0,1,Weekend
0.6718464351005484,5,1,2,15,0,0,0,0,0,0,0,0,1,1,Weekend
0.6718464351005484,6,1,1,10,0,0,0,0,1,0,0,0,0,1,Weekend
0.6718464351005484,6,1,1,11,0,0,0,1,0,0,0,0,0,1,Weekend
0.2239488117001827,6,1,2,13,0,0,0,0,0,1,0,0,0,1,Weekend
0.6718464351005484,6,1,2,13,0,0,0,0,0,0,0,0,1,1,Weekend
0.2239488117001827,0,0,1,8,0,1,0,0,0,0,0,0,0,2,Weekday morning
0.2239488117001827,0,0,1,8,0,1,0,0,0,0,0,0,0,2,Weekday morning
0.4478976234003657,0,0,1,10,0,0,1,0,0,0,0,0,0,2,Weekday morning
0.6718464351005484,0,0,2,16,0,0,0,0,0,0,0,0,1,0,Weekday evening
0.6718464351005484,1,0,1,8,0,0,0,0,0,0,0,0,1,2,Weekday morning
0.2239488117001827,1,0,1,8,0,1,0,0,0,0,0,0,0,2,Weekday morning
0.4478976234003657,1,0,1,8,0,0,1,0,0,0,0,0,0,2,Weekday morning
0.6718464351005484,1,0,1,8,0,0,0,0,1,0,0,0,0,2,Weekday morning
0.6718464351005484,1,0,1,8,0,0,0,0,0,0,0,0,1,2,Weekday morning
0.2239488117001827,1,0,1,9,0,1,0,0,0,0,0,0,0,2,Weekday morning
0.4478976234003657,1,0,1,10,0,0,1,0,0,0,0,0,0,2,Weekday morning
0.4478976234003657,1,0,2,15,0,0,1,0,0,0,0,0,0,0,Weekday evening
0.6718464351005484,1,0,2,15,0,0,0,0,0,0,0,0,1,0,Weekday evening
0.6718464351005484,1,0,3,21,0,0,0,0,0,0,0,0,1,0,Weekday evening
0.2239488117001827,1,0,3,21,0,1,0,0,0,0,0,0,0,0,Weekday evening
0.2239488117001827,1,0,3,21,0,1,0,0,0,0,0,0,0,0,Weekday evening
0.4478976234003657,2,0,1,9,0,0,1,0,0,0,0,0,0,2,Weekday morning
0.4478976234003657,2,0,1,9,0,0,1,0,0,0,0,0,0,2,Weekday morning
0.0,2,0,1,9,0,0,0,0,0,0,1,0,0,2,Weekday morning
0.6718464351005484,2,0,1,11,0,0,0,1,0,0,0,0,0,2,Weekday morning
0.6718464351005484,2,0,2,13,0,0,0,0,0,0,0,0,1,0,Weekday evening
0.0,2,0,2,14,0,0,0,0,0,0,1,0,0,2,Weekday morning
0.6718464351005484,2,0,2,15,0,0,0,0,0,0,0,0,1,0,Weekday evening
0.6718464351005484,2,0,3,19,0,0,0,1,0,0,0,0,0,0,Weekday evening
0.6718464351005484,2,0,3,19,0,0,0,1,0,0,0,0,0,0,Weekday evening
0.4478976234003657,2,0,3,21,0,0,1,0,0,0,0,0,0,0,Weekday evening
0.2239488117001827,2,0,3,21,0,1,0,0,0,0,0,0,0,0,Weekday evening
0.2239488117001827,2,0,3,21,0,1,0,0,0,0,0,0,0,0,Weekday evening
0.2239488117001827,3,0,1,7,0,1,0,0,0,0,0,0,0,2,Weekday morning
0.6718464351005484,3,0,1,8,0,0,0,0,0,0,0,0,1,2,Weekday morning
0.4478976234003657,3,0,1,10,0,0,1,0,0,0,0,0,0,2,Weekday morning
0.2239488117001827,3,0,1,11,0,1,0,0,0,0,0,0,0,2,Weekday morning
0.6718464351005484,3,0,2,15,0,0,0,1,0,0,0,0,0,0,Weekday evening
0.6718464351005484,3,0,3,19,0,0,0,1,0,0,0,0,0,0,Weekday evening
0.2239488117001827,3,0,3,21,0,0,0,0,0,1,0,0,0,0,Weekday evening
0.0,3,0,3,21,0,0,0,0,0,0,1,0,0,0,Weekday evening
0.2239488117001827,3,0,3,22,0,0,0,0,0,1,0,0,0,0,Weekday evening
0.6718464351005484,3,0,3,22,0,0,0,0,1,0,0,0,0,0,Weekday evening
0.6718464351005484,4,0,1,8,0,0,0,0,0,0,0,0,1,2,Weekday morning
0.4478976234003657,4,0,1,9,0,0,1,0,0,0,0,0,0,2,Weekday morning
0.0,4,0,1,9,0,0,0,0,0,0,1,0,0,2,Weekday morning
0.2239488117001827,4,0,1,9,0,0,0,0,0,1,0,0,0,2,Weekday morning
0.2239488117001827,4,0,1,9,0,0,0,0,0,1,0,0,0,2,Weekday morning
0.6718464351005484,4,0,1,9,0,0,0,0,0,0,0,0,1,2,Weekday morning
0.6718464351005484,4,0,1,10,0,0,0,0,0,0,0,0,1,2,Weekday morning
0.4478976234003657,4,0,1,11,0,0,1,0,0,0,0,0,0,2,Weekday morning
0.4478976234003657,4,0,2,12,0,0,1,0,0,0,0,0,0,2,Weekday morning
0.6718464351005484,4,0,2,12,0,0,0,1,0,0,0,0,0,2,Weekday morning
0.6718464351005484,4,0,2,12,0,0,0,1,0,0,0,0,0,2,Weekday morning
0.6718464351005484,4,0,2,13,0,0,0,0,0,0,0,0,1,0,Weekday evening
0.2239488117001827,4,0,2,17,0,1,0,0,0,0,0,0,0,0,Weekday evening
0.6718464351005484,4,0,2,17,0,0,0,1,0,0,0,0,0,0,Weekday evening
0.6718464351005484,4,0,3,21,0,0,0,0,0,0,0,0,1,0,Weekday evening
0.4478976234003657,4,0,3,22,0,0,1,0,0,0,0,0,0,0,Weekday evening
0.6718464351005484,5,1,1,9,0,0,0,1,0,0,0,0,0,1,Weekend
0.4478976234003657,5,1,1,11,0,0,1,0,0,0,0,0,0,1,Weekend
0.4478976234003657,5,1,2,12,0,0,1,0,0,0,0,0,0,1,Weekend
0.0,5,1,2,12,0,0,0,0,0,0,1,0,0,1,Weekend
0.4478976234003657,5,1,2,12,0,0,1,0,0,0,0,0,0,1,Weekend
0.0,5,1,2,14,0,0,0,0,0,0,1,0,0,1,Weekend
0.6718464351005484,5,1,2,14,0,0,0,0,0,0,0,0,1,1,Weekend
0.6718464351005484,5,1,2,17,0,0,0,1,0,0,0,0,0,1,Weekend
0.6718464351005484,5,1,2,17,0,0,0,1,0,0,0,0,0,1,Weekend
0.4478976234003657,5,1,2,17,0,0,1,0,0,0,0,0,0,1,Weekend
0.4478976234003657,5,1,2,17,0,0,1,0,0,0,0,0,0,1,Weekend
0.6718464351005484,5,1,3,20,0,0,0,0,0,0,0,0,1,1,Weekend
0.6718464351005484,5,1,3,22,0,0,0,1,0,0,0,0,0,1,Weekend
0.0,6,1,1,11,0,0,0,0,0,0,1,0,0,1,Weekend
0.4478976234003657,6,1,2,14,0,0,1,0,0,0,0,0,0,1,Weekend
0.6718464351005484,6,1,2,14,0,0,0,0,0,0,0,0,1,1,Weekend
0.6718464351005484,0,0,1,8,0,0,0,0,0,0,0,0,1,2,Weekday morning
0.2239488117001827,0,0,1,9,0,1,0,0,0,0,0,0,0,2,Weekday morning
0.4478976234003657,0,0,1,9,0,0,1,0,0,0,0,0,0,2,Weekday morning
0.2239488117001827,0,0,1,9,0,1,0,0,0,0,0,0,0,2,Weekday morning
0.4478976234003657,0,0,1,9,0,0,1,0,0,0,0,0,0,2,Weekday morning
0.6718464351005484,0,0,1,9,0,0,0,1,0,0,0,0,0,2,Weekday morning
0.6718464351005484,0,0,1,10,0,0,0,0,0,0,0,1,0,2,Weekday morning
0.6718464351005484,0,0,1,10,0,0,0,0,0,0,0,1,0,2,Weekday morning
0.6718464351005484,0,0,3,19,0,0,0,1,0,0,0,0,0,0,Weekday evening
0.2239488117001827,0,0,3,19,0,1,0,0,0,0,0,0,0,0,Weekday evening
0.6718464351005484,0,0,3,21,0,0,0,0,1,0,0,0,0,0,Weekday evening
0.4478976234003657,1,0,1,7,0,0,1,0,0,0,0,0,0,2,Weekday morning
0.2239488117001827,1,0,1,8,0,0,0,0,0,1,0,0,0,2,Weekday morning
0.6718464351005484,1,0,1,8,0,0,0,1,0,0,0,0,0,2,Weekday morning
0.4478976234003657,1,0,1,9,0,0,1,0,0,0,0,0,0,2,Weekday morning
0.2239488117001827,1,0,1,10,0,0,0,0,0,1,0,0,0,2,Weekday morning
0.4478976234003657,1,0,1,10,0,0,1,0,0,0,0,0,0,2,Weekday morning
0.6718464351005484,1,0,1,10,0,0,0,0,0,0,0,0,1,2,Weekday morning
0.2239488117001827,1,0,1,11,0,1,0,0,0,0,0,0,0,2,Weekday morning
0.0,1,0,1,11,0,0,0,0,0,0,1,0,0,2,Weekday morning
0.4478976234003657,1,0,1,11,0,0,1,0,0,0,0,0,0,2,Weekday morning
0.4478976234003657,1,0,1,11,0,0,1,0,0,0,0,0,0,2,Weekday morning
0.4478976234003657,1,0,1,11,0,0,1,0,0,0,0,0,0,2,Weekday morning
0.4478976234003657,1,0,1,11,0,0,1,0,0,0,0,0,0,2,Weekday morning
0.6718464351005484,1,0,2,12,0,0,0,0,0,0,0,0,1,2,Weekday morning
0.4478976234003657,1,0,2,15,0,0,1,0,0,0,0,0,0,0,Weekday evening
0.2239488117001827,1,0,2,16,0,0,0,0,0,1,0,0,0,2,Weekday morning
0.4478976234003657,1,0,2,16,0,0,1,0,0,0,0,0,0,0,Weekday evening
0.0,1,0,3,20,0,0,0,0,0,0,1,0,0,0,Weekday evening
0.4478976234003657,1,0,3,20,0,0,1,0,0,0,0,0,0,0,Weekday evening
0.4478976234003657,1,0,3,20,0,0,1,0,0,0,0,0,0,0,Weekday evening
0.4478976234003657,1,0,3,20,0,0,1,0,0,0,0,0,0,0,Weekday evening
0.6718464351005484,1,0,3,21,0,0,0,0,0,0,0,0,1,0,Weekday evening
0.2239488117001827,1,0,3,22,0,1,0,0,0,0,0,0,0,0,Weekday evening
0.6718464351005484,1,0,3,22,0,0,0,1,0,0,0,0,0,0,Weekday evening
0.4478976234003657,2,0,1,7,0,0,1,0,0,0,0,0,0,2,Weekday morning
0.4478976234003657,2,0,1,8,0,0,1,0,0,0,0,0,0,2,Weekday morning
0.4478976234003657,2,0,1,8,0,0,1,0,0,0,0,0,0,2,Weekday morning
0.2239488117001827,2,0,1,9,0,1,0,0,0,0,0,0,0,2,Weekday morning
0.2239488117001827,2,0,1,9,0,1,0,0,0,0,0,0,0,2,Weekday morning
0.4478976234003657,2,0,1,9,0,0,1,0,0,0,0,0,0,2,Weekday morning
0.6718464351005484,2,0,2,13,0,0,0,0,1,0,0,0,0,0,Weekday evening
0.6718464351005484,2,0,2,13,0,0,0,0,0,0,0,0,1,0,Weekday evening
0.4478976234003657,2,0,2,13,0,0,1,0,0,0,0,0,0,2,Weekday morning
0.2239488117001827,2,0,2,17,0,0,0,0,0,1,0,0,0,0,Weekday evening
0.6718464351005484,2,0,3,18,0,0,0,0,0,0,0,0,1,0,Weekday evening
0.2239488117001827,2,0,3,19,0,0,0,0,0,1,0,0,0,0,Weekday evening
0.6718464351005484,2,0,3,19,0,0,0,0,0,0,0,0,1,0,Weekday evening
0.6718464351005484,2,0,3,20,0,0,0,0,1,0,0,0,0,0,Weekday evening
0.2239488117001827,2,0,3,20,0,0,0,0,0,1,0,0,0,0,Weekday evening
0.6718464351005484,2,0,3,20,0,0,0,0,0,0,0,0,1,0,Weekday evening
0.6718464351005484,2,0,3,20,0,0,0,1,0,0,0,0,0,0,Weekday evening
0.2239488117001827,2,0,3,20,0,0,0,0,0,1,0,0,0,0,Weekday evening
0.4478976234003657,2,0,3,20,0,0,1,0,0,0,0,0,0,0,Weekday evening
0.6718464351005484,2,0,3,21,0,0,0,0,0,0,0,0,1,0,Weekday evening
0.6718464351005484,2,0,3,21,0,0,0,0,0,0,0,0,1,0,Weekday evening
0.6718464351005484,2,0,3,21,0,0,0,0,0,0,0,0,1,0,Weekday evening
0.4478976234003657,3,0,1,7,0,0,1,0,0,0,0,0,0,2,Weekday morning
0.4478976234003657,3,0,1,9,0,0,1,0,0,0,0,0,0,2,Weekday morning
0.4478976234003657,3,0,1,11,0,0,1,0,0,0,0,0,0,2,Weekday morning
0.4478976234003657,3,0,1,11,0,0,1,0,0,0,0,0,0,2,Weekday morning
0.2239488117001827,3,0,2,13,0,0,0,0,0,1,0,0,0,2,Weekday morning
0.6718464351005484,3,0,2,13,0,0,0,1,0,0,0,0,0,0,Weekday evening
0.6718464351005484,3,0,2,13,0,0,0,1,0,0,0,0,0,0,Weekday evening
0.4478976234003657,3,0,2,15,0,0,1,0,0,0,0,0,0,0,Weekday evening
0.4478976234003657,3,0,2,16,0,0,1,0,0,0,0,0,0,0,Weekday evening
0.2239488117001827,3,0,2,16,0,1,0,0,0,0,0,0,0,2,Weekday morning
0.2239488117001827,3,0,2,17,0,1,0,0,0,0,0,0,0,0,Weekday evening
0.6718464351005484,3,0,3,20,0,0,0,1,0,0,0,0,0,0,Weekday evening
0.4478976234003657,4,0,1,9,0,0,1,0,0,0,0,0,0,2,Weekday morning
0.4478976234003657,4,0,1,9,0,0,1,0,0,0,0,0,0,2,Weekday morning
0.2239488117001827,4,0,1,11,0,0,0,0,0,1,0,0,0,2,Weekday morning
0.4478976234003657,4,0,3,18,0,0,1,0,0,0,0,0,0,0,Weekday evening
0.6718464351005484,4,0,3,21,0,0,0,0,0,0,0,0,1,0,Weekday evening
0.4478976234003657,5,1,1,8,0,0,1,0,0,0,0,0,0,1,Weekend
0.4478976234003657,5,1,1,9,0,0,1,0,0,0,0,0,0,1,Weekend
0.4478976234003657,5,1,1,9,0,0,1,0,0,0,0,0,0,1,Weekend
0.4478976234003657,5,1,1,10,0,0,1,0,0,0,0,0,0,1,Weekend
0.2239488117001827,5,1,1,11,0,0,0,0,0,1,0,0,0,1,Weekend
0.2239488117001827,5,1,1,11,0,0,0,0,0,1,0,0,0,1,Weekend
0.0,5,1,1,11,0,0,0,0,0,0,1,0,0,1,Weekend
0.4478976234003657,5,1,1,11,0,0,1,0,0,0,0,0,0,1,Weekend
0.4478976234003657,5,1,2,12,0,0,1,0,0,0,0,0,0,1,Weekend
0.4478976234003657,5,1,2,16,0,0,1,0,0,0,0,0,0,1,Weekend
0.6718464351005484,5,1,3,18,0,0,0,1,0,0,0,0,0,1,Weekend
0.6718464351005484,5,1,3,21,0,0,0,0,0,0,0,0,1,1,Weekend
0.6718464351005484,5,1,3,21,0,0,0,0,0,0,0,0,1,1,Weekend
0.6718464351005484,6,1,1,8,0,0,0,1,0,0,0,0,0,1,Weekend
0.4478976234003657,6,1,1,10,0,0,1,0,0,0,0,0,0,1,Weekend
0.6718464351005484,6,1,1,11,0,0,0,1,0,0,0,0,0,1,Weekend
0.4478976234003657,6,1,1,11,0,0,1,0,0,0,0,0,0,1,Weekend
0.6718464351005484,6,1,2,15,0,0,0,1,0,0,0,0,0,1,Weekend
0.6718464351005484,6,1,2,15,0,0,0,1,0,0,0,0,0,1,Weekend
0.2239488117001827,0,0,1,8,0,0,0,0,0,1,0,0,0,2,Weekday morning
0.4478976234003657,0,0,1,9,0,0,1,0,0,0,0,0,0,2,Weekday morning
0.2239488117001827,0,0,1,11,0,0,0,0,0,1,0,0,0,2,Weekday morning
0.6718464351005484,0,0,2,13,0,0,0,1,0,0,0,0,0,0,Weekday evening
0.6718464351005484,0,0,2,16,0,0,0,0,0,0,0,0,1,0,Weekday evening
0.6718464351005484,0,0,2,16,0,0,0,0,0,0,0,0,1,0,Weekday evening
0.6718464351005484,0,0,2,17,0,0,0,0,0,0,0,0,1,0,Weekday evening
0.4478976234003657,0,0,2,17,0,0,1,0,0,0,0,0,0,0,Weekday evening
0.6718464351005484,0,0,3,19,0,0,0,0,0,0,0,0,1,0,Weekday evening
0.6718464351005484,0,0,3,19,0,0,0,0,0,0,0,0,1,0,Weekday evening
0.6718464351005484,0,0,3,20,0,0,0,0,1,0,0,0,0,0,Weekday evening
0.6718464351005484,0,0,3,20,0,0,0,0,1,0,0,0,0,0,Weekday evening
0.4478976234003657,0,0,3,22,0,0,1,0,0,0,0,0,0,0,Weekday evening
0.2239488117001827,1,0,1,10,0,0,0,0,0,1,0,0,0,2,Weekday morning
0.6718464351005484,1,0,1,10,0,0,0,0,0,0,0,1,0,2,Weekday morning
0.6718464351005484,1,0,2,17,0,0,0,1,0,0,0,0,0,0,Weekday evening
0.6718464351005484,1,0,2,17,0,0,0,0,0,0,0,0,1,0,Weekday evening
0.6718464351005484,1,0,2,17,0,0,0,0,1,0,0,0,0,0,Weekday evening
0.6718464351005484,1,0,3,19,0,0,0,0,0,0,0,0,1,0,Weekday evening
0.4478976234003657,1,0,3,19,0,0,1,0,0,0,0,0,0,0,Weekday evening
0.6718464351005484,1,0,3,20,0,0,0,0,0,0,0,0,1,0,Weekday evening
0.4478976234003657,2,0,1,8,0,0,1,0,0,0,0,0,0,2,Weekday morning
0.2239488117001827,2,0,2,12,0,1,0,0,0,0,0,0,0,2,Weekday morning
0.2239488117001827,2,0,2,12,0,1,0,0,0,0,0,0,0,2,Weekday morning
0.0,2,0,2,13,0,0,0,0,0,0,1,0,0,2,Weekday morning
0.2239488117001827,2,0,2,16,0,1,0,0,0,0,0,0,0,2,Weekday morning
0.6718464351005484,2,0,3,19,0,0,0,0,0,0,0,0,1,0,Weekday evening
0.6718464351005484,2,0,3,20,0,0,0,0,1,0,0,0,0,0,Weekday evening
0.6718464351005484,2,0,3,21,0,0,0,1,0,0,0,0,0,0,Weekday evening
0.6718464351005484,2,0,3,22,0,0,0,0,0,0,0,0,1,0,Weekday evening
0.6718464351005484,2,0,3,22,0,0,0,0,0,0,0,0,1,0,Weekday evening
0.0,3,0,1,8,0,0,0,0,0,0,1,0,0,2,Weekday morning
0.2239488117001827,3,0,1,8,0,0,0,0,0,1,0,0,0,2,Weekday morning
0.4478976234003657,3,0,2,12,0,0,1,0,0,0,0,0,0,2,Weekday morning
0.2239488117001827,3,0,2,12,0,0,0,0,0,1,0,0,0,2,Weekday morning
0.2239488117001827,3,0,2,12,0,0,0,0,0,1,0,0,0,2,Weekday morning
0.6718464351005484,3,0,2,16,0,0,0,1,0,0,0,0,0,0,Weekday evening
0.6718464351005484,3,0,2,17,0,0,0,1,0,0,0,0,0,0,Weekday evening
0.4478976234003657,3,0,3,21,0,0,1,0,0,0,0,0,0,0,Weekday evening
0.6718464351005484,4,0,1,7,0,0,0,0,0,0,0,0,1,2,Weekday morning
0.2239488117001827,4,0,1,9,0,1,0,0,0,0,0,0,0,2,Weekday morning
0.2239488117001827,4,0,1,10,0,0,0,0,0,1,0,0,0,2,Weekday morning
0.4478976234003657,4,0,1,10,0,0,1,0,0,0,0,0,0,2,Weekday morning
0.6718464351005484,4,0,1,11,0,0,0,0,0,0,0,0,1,2,Weekday morning
0.2239488117001827,4,0,1,11,0,1,0,0,0,0,0,0,0,2,Weekday morning
0.2239488117001827,4,0,3,18,0,1,0,0,0,0,0,0,0,0,Weekday evening
0.6718464351005484,4,0,3,19,0,0,0,0,0,0,0,1,0,0,Weekday evening
0.6718464351005484,5,1,1,8,0,0,0,1,0,0,0,0,0,1,Weekend
0.4478976234003657,5,1,1,8,0,0,1,0,0,0,0,0,0,1,Weekend
0.2239488117001827,5,1,1,8,0,0,0,0,0,1,0,0,0,1,Weekend
0.2239488117001827,5,1,1,11,0,0,0,0,0,1,0,0,0,1,Weekend
0.2239488117001827,5,1,1,11,0,1,0,0,0,0,0,0,0,1,Weekend
0.6718464351005484,5,1,2,12,0,0,0,0,0,0,0,0,1,1,Weekend
0.4478976234003657,5,1,2,12,0,0,1,0,0,0,0,0,0,1,Weekend
0.6718464351005484,5,1,2,16,0,0,0,0,0,0,0,0,1,1,Weekend
0.6718464351005484,5,1,3,21,0,0,0,0,1,0,0,0,0,1,Weekend
0.6718464351005484,5,1,3,21,0,0,0,0,1,0,0,0,0,1,Weekend
0.6718464351005484,5,1,3,21,0,0,0,0,1,0,0,0,0,1,Weekend
0.6718464351005484,6,1,1,9,0,0,0,0,0,0,0,0,1,1,Weekend
0.6718464351005484,6,1,1,9,0,0,0,0,0,0,0,0,1,1,Weekend
0.4478976234003657,6,1,1,10,0,0,1,0,0,0,0,0,0,1,Weekend
0.6718464351005484,6,1,1,11,0,0,0,1,0,0,0,0,0,1,Weekend
0.4478976234003657,6,1,1,11,0,0,1,0,0,0,0,0,0,1,Weekend
0.2239488117001827,6,1,2,12,0,0,0,0,0,1,0,0,0,1,Weekend
0.6718464351005484,6,1,2,15,0,0,0,0,0,0,0,0,1,1,Weekend
0.4478976234003657,6,1,2,15,0,0,1,0,0,0,0,0,0,1,Weekend
0.6718464351005484,6,1,2,15,0,0,0,0,1,0,0,0,0,1,Weekend
0.6718464351005484,6,1,2,16,0,0,0,1,0,0,0,0,0,1,Weekend
0.0,6,1,2,16,0,0,0,0,0,0,1,0,0,1,Weekend
0.2239488117001827,6,1,3,21,0,0,0,0,0,1,0,0,0,1,Weekend
0.6718464351005484,6,1,3,21,0,0,0,0,0,0,0,0,1,1,Weekend
0.6718464351005484,6,1,3,21,0,0,0,0,0,0,0,0,1,1,Weekend
0.6718464351005484,6,1,3,22,0,0,0,1,0,0,0,0,0,1,Weekend
0.6718464351005484,0,0,1,8,0,0,0,0,0,0,0,1,0,2,Weekday morning
0.4478976234003657,0,0,1,11,0,0,1,0,0,0,0,0,0,2,Weekday morning
0.2239488117001827,0,0,1,11,0,1,0,0,0,0,0,0,0,2,Weekday morning
0.6718464351005484,0,0,1,11,0,0,0,0,0,0,0,0,1,2,Weekday morning
0.6718464351005484,0,0,1,11,0,0,0,0,0,0,0,0,1,2,Weekday morning
0.0,0,0,2,14,0,0,0,0,0,0,1,0,0,2,Weekday morning
0.4478976234003657,0,0,2,14,0,0,1,0,0,0,0,0,0,2,Weekday morning
0.4478976234003657,0,0,2,15,0,0,1,0,0,0,0,0,0,0,Weekday evening
0.4478976234003657,0,0,3,18,0,0,1,0,0,0,0,0,0,0,Weekday evening
0.4478976234003657,0,0,3,21,0,0,1,0,0,0,0,0,0,0,Weekday evening
0.6718464351005484,0,0,3,21,0,0,0,0,0,0,0,0,1,0,Weekday evening
0.6718464351005484,0,0,3,22,0,0,0,1,0,0,0,0,0,0,Weekday evening
0.6718464351005484,0,0,3,22,0,0,0,1,0,0,0,0,0,0,Weekday evening
0.4478976234003657,1,0,1,8,0,0,1,0,0,0,0,0,0,2,Weekday morning
0.4478976234003657,1,0,1,9,0,0,1,0,0,0,0,0,0,2,Weekday morning
0.4478976234003657,1,0,1,9,0,0,1,0,0,0,0,0,0,2,Weekday morning
0.2239488117001827,1,0,1,10,0,0,0,0,0,1,0,0,0,2,Weekday morning
0.6718464351005484,1,0,1,11,0,0,0,0,0,0,0,0,1,2,Weekday morning
0.4478976234003657,1,0,2,13,0,0,1,0,0,0,0,0,0,2,Weekday morning
0.6718464351005484,1,0,2,14,0,0,0,0,0,0,0,0,1,0,Weekday evening
0.6718464351005484,1,0,2,15,0,0,0,1,0,0,0,0,0,0,Weekday evening
0.4478976234003657,1,0,2,15,0,0,1,0,0,0,0,0,0,0,Weekday evening
0.6718464351005484,1,0,3,20,0,0,0,0,0,0,0,0,1,0,Weekday evening
0.6718464351005484,1,0,3,20,0,0,0,0,1,0,0,0,0,0,Weekday evening
0.6718464351005484,1,0,3,20,0,0,0,1,0,0,0,0,0,0,Weekday evening
0.2239488117001827,1,0,3,21,0,0,0,0,0,1,0,0,0,0,Weekday evening
0.6718464351005484,2,0,1,7,0,0,0,0,0,0,0,0,1,2,Weekday morning
0.6718464351005484,2,0,1,7,0,0,0,1,0,0,0,0,0,2,Weekday morning
0.2239488117001827,2,0,1,10,0,0,0,0,0,1,0,0,0,2,Weekday morning
0.0,2,0,1,11,0,0,0,0,0,0,1,0,0,2,Weekday morning
0.2239488117001827,2,0,2,12,0,1,0,0,0,0,0,0,0,2,Weekday morning
0.2239488117001827,2,0,2,12,0,1,0,0,0,0,0,0,0,2,Weekday morning
0.6718464351005484,2,0,2,15,0,0,0,0,0,0,0,0,1,0,Weekday evening
0.2239488117001827,2,0,2,17,0,1,0,0,0,0,0,0,0,0,Weekday evening
0.2239488117001827,2,0,3,18,0,0,0,0,0,1,0,0,0,0,Weekday evening
0.4478976234003657,2,0,3,18,0,0,1,0,0,0,0,0,0,0,Weekday evening
0.6718464351005484,2,0,3,19,0,0,0,0,0,0,0,0,1,0,Weekday evening
0.2239488117001827,2,0,3,19,0,0,0,0,0,1,0,0,0,0,Weekday evening
0.6718464351005484,2,0,3,21,0,0,0,0,0,0,0,0,1,0,Weekday evening
0.2239488117001827,3,0,1,9,0,0,0,0,0,1,0,0,0,2,Weekday morning
0.6718464351005484,3,0,1,9,0,0,0,1,0,0,0,0,0,2,Weekday morning
0.6718464351005484,3,0,1,9,0,0,0,0,0,0,0,1,0,2,Weekday morning
0.6718464351005484,3,0,1,9,0,0,0,0,0,0,0,0,1,2,Weekday morning
0.6718464351005484,3,0,2,12,0,0,0,0,0,0,0,0,1,2,Weekday morning
0.6718464351005484,3,0,2,13,0,0,0,0,0,0,0,0,1,0,Weekday evening
0.2239488117001827,3,0,2,14,0,1,0,0,0,0,0,0,0,2,Weekday morning
0.0,3,0,2,14,0,0,0,0,0,0,1,0,0,2,Weekday morning
0.4478976234003657,3,0,2,17,0,0,1,0,0,0,0,0,0,0,Weekday evening
0.6718464351005484,3,0,3,19,0,0,0,0,0,0,0,1,0,0,Weekday evening
0.4478976234003657,3,0,3,19,0,0,1,0,0,0,0,0,0,0,Weekday evening
0.4478976234003657,3,0,3,19,0,0,1,0,0,0,0,0,0,0,Weekday evening
0.2239488117001827,3,0,3,19,0,1,0,0,0,0,0,0,0,0,Weekday evening
0.6718464351005484,3,0,3,20,0,0,0,1,0,0,0,0,0,0,Weekday evening
0.0,3,0,3,21,0,0,0,0,0,0,1,0,0,0,Weekday evening
0.4478976234003657,3,0,3,21,0,0,1,0,0,0,0,0,0,0,Weekday evening
0.6718464351005484,4,0,2,12,0,0,0,0,0,0,0,0,1,2,Weekday morning
0.2239488117001827,4,0,2,12,0,1,0,0,0,0,0,0,0,2,Weekday morning
0.4478976234003657,4,0,2,13,0,0,1,0,0,0,0,0,0,2,Weekday morning
0.0,4,0,2,15,0,0,0,0,0,0,1,0,0,2,Weekday morning
0.0,4,0,2,15,0,0,0,0,0,0,1,0,0,2,Weekday morning
0.4478976234003657,5,1,1,9,0,0,1,0,0,0,0,0,0,1,Weekend
0.6718464351005484,5,1,1,9,0,0,0,1,0,0,0,0,0,1,Weekend
0.4478976234003657,5,1,1,10,0,0,1,0,0,0,0,0,0,1,Weekend
0.2239488117001827,5,1,1,11,0,0,0,0,0,1,0,0,0,1,Weekend
0.2239488117001827,5,1,1,11,0,0,0,0,0,1,0,0,0,1,Weekend
0.4478976234003657,5,1,2,13,0,0,1,0,0,0,0,0,0,1,Weekend
0.2239488117001827,5,1,2,16,0,0,0,0,0,1,0,0,0,1,Weekend
0.6718464351005484,5,1,2,16,0,0,0,0,0,0,0,0,1,1,Weekend
0.6718464351005484,5,1,3,18,0,0,0,1,0,0,0,0,0,1,Weekend
0.4478976234003657,5,1,3,21,0,0,1,0,0,0,0,0,0,1,Weekend
0.6718464351005484,5,1,3,22,0,0,0,0,0,0,0,0,1,1,Weekend
0.6718464351005484,6,1,1,8,0,0,0,1,0,0,0,0,0,1,Weekend
0.6718464351005484,6,1,1,8,0,0,0,1,0,0,0,0,0,1,Weekend
0.2239488117001827,6,1,1,8,0,0,0,0,0,1,0,0,0,1,Weekend
0.4478976234003657,6,1,1,8,0,0,1,0,0,0,0,0,0,1,Weekend
0.6718464351005484,6,1,2,12,0,0,0,1,0,0,0,0,0,1,Weekend
0.4478976234003657,6,1,2,14,0,0,1,0,0,0,0,0,0,1,Weekend
0.4478976234003657,6,1,3,18,0,0,1,0,0,0,0,0,0,1,Weekend
0.4478976234003657,6,1,3,18,0,0,1,0,0,0,0,0,0,1,Weekend
0.2239488117001827,6,1,3,18,0,1,0,0,0,0,0,0,0,1,Weekend
0.2239488117001827,6,1,3,18,0,1,0,0,0,0,0,0,0,1,Weekend
0.4478976234003657,0,0,2,15,0,0,1,0,0,0,0,0,0,0,Weekday evening
0.4478976234003657,0,0,2,15,0,0,1,0,0,0,0,0,0,0,Weekday evening
0.6718464351005484,0,0,3,21,0,0,0,0,0,0,0,0,1,0,Weekday evening
0.6718464351005484,0,0,3,21,0,0,0,0,1,0,0,0,0,0,Weekday evening
0.2239488117001827,1,0,1,8,0,0,0,0,0,1,0,0,0,2,Weekday morning
0.6718464351005484,1,0,1,8,0,0,0,0,0,0,0,0,1,2,Weekday morning
0.0,1,0,1,8,0,0,0,0,0,0,1,0,0,2,Weekday morning
0.2239488117001827,1,0,1,8,0,0,0,0,0,1,0,0,0,2,Weekday morning
0.4478976234003657,1,0,1,9,0,0,1,0,0,0,0,0,0,2,Weekday morning
0.2239488117001827,1,0,1,11,0,1,0,0,0,0,0,0,0,2,Weekday morning
0.2239488117001827,1,0,1,11,0,1,0,0,0,0,0,0,0,2,Weekday morning
0.2239488117001827,1,0,1,11,0,1,0,0,0,0,0,0,0,2,Weekday morning
0.6718464351005484,1,0,1,11,0,0,0,0,0,0,0,0,1,2,Weekday morning
0.6718464351005484,1,0,3,20,0,0,0,0,0,0,0,0,1,0,Weekday evening
0.6718464351005484,1,0,3,20,0,0,0,0,0,0,0,0,1,0,Weekday evening
0.6718464351005484,1,0,3,20,0,0,0,0,0,0,0,0,1,0,Weekday evening
0.6718464351005484,1,0,3,20,0,0,0,0,0,0,0,0,1,0,Weekday evening
0.4478976234003657,2,0,1,7,0,0,1,0,0,0,0,0,0,2,Weekday morning
0.2239488117001827,2,0,1,8,0,0,0,0,0,1,0,0,0,2,Weekday morning
0.2239488117001827,2,0,1,10,0,1,0,0,0,0,0,0,0,2,Weekday morning
0.4478976234003657,2,0,1,10,0,0,1,0,0,0,0,0,0,2,Weekday morning
0.2239488117001827,2,0,1,11,0,0,0,0,0,1,0,0,0,2,Weekday morning
0.6718464351005484,2,0,2,13,0,0,0,0,0,0,0,0,1,0,Weekday evening
0.6718464351005484,2,0,3,19,0,0,0,0,0,0,0,0,1,0,Weekday evening
0.2239488117001827,3,0,1,9,0,0,0,0,0,1,0,0,0,2,Weekday morning
0.4478976234003657,3,0,1,10,0,0,1,0,0,0,0,0,0,2,Weekday morning
0.4478976234003657,3,0,1,10,0,0,1,0,0,0,0,0,0,2,Weekday morning
0.6718464351005484,3,0,2,14,0,0,0,0,0,0,0,0,1,0,Weekday evening
0.6718464351005484,3,0,2,14,0,0,0,0,0,0,0,0,1,0,Weekday evening
0.6718464351005484,3,0,2,15,0,0,0,1,0,0,0,0,0,0,Weekday evening
0.2239488117001827,3,0,2,15,0,1,0,0,0,0,0,0,0,2,Weekday morning
0.6718464351005484,4,0,1,7,0,0,0,0,0,0,0,0,1,2,Weekday morning
0.2239488117001827,4,0,1,8,0,0,0,0,0,1,0,0,0,2,Weekday morning
0.6718464351005484,4,0,1,8,0,0,0,0,0,0,0,0,1,2,Weekday morning
0.2239488117001827,4,0,1,8,0,1,0,0,0,0,0,0,0,2,Weekday morning
0.2239488117001827,4,0,1,8,0,1,0,0,0,0,0,0,0,2,Weekday morning
0.4478976234003657,4,0,1,9,0,0,1,0,0,0,0,0,0,2,Weekday morning
0.6718464351005484,4,0,1,10,0,0,0,0,1,0,0,0,0,2,Weekday morning
0.2239488117001827,4,0,1,10,0,1,0,0,0,0,0,0,0,2,Weekday morning
0.2239488117001827,4,0,1,10,0,0,0,0,0,1,0,0,0,2,Weekday morning
0.6718464351005484,4,0,1,11,0,0,0,0,0,0,0,1,0,2,Weekday morning
0.2239488117001827,4,0,2,13,0,1,0,0,0,0,0,0,0,2,Weekday morning
0.2239488117001827,4,0,2,15,0,1,0,0,0,0,0,0,0,2,Weekday morning
0.6718464351005484,4,0,3,19,0,0,0,0,0,0,0,0,1,0,Weekday evening
0.2239488117001827,5,1,1,8,0,0,0,0,0,1,0,0,0,1,Weekend
0.2239488117001827,5,1,1,8,0,0,0,0,0,1,0,0,0,1,Weekend
0.2239488117001827,5,1,1,8,0,0,0,0,0,1,0,0,0,1,Weekend
0.0,5,1,1,10,0,0,0,0,0,0,1,0,0,1,Weekend
0.0,5,1,1,10,0,0,0,0,0,0,1,0,0,1,Weekend
0.2239488117001827,5,1,1,10,0,1,0,0,0,0,0,0,0,1,Weekend
0.2239488117001827,6,1,1,8,0,0,0,0,0,1,0,0,0,1,Weekend
0.2239488117001827,6,1,1,8,0,1,0,0,0,0,0,0,0,1,Weekend
0.2239488117001827,6,1,1,8,0,1,0,0,0,0,0,0,0,1,Weekend
0.6718464351005484,6,1,1,9,0,0,0,1,0,0,0,0,0,1,Weekend
0.6718464351005484,6,1,2,12,0,0,0,1,0,0,0,0,0,1,Weekend
0.6718464351005484,6,1,2,14,0,0,0,0,0,0,0,0,1,1,Weekend
0.2239488117001827,0,0,1,8,0,0,0,0,0,1,0,0,0,2,Weekday morning
0.2239488117001827,0,0,1,8,0,1,0,0,0,0,0,0,0,2,Weekday morning
0.2239488117001827,0,0,1,8,0,1,0,0,0,0,0,0,0,2,Weekday morning
0.4478976234003657,0,0,1,9,0,0,1,0,0,0,0,0,0,2,Weekday morning
0.6718464351005484,0,0,1,10,0,0,0,0,0,0,0,0,1,2,Weekday morning
0.6718464351005484,0,0,1,10,0,0,0,1,0,0,0,0,0,2,Weekday morning
0.2239488117001827,0,0,2,12,0,1,0,0,0,0,0,0,0,2,Weekday morning
0.2239488117001827,0,0,2,12,0,1,0,0,0,0,0,0,0,2,Weekday morning
0.4478976234003657,0,0,3,18,0,0,1,0,0,0,0,0,0,0,Weekday evening
0.6718464351005484,0,0,3,18,0,0,0,0,0,0,0,0,1,0,Weekday evening
0.4478976234003657,0,0,3,22,0,0,1,0,0,0,0,0,0,0,Weekday evening
0.6718464351005484,1,0,1,10,0,0,0,0,0,0,0,0,1,2,Weekday morning
0.4478976234003657,2,0,2,12,0,0,1,0,0,0,0,0,0,2,Weekday morning
0.6718464351005484,2,0,2,12,0,0,0,1,0,0,0,0,0,2,Weekday morning
0.2239488117001827,2,0,2,12,0,1,0,0,0,0,0,0,0,2,Weekday morning
0.4478976234003657,2,0,2,13,0,0,1,0,0,0,0,0,0,2,Weekday morning
0.2239488117001827,3,0,1,7,0,1,0,0,0,0,0,0,0,2,Weekday morning
0.6718464351005484,4,0,2,17,0,0,0,0,0,0,0,0,1,0,Weekday evening
0.4478976234003657,4,0,2,17,0,0,1,0,0,0,0,0,0,0,Weekday evening
0.4478976234003657,4,0,2,17,0,0,1,0,0,0,0,0,0,0,Weekday evening
0.2239488117001827,5,1,1,9,0,0,0,0,0,1,0,0,0,1,Weekend
0.4478976234003657,5,1,1,10,0,0,1,0,0,0,0,0,0,1,Weekend
0.0,5,1,1,10,0,0,0,0,0,0,1,0,0,1,Weekend
0.4478976234003657,5,1,1,11,0,0,1,0,0,0,0,0,0,1,Weekend
0.2239488117001827,5,1,1,11,0,0,0,0,0,1,0,0,0,1,Weekend
0.2239488117001827,5,1,1,11,0,0,0,0,0,1,0,0,0,1,Weekend
0.2239488117001827,6,1,1,9,0,0,0,0,0,1,0,0,0,1,Weekend
0.6718464351005484,6,1,2,12,0,0,0,1,0,0,0,0,0,1,Weekend
0.4478976234003657,6,1,2,12,0,0,1,0,0,0,0,0,0,1,Weekend
0.2239488117001827,6,1,2,12,0,1,0,0,0,0,0,0,0,1,Weekend
0.4478976234003657,6,1,2,12,0,0,1,0,0,0,0,0,0,1,Weekend
0.6718464351005484,6,1,2,13,0,0,0,0,0,0,0,0,1,1,Weekend
0.4478976234003657,6,1,2,14,0,0,1,0,0,0,0,0,0,1,Weekend
0.6718464351005484,6,1,2,17,0,0,0,0,0,0,0,0,1,1,Weekend
0.6718464351005484,6,1,2,17,0,0,0,0,0,0,0,0,1,1,Weekend
0.6718464351005484,6,1,2,17,0,0,0,0,0,0,0,0,1,1,Weekend
0.6718464351005484,0,0,1,8,0,0,0,0,0,0,0,0,1,2,Weekday morning
0.4478976234003657,0,0,1,8,0,0,1,0,0,0,0,0,0,2,Weekday morning
0.6718464351005484,0,0,1,8,0,0,0,0,0,0,0,0,1,2,Weekday morning
0.4478976234003657,0,0,2,14,0,0,1,0,0,0,0,0,0,2,Weekday morning
0.6718464351005484,0,0,3,20,0,0,0,1,0,0,0,0,0,0,Weekday evening
0.6718464351005484,0,0,3,20,0,0,0,0,1,0,0,0,0,0,Weekday evening
0.2239488117001827,0,0,3,20,0,1,0,0,0,0,0,0,0,0,Weekday evening
0.2239488117001827,0,0,3,20,0,1,0,0,0,0,0,0,0,0,Weekday evening
0.6718464351005484,1,0,1,8,0,0,0,0,1,0,0,0,0,2,Weekday morning
0.6718464351005484,1,0,1,8,0,0,0,1,0,0,0,0,0,2,Weekday morning
0.6718464351005484,1,0,1,8,0,0,0,0,0,0,0,0,1,2,Weekday morning
0.4478976234003657,1,0,1,9,0,0,1,0,0,0,0,0,0,2,Weekday morning
0.6718464351005484,1,0,1,9,0,0,0,1,0,0,0,0,0,2,Weekday morning
0.6718464351005484,1,0,1,9,0,0,0,0,1,0,0,0,0,2,Weekday morning
0.6718464351005484,1,0,1,9,0,0,0,0,1,0,0,0,0,2,Weekday morning
0.4478976234003657,1,0,1,9,0,0,1,0,0,0,0,0,0,2,Weekday morning
0.4478976234003657,1,0,1,9,0,0,1,0,0,0,0,0,0,2,Weekday morning
0.6718464351005484,1,0,1,9,0,0,0,0,0,0,0,0,1,2,Weekday morning
0.6718464351005484,1,0,1,9,0,0,0,0,1,0,0,0,0,2,Weekday morning
0.2239488117001827,1,0,2,12,0,0,0,0,0,1,0,0,0,2,Weekday morning
0.4478976234003657,1,0,2,14,0,0,1,0,0,0,0,0,0,2,Weekday morning
0.4478976234003657,1,0,2,14,0,0,1,0,0,0,0,0,0,2,Weekday morning
0.4478976234003657,1,0,3,18,0,0,1,0,0,0,0,0,0,0,Weekday evening
0.6718464351005484,1,0,3,19,0,0,0,0,0,0,0,0,1,0,Weekday evening
0.4478976234003657,1,0,3,19,0,0,1,0,0,0,0,0,0,0,Weekday evening
0.4478976234003657,2,0,1,11,0,0,1,0,0,0,0,0,0,2,Weekday morning
0.6718464351005484,2,0,1,11,0,0,0,0,0,0,0,0,1,2,Weekday morning
0.2239488117001827,2,0,1,11,0,1,0,0,0,0,0,0,0,2,Weekday morning
0.4478976234003657,2,0,1,11,0,0,1,0,0,0,0,0,0,2,Weekday morning
0.6718464351005484,2,0,2,12,0,0,0,0,0,0,0,0,1,2,Weekday morning
0.6718464351005484,2,0,2,13,0,0,0,0,0,0,0,0,1,0,Weekday evening
0.4478976234003657,2,0,2,13,0,0,1,0,0,0,0,0,0,2,Weekday morning
0.6718464351005484,2,0,3,18,0,0,0,1,0,0,0,0,0,0,Weekday evening
0.4478976234003657,2,0,3,19,0,0,1,0,0,0,0,0,0,0,Weekday evening
0.6718464351005484,2,0,3,21,0,0,0,0,0,0,0,0,1,0,Weekday evening
0.4478976234003657,3,0,1,9,0,0,1,0,0,0,0,0,0,2,Weekday morning
0.4478976234003657,3,0,1,10,0,0,1,0,0,0,0,0,0,2,Weekday morning
0.2239488117001827,3,0,1,11,0,1,0,0,0,0,0,0,0,2,Weekday morning
0.6718464351005484,3,0,2,14,0,0,0,0,0,0,0,0,1,0,Weekday evening
0.6718464351005484,3,0,2,15,0,0,0,0,0,0,0,0,1,0,Weekday evening
0.2239488117001827,3,0,2,16,0,1,0,0,0,0,0,0,0,2,Weekday morning
0.4478976234003657,3,0,2,16,0,0,1,0,0,0,0,0,0,0,Weekday evening
0.6718464351005484,3,0,2,17,0,0,0,1,0,0,0,0,0,0,Weekday evening
0.6718464351005484,3,0,2,17,0,0,0,1,0,0,0,0,0,0,Weekday evening
0.6718464351005484,3,0,3,20,0,0,0,1,0,0,0,0,0,0,Weekday evening
0.2239488117001827,3,0,3,20,0,1,0,0,0,0,0,0,0,0,Weekday evening
0.6718464351005484,3,0,3,20,0,0,0,1,0,0,0,0,0,0,Weekday evening
0.4478976234003657,3,0,3,21,0,0,1,0,0,0,0,0,0,0,Weekday evening
0.4478976234003657,3,0,3,21,0,0,1,0,0,0,0,0,0,0,Weekday evening
0.6718464351005484,4,0,1,8,0,0,0,1,0,0,0,0,0,2,Weekday morning
0.6718464351005484,4,0,1,8,0,0,0,0,0,0,0,0,1,2,Weekday morning
0.2239488117001827,4,0,1,8,0,1,0,0,0,0,0,0,0,2,Weekday morning
0.0,4,0,1,9,0,0,0,0,0,0,1,0,0,2,Weekday morning
0.6718464351005484,4,0,1,9,0,0,0,0,0,0,0,0,1,2,Weekday morning
0.6718464351005484,4,0,1,10,0,0,0,0,0,0,0,1,0,2,Weekday morning
0.0,4,0,1,11,0,0,0,0,0,0,1,0,0,2,Weekday morning
0.0,4,0,1,11,0,0,0,0,0,0,1,0,0,2,Weekday morning
0.6718464351005484,4,0,3,20,0,0,0,0,0,0,0,0,1,0,Weekday evening
0.6718464351005484,4,0,3,21,0,0,0,0,0,0,0,0,1,0,Weekday evening
0.6718464351005484,5,1,1,8,0,0,0,0,0,0,0,0,1,1,Weekend
0.2239488117001827,5,1,1,9,0,0,0,0,0,1,0,0,0,1,Weekend
0.2239488117001827,5,1,1,9,0,0,0,0,0,1,0,0,0,1,Weekend
0.2239488117001827,5,1,1,9,0,0,0,0,0,1,0,0,0,1,Weekend
0.4478976234003657,5,1,1,9,0,0,1,0,0,0,0,0,0,1,Weekend
0.4478976234003657,5,1,1,9,0,0,1,0,0,0,0,0,0,1,Weekend
0.2239488117001827,5,1,1,10,0,0,0,0,0,1,0,0,0,1,Weekend
0.2239488117001827,5,1,1,10,0,1,0,0,0,0,0,0,0,1,Weekend
0.0,5,1,1,10,0,0,0,0,0,0,1,0,0,1,Weekend
0.0,5,1,1,10,0,0,0,0,0,0,1,0,0,1,Weekend
0.6718464351005484,5,1,1,10,0,0,0,0,0,0,0,0,1,1,Weekend
0.4478976234003657,5,1,1,11,0,0,1,0,0,0,0,0,0,1,Weekend
0.2239488117001827,5,1,1,11,0,1,0,0,0,0,0,0,0,1,Weekend
0.0,5,1,1,11,0,0,0,0,0,0,1,0,0,1,Weekend
0.6718464351005484,5,1,2,15,0,0,0,0,0,0,0,0,1,1,Weekend
0.2239488117001827,5,1,2,16,0,1,0,0,0,0,0,0,0,1,Weekend
0.0,5,1,2,16,0,0,0,0,0,0,1,0,0,1,Weekend
0.6718464351005484,5,1,3,19,0,0,0,0,1,0,0,0,0,1,Weekend
0.6718464351005484,5,1,3,19,0,0,0,0,0,0,0,0,1,1,Weekend
0.6718464351005484,5,1,3,19,0,0,0,0,0,0,0,0,1,1,Weekend
0.6718464351005484,5,1,3,20,0,0,0,0,0,0,0,0,1,1,Weekend
0.6718464351005484,5,1,3,20,0,0,0,0,0,0,0,0,1,1,Weekend
0.2239488117001827,6,1,1,8,0,0,0,0,0,1,0,0,0,1,Weekend
0.2239488117001827,6,1,1,9,0,0,0,0,0,1,0,0,0,1,Weekend
0.2239488117001827,6,1,1,9,0,0,0,0,0,1,0,0,0,1,Weekend
0.2239488117001827,6,1,1,10,0,0,0,0,0,1,0,0,0,1,Weekend
0.2239488117001827,6,1,2,12,0,0,0,0,0,1,0,0,0,1,Weekend
0.2239488117001827,6,1,3,20,0,1,0,0,0,0,0,0,0,1,Weekend
0.6718464351005484,0,0,1,7,0,0,0,0,0,0,0,0,1,2,Weekday morning
0.6718464351005484,0,0,1,7,0,0,0,1,0,0,0,0,0,2,Weekday morning
0.4478976234003657,0,0,1,7,0,0,1,0,0,0,0,0,0,2,Weekday morning
0.6718464351005484,0,0,1,7,0,0,0,0,0,0,0,0,1,2,Weekday morning
0.6718464351005484,0,0,1,9,0,0,0,0,0,0,0,0,1,2,Weekday morning
0.6718464351005484,0,0,1,9,0,0,0,0,0,0,0,1,0,2,Weekday morning
0.6718464351005484,0,0,1,9,0,0,0,0,0,0,0,0,1,2,Weekday morning
0.4478976234003657,0,0,1,11,0,0,1,0,0,0,0,0,0,2,Weekday morning
0.4478976234003657,0,0,1,11,0,0,1,0,0,0,0,0,0,2,Weekday morning
0.6718464351005484,0,0,1,11,0,0,0,0,0,0,0,0,1,2,Weekday morning
0.0,0,0,2,12,0,0,0,0,0,0,1,0,0,2,Weekday morning
0.6718464351005484,0,0,2,15,0,0,0,0,0,0,0,0,1,0,Weekday evening
0.2239488117001827,0,0,2,15,0,1,0,0,0,0,0,0,0,2,Weekday morning
0.6718464351005484,0,0,2,17,0,0,0,0,0,0,0,0,1,0,Weekday evening
0.6718464351005484,0,0,3,18,0,0,0,0,0,0,0,0,1,0,Weekday evening
0.6718464351005484,0,0,3,20,0,0,0,1,0,0,0,0,0,0,Weekday evening
0.6718464351005484,0,0,3,20,0,0,0,0,0,0,0,0,1,0,Weekday evening
0.6718464351005484,1,0,1,8,0,0,0,0,0,0,0,1,0,2,Weekday morning
0.6718464351005484,1,0,1,9,0,0,0,1,0,0,0,0,0,2,Weekday morning
0.2239488117001827,1,0,2,15,0,0,0,0,0,1,0,0,0,2,Weekday morning
0.2239488117001827,1,0,2,15,0,0,0,0,0,1,0,0,0,2,Weekday morning
0.6718464351005484,1,0,3,18,0,0,0,1,0,0,0,0,0,0,Weekday evening
0.4478976234003657,1,0,3,18,0,0,1,0,0,0,0,0,0,0,Weekday evening
0.6718464351005484,1,0,3,19,0,0,0,0,0,0,0,0,1,0,Weekday evening
0.6718464351005484,1,0,3,19,0,0,0,0,0,0,0,0,1,0,Weekday evening
0.4478976234003657,1,0,3,21,0,0,1,0,0,0,0,0,0,0,Weekday evening
0.2239488117001827,1,0,3,21,0,1,0,0,0,0,0,0,0,0,Weekday evening
0.6718464351005484,2,0,1,8,0,0,0,0,0,0,0,0,1,2,Weekday morning
0.4478976234003657,2,0,1,9,0,0,1,0,0,0,0,0,0,2,Weekday morning
0.6718464351005484,2,0,1,10,0,0,0,0,0,0,0,0,1,2,Weekday morning
0.6718464351005484,2,0,3,19,0,0,0,1,0,0,0,0,0,0,Weekday evening
0.4478976234003657,2,0,3,20,0,0,1,0,0,0,0,0,0,0,Weekday evening
0.6718464351005484,2,0,3,20,0,0,0,0,0,0,0,0,1,0,Weekday evening
0.6718464351005484,2,0,3,20,0,0,0,0,0,0,0,0,1,0,Weekday evening
0.2239488117001827,2,0,3,21,0,0,0,0,0,1,0,0,0,0,Weekday evening
0.0,3,0,1,10,0,0,0,0,0,0,1,0,0,2,Weekday morning
0.4478976234003657,3,0,1,10,0,0,1,0,0,0,0,0,0,2,Weekday morning
0.4478976234003657,3,0,1,11,0,0,1,0,0,0,0,0,0,2,Weekday morning
0.6718464351005484,3,0,2,12,0,0,0,1,0,0,0,0,0,2,Weekday morning
0.2239488117001827,3,0,2,12,0,0,0,0,0,1,0,0,0,2,Weekday morning
0.2239488117001827,3,0,2,12,0,0,0,0,0,1,0,0,0,2,Weekday morning
0.2239488117001827,3,0,2,12,0,0,0,0,0,1,0,0,0,2,Weekday morning
0.2239488117001827,3,0,2,12,0,0,0,0,0,1,0,0,0,2,Weekday morning
0.6718464351005484,3,0,2,17,0,0,0,0,0,0,0,0,1,0,Weekday evening
0.2239488117001827,3,0,3,21,0,1,0,0,0,0,0,0,0,0,Weekday evening
0.6718464351005484,3,0,3,21,0,0,0,1,0,0,0,0,0,0,Weekday evening
0.2239488117001827,3,0,3,21,0,0,0,0,0,1,0,0,0,0,Weekday evening
0.6718464351005484,4,0,1,7,0,0,0,0,0,0,0,0,1,2,Weekday morning
0.6718464351005484,4,0,1,8,0,0,0,0,0,0,0,0,1,2,Weekday morning
0.6718464351005484,4,0,1,8,0,0,0,0,0,0,0,0,1,2,Weekday morning
0.6718464351005484,4,0,1,9,0,0,0,0,0,0,0,0,1,2,Weekday morning
0.4478976234003657,4,0,2,15,0,0,1,0,0,0,0,0,0,0,Weekday evening
0.4478976234003657,4,0,2,15,0,0,1,0,0,0,0,0,0,0,Weekday evening
0.6718464351005484,5,1,2,16,0,0,0,1,0,0,0,0,0,1,Weekend
0.6718464351005484,5,1,2,16,0,0,0,1,0,0,0,0,0,1,Weekend
0.0,6,1,1,8,0,0,0,0,0,0,1,0,0,1,Weekend
0.4478976234003657,6,1,1,9,0,0,1,0,0,0,0,0,0,1,Weekend
0.2239488117001827,6,1,2,13,0,1,0,0,0,0,0,0,0,1,Weekend
0.2239488117001827,6,1,2,14,0,0,0,0,0,1,0,0,0,1,Weekend
0.2239488117001827,6,1,2,14,0,0,0,0,0,1,0,0,0,1,Weekend
0.6718464351005484,6,1,2,14,0,0,0,1,0,0,0,0,0,1,Weekend
0.6718464351005484,0,0,2,13,0,0,0,0,0,0,0,0,1,0,Weekday evening
0.4478976234003657,0,0,2,13,0,0,1,0,0,0,0,0,0,2,Weekday morning
0.6718464351005484,0,0,2,15,0,0,0,0,0,0,0,0,1,0,Weekday evening
0.4478976234003657,0,0,2,17,0,0,1,0,0,0,0,0,0,0,Weekday evening
0.6718464351005484,0,0,2,17,0,0,0,0,0,0,0,0,1,0,Weekday evening
0.6718464351005484,0,0,3,18,0,0,0,0,0,0,0,0,1,0,Weekday evening
0.6718464351005484,0,0,3,18,0,0,0,0,0,0,0,0,1,0,Weekday evening
0.4478976234003657,0,0,3,21,0,0,1,0,0,0,0,0,0,0,Weekday evening
0.6718464351005484,0,0,3,21,0,0,0,0,0,0,0,0,1,0,Weekday evening
0.4478976234003657,0,0,3,21,0,0,1,0,0,0,0,0,0,0,Weekday evening
0.4478976234003657,0,0,3,21,0,0,1,0,0,0,0,0,0,0,Weekday evening
0.2239488117001827,1,0,1,7,0,0,0,0,0,1,0,0,0,2,Weekday morning
0.6718464351005484,1,0,1,8,0,0,0,0,0,0,0,0,1,2,Weekday morning
0.4478976234003657,1,0,1,8,0,0,1,0,0,0,0,0,0,2,Weekday morning
0.2239488117001827,1,0,1,8,0,0,0,0,0,1,0,0,0,2,Weekday morning
0.6718464351005484,1,0,1,9,0,0,0,1,0,0,0,0,0,2,Weekday morning
0.4478976234003657,1,0,1,9,0,0,1,0,0,0,0,0,0,2,Weekday morning
0.4478976234003657,1,0,1,9,0,0,1,0,0,0,0,0,0,2,Weekday morning
0.0,1,0,2,12,0,0,0,0,0,0,1,0,0,2,Weekday morning
0.4478976234003657,1,0,2,12,0,0,1,0,0,0,0,0,0,2,Weekday morning
0.6718464351005484,1,0,2,12,0,0,0,0,0,0,0,0,1,2,Weekday morning
0.4478976234003657,1,0,2,13,0,0,1,0,0,0,0,0,0,2,Weekday morning
0.2239488117001827,1,0,2,13,0,0,0,0,0,1,0,0,0,2,Weekday morning
0.6718464351005484,1,0,2,16,0,0,0,1,0,0,0,0,0,0,Weekday evening
0.6718464351005484,1,0,2,16,0,0,0,0,0,0,0,0,1,0,Weekday evening
0.6718464351005484,1,0,3,18,0,0,0,0,0,0,0,1,0,0,Weekday evening
0.4478976234003657,1,0,3,19,0,0,1,0,0,0,0,0,0,0,Weekday evening
0.4478976234003657,1,0,3,19,0,0,1,0,0,0,0,0,0,0,Weekday evening
0.6718464351005484,1,0,3,19,0,0,0,0,0,0,0,0,1,0,Weekday evening
0.4478976234003657,1,0,3,19,0,0,1,0,0,0,0,0,0,0,Weekday evening
0.4478976234003657,1,0,3,19,0,0,1,0,0,0,0,0,0,0,Weekday evening
0.4478976234003657,1,0,3,19,0,0,1,0,0,0,0,0,0,0,Weekday evening
0.6718464351005484,1,0,3,22,0,0,0,0,0,0,0,1,0,0,Weekday evening
0.6718464351005484,1,0,3,22,0,0,0,0,0,0,0,1,0,0,Weekday evening
0.6718464351005484,2,0,2,14,0,0,0,0,0,0,0,0,1,0,Weekday evening
0.6718464351005484,2,0,2,17,0,0,0,0,0,0,0,0,1,0,Weekday evening
0.4478976234003657,2,0,3,21,0,0,1,0,0,0,0,0,0,0,Weekday evening
0.4478976234003657,2,0,3,21,0,0,1,0,0,0,0,0,0,0,Weekday evening
0.4478976234003657,3,0,1,8,0,0,1,0,0,0,0,0,0,2,Weekday morning
0.2239488117001827,3,0,1,8,0,0,0,0,0,1,0,0,0,2,Weekday morning
0.6718464351005484,3,0,1,10,0,0,0,0,0,0,0,0,1,2,Weekday morning
0.2239488117001827,3,0,2,12,0,1,0,0,0,0,0,0,0,2,Weekday morning
0.4478976234003657,3,0,2,13,0,0,1,0,0,0,0,0,0,2,Weekday morning
0.2239488117001827,3,0,2,13,0,0,0,0,0,1,0,0,0,2,Weekday morning
0.4478976234003657,4,0,1,8,0,0,1,0,0,0,0,0,0,2,Weekday morning
0.4478976234003657,4,0,1,9,0,0,1,0,0,0,0,0,0,2,Weekday morning
0.4478976234003657,4,0,2,13,0,0,1,0,0,0,0,0,0,2,Weekday morning
0.6718464351005484,4,0,2,16,0,0,0,0,0,0,0,0,1,0,Weekday evening
0.2239488117001827,4,0,3,20,0,1,0,0,0,0,0,0,0,0,Weekday evening
0.4478976234003657,4,0,3,21,0,0,1,0,0,0,0,0,0,0,Weekday evening
0.4478976234003657,4,0,3,21,0,0,1,0,0,0,0,0,0,0,Weekday evening
0.6718464351005484,5,1,1,11,0,0,0,0,0,0,0,0,1,1,Weekend
0.6718464351005484,5,1,1,11,0,0,0,0,1,0,0,0,0,1,Weekend
0.2239488117001827,5,1,1,11,0,0,0,0,0,1,0,0,0,1,Weekend
0.2239488117001827,5,1,1,11,0,0,0,0,0,1,0,0,0,1,Weekend
0.6718464351005484,5,1,2,15,0,0,0,1,0,0,0,0,0,1,Weekend
0.6718464351005484,5,1,2,15,0,0,0,0,0,0,0,0,1,1,Weekend
0.6718464351005484,5,1,3,18,0,0,0,0,0,0,0,0,1,1,Weekend
0.6718464351005484,5,1,3,18,0,0,0,0,0,0,0,0,1,1,Weekend
0.2239488117001827,5,1,3,20,0,1,0,0,0,0,0,0,0,1,Weekend
0.2239488117001827,5,1,3,20,0,1,0,0,0,0,0,0,0,1,Weekend
0.6718464351005484,5,1,3,20,0,0,0,0,0,0,0,0,1,1,Weekend
0.6718464351005484,5,1,3,20,0,0,0,0,0,0,0,0,1,1,Weekend
0.4478976234003657,5,1,3,22,0,0,1,0,0,0,0,0,0,1,Weekend
0.2239488117001827,5,1,3,22,0,1,0,0,0,0,0,0,0,1,Weekend
0.2239488117001827,5,1,3,22,0,1,0,0,0,0,0,0,0,1,Weekend
0.2239488117001827,6,1,1,8,0,1,0,0,0,0,0,0,0,1,Weekend
0.4478976234003657,6,1,1,10,0,0,1,0,0,0,0,0,0,1,Weekend
0.6718464351005484,6,1,1,10,0,0,0,0,0,0,0,0,1,1,Weekend
0.2239488117001827,6,1,1,11,0,0,0,0,0,1,0,0,0,1,Weekend
0.2239488117001827,6,1,1,11,0,0,0,0,0,1,0,0,0,1,Weekend
0.4478976234003657,6,1,1,11,0,0,1,0,0,0,0,0,0,1,Weekend
0.2239488117001827,6,1,1,11,0,1,0,0,0,0,0,0,0,1,Weekend
0.4478976234003657,6,1,2,12,0,0,1,0,0,0,0,0,0,1,Weekend
0.4478976234003657,6,1,2,13,0,0,1,0,0,0,0,0,0,1,Weekend
0.4478976234003657,6,1,2,13,0,0,1,0,0,0,0,0,0,1,Weekend
0.4478976234003657,6,1,2,13,0,0,1,0,0,0,0,0,0,1,Weekend
0.6718464351005484,6,1,2,15,0,0,0,0,0,0,0,0,1,1,Weekend
0.4478976234003657,6,1,2,15,0,0,1,0,0,0,0,0,0,1,Weekend
0.6718464351005484,6,1,2,16,0,0,0,0,1,0,0,0,0,1,Weekend
0.6718464351005484,6,1,3,20,0,0,0,0,0,0,0,0,1,1,Weekend
0.6718464351005484,6,1,3,20,0,0,0,1,0,0,0,0,0,1,Weekend
0.4478976234003657,6,1,3,20,0,0,1,0,0,0,0,0,0,1,Weekend
0.4478976234003657,6,1,3,20,0,0,1,0,0,0,0,0,0,1,Weekend
0.4478976234003657,6,1,3,21,0,0,1,0,0,0,0,0,0,1,Weekend
0.4478976234003657,6,1,3,21,0,0,1,0,0,0,0,0,0,1,Weekend
0.6718464351005484,6,1,3,21,0,0,0,0,0,0,0,1,0,1,Weekend
0.6718464351005484,6,1,3,21,0,0,0,0,0,0,0,1,0,1,Weekend
0.2239488117001827,6,1,3,22,0,1,0,0,0,0,0,0,0,1,Weekend
0.4478976234003657,6,1,3,22,0,0,1,0,0,0,0,0,0,1,Weekend
0.4478976234003657,0,0,1,9,0,0,1,0,0,0,0,0,0,2,Weekday morning
0.2239488117001827,0,0,1,10,0,0,0,0,0,1,0,0,0,2,Weekday morning
0.2239488117001827,0,0,2,12,0,1,0,0,0,0,0,0,0,2,Weekday morning
0.4478976234003657,0,0,2,14,0,0,1,0,0,0,0,0,0,2,Weekday morning
0.6718464351005484,0,0,2,17,0,0,0,1,0,0,0,0,0,0,Weekday evening
0.2239488117001827,0,0,3,18,0,1,0,0,0,0,0,0,0,0,Weekday evening
0.6718464351005484,0,0,3,19,0,0,0,0,0,0,0,0,1,0,Weekday evening
0.6718464351005484,0,0,3,20,0,0,0,1,0,0,0,0,0,0,Weekday evening
0.4478976234003657,0,0,3,22,0,0,1,0,0,0,0,0,0,0,Weekday evening
0.4478976234003657,0,0,3,22,0,0,1,0,0,0,0,0,0,0,Weekday evening
0.4478976234003657,1,0,1,8,0,0,1,0,0,0,0,0,0,2,Weekday morning
0.6718464351005484,1,0,2,12,0,0,0,0,0,0,0,0,1,2,Weekday morning
0.6718464351005484,1,0,2,12,0,0,0,0,0,0,0,0,1,2,Weekday morning
0.6718464351005484,1,0,2,12,0,0,0,0,0,0,0,0,1,2,Weekday morning
0.6718464351005484,1,0,2,12,0,0,0,0,0,0,0,0,1,2,Weekday morning
0.6718464351005484,1,0,2,14,0,0,0,0,0,0,0,0,1,0,Weekday evening
0.2239488117001827,1,0,2,14,0,0,0,0,0,1,0,0,0,2,Weekday morning
0.6718464351005484,1,0,2,15,0,0,0,1,0,0,0,0,0,0,Weekday evening
0.6718464351005484,1,0,2,16,0,0,0,0,0,0,0,0,1,0,Weekday evening
0.2239488117001827,1,0,3,18,0,1,0,0,0,0,0,0,0,0,Weekday evening
0.2239488117001827,1,0,3,18,0,1,0,0,0,0,0,0,0,0,Weekday evening
0.6718464351005484,1,0,3,20,0,0,0,0,0,0,0,1,0,0,Weekday evening
0.6718464351005484,1,0,3,21,0,0,0,0,0,0,0,0,1,0,Weekday evening
0.4478976234003657,1,0,3,21,0,0,1,0,0,0,0,0,0,0,Weekday evening
0.4478976234003657,1,0,3,21,0,0,1,0,0,0,0,0,0,0,Weekday evening
0.6718464351005484,2,0,1,7,0,0,0,1,0,0,0,0,0,2,Weekday morning
0.2239488117001827,2,0,1,11,0,0,0,0,0,1,0,0,0,2,Weekday morning
0.4478976234003657,2,0,1,11,0,0,1,0,0,0,0,0,0,2,Weekday morning
0.6718464351005484,2,0,1,11,0,0,0,0,0,0,0,0,1,2,Weekday morning
0.4478976234003657,2,0,2,13,0,0,1,0,0,0,0,0,0,2,Weekday morning
0.4478976234003657,2,0,2,13,0,0,1,0,0,0,0,0,0,2,Weekday morning
0.4478976234003657,2,0,2,17,0,0,1,0,0,0,0,0,0,0,Weekday evening
0.4478976234003657,2,0,2,17,0,0,1,0,0,0,0,0,0,0,Weekday evening
0.2239488117001827,2,0,3,21,0,1,0,0,0,0,0,0,0,0,Weekday evening
0.4478976234003657,2,0,3,22,0,0,1,0,0,0,0,0,0,0,Weekday evening
0.6718464351005484,3,0,1,8,0,0,0,0,0,0,0,0,1,2,Weekday morning
0.4478976234003657,3,0,1,10,0,0,1,0,0,0,0,0,0,2,Weekday morning
0.0,3,0,1,10,0,0,0,0,0,0,1,0,0,2,Weekday morning
0.6718464351005484,3,0,1,11,0,0,0,1,0,0,0,0,0,2,Weekday morning
0.6718464351005484,3,0,2,12,0,0,0,0,0,0,0,0,1,2,Weekday morning
0.6718464351005484,3,0,3,18,0,0,0,0,0,0,0,0,1,0,Weekday evening
0.6718464351005484,3,0,3,22,0,0,0,0,0,0,0,0,1,0,Weekday evening
0.2239488117001827,3,0,3,22,0,0,0,0,0,1,0,0,0,0,Weekday evening
0.4478976234003657,3,0,3,22,0,0,1,0,0,0,0,0,0,0,Weekday evening
0.4478976234003657,4,0,1,9,0,0,1,0,0,0,0,0,0,2,Weekday morning
0.2239488117001827,4,0,1,9,0,0,0,0,0,1,0,0,0,2,Weekday morning
0.6718464351005484,4,0,1,9,0,0,0,1,0,0,0,0,0,2,Weekday morning
0.4478976234003657,4,0,1,10,0,0,1,0,0,0,0,0,0,2,Weekday morning
0.4478976234003657,4,0,1,11,0,0,1,0,0,0,0,0,0,2,Weekday morning
0.6718464351005484,4,0,2,13,0,0,0,1,0,0,0,0,0,0,Weekday evening
0.6718464351005484,4,0,2,13,0,0,0,1,0,0,0,0,0,0,Weekday evening
0.2239488117001827,4,0,2,13,0,1,0,0,0,0,0,0,0,2,Weekday morning
0.4478976234003657,4,0,2,13,0,0,1,0,0,0,0,0,0,2,Weekday morning
0.6718464351005484,4,0,3,18,0,0,0,0,0,0,0,0,1,0,Weekday evening
0.6718464351005484,4,0,3,18,0,0,0,0,0,0,0,0,1,0,Weekday evening
0.6718464351005484,4,0,3,18,0,0,0,1,0,0,0,0,0,0,Weekday evening
0.6718464351005484,4,0,3,18,0,0,0,1,0,0,0,0,0,0,Weekday evening
0.6718464351005484,4,0,3,20,0,0,0,1,0,0,0,0,0,0,Weekday evening
0.6718464351005484,4,0,3,20,0,0,0,1,0,0,0,0,0,0,Weekday evening
0.4478976234003657,4,0,3,20,0,0,1,0,0,0,0,0,0,0,Weekday evening
0.4478976234003657,5,1,1,8,0,0,1,0,0,0,0,0,0,1,Weekend
0.4478976234003657,5,1,1,9,0,0,1,0,0,0,0,0,0,1,Weekend
0.8062157221206581,5,1,2,14,0,0,0,0,0,0,0,0,1,1,Weekend
0.8062157221206581,5,1,2,16,0,0,0,0,0,0,0,0,1,1,Weekend
0.5822669104204753,5,1,2,17,0,0,1,0,0,0,0,0,0,1,Weekend
0.8062157221206581,5,1,3,20,0,0,0,0,0,0,0,0,1,1,Weekend
0.8062157221206581,5,1,3,20,0,0,0,0,0,0,0,0,1,1,Weekend
0.8062157221206581,5,1,3,22,0,0,0,1,0,0,0,0,0,1,Weekend
0.8062157221206581,5,1,3,22,0,0,0,0,1,0,0,0,0,1,Weekend
0.3583180987202925,5,1,3,22,0,0,0,0,0,1,0,0,0,1,Weekend
0.8062157221206581,5,1,3,22,0,0,0,0,0,0,0,1,0,1,Weekend
0.3583180987202925,6,1,1,10,0,1,0,0,0,0,0,0,0,1,Weekend
0.8062157221206581,6,1,1,10,0,0,0,1,0,0,0,0,0,1,Weekend
0.8062157221206581,6,1,1,10,0,0,0,1,0,0,0,0,0,1,Weekend
0.8062157221206581,6,1,1,10,0,0,0,1,0,0,0,0,0,1,Weekend
0.5822669104204753,6,1,1,10,0,0,1,0,0,0,0,0,0,1,Weekend
0.8062157221206581,6,1,2,12,0,0,0,0,0,0,0,0,1,1,Weekend
0.3583180987202925,6,1,2,12,0,0,0,0,0,1,0,0,0,1,Weekend
0.8062157221206581,6,1,2,12,0,0,0,0,0,0,0,0,1,1,Weekend
0.8062157221206581,6,1,2,12,0,0,0,0,0,0,0,0,1,1,Weekend
0.8062157221206581,6,1,3,18,0,0,0,1,0,0,0,0,0,1,Weekend
0.8062157221206581,6,1,3,22,0,0,0,0,0,0,0,0,1,1,Weekend
0.3583180987202925,0,0,1,8,0,0,0,0,0,1,0,0,0,2,Weekday morning
0.3583180987202925,0,0,1,8,0,0,0,0,0,1,0,0,0,2,Weekday morning
0.8062157221206581,0,0,1,9,0,0,0,0,0,0,0,1,0,2,Weekday morning
0.5822669104204753,0,0,1,10,0,0,1,0,0,0,0,0,0,2,Weekday morning
0.3583180987202925,0,0,1,10,0,0,0,0,0,1,0,0,0,2,Weekday morning
0.5822669104204753,0,0,1,11,0,0,1,0,0,0,0,0,0,2,Weekday morning
0.5822669104204753,0,0,2,16,0,0,1,0,0,0,0,0,0,0,Weekday evening
0.8062157221206581,0,0,3,19,0,0,0,0,0,0,0,0,1,0,Weekday evening
0.5822669104204753,0,0,3,19,0,0,1,0,0,0,0,0,0,0,Weekday evening
0.3583180987202925,0,0,3,19,0,0,0,0,0,1,0,0,0,0,Weekday evening
0.8062157221206581,0,0,3,19,0,0,0,0,0,0,0,0,1,0,Weekday evening
0.5822669104204753,0,0,3,20,0,0,1,0,0,0,0,0,0,0,Weekday evening
0.5822669104204753,0,0,3,20,0,0,1,0,0,0,0,0,0,0,Weekday evening
0.5822669104204753,0,0,3,21,0,0,1,0,0,0,0,0,0,0,Weekday evening
0.8062157221206581,1,0,1,7,0,0,0,0,0,0,0,0,1,2,Weekday morning
0.5822669104204753,1,0,1,9,0,0,1,0,0,0,0,0,0,2,Weekday morning
0.5822669104204753,1,0,1,10,0,0,1,0,0,0,0,0,0,2,Weekday morning
0.5822669104204753,1,0,1,10,0,0,1,0,0,0,0,0,0,2,Weekday morning
0.5822669104204753,1,0,1,11,0,0,1,0,0,0,0,0,0,2,Weekday morning
0.5822669104204753,1,0,2,12,0,0,1,0,0,0,0,0,0,2,Weekday morning
0.5822669104204753,1,0,2,12,0,0,1,0,0,0,0,0,0,2,Weekday morning
0.3583180987202925,1,0,2,14,0,1,0,0,0,0,0,0,0,2,Weekday morning
0.5822669104204753,1,0,2,14,0,0,1,0,0,0,0,0,0,0,Weekday evening
0.8062157221206581,1,0,2,16,0,0,0,0,0,0,0,1,0,0,Weekday evening
0.3583180987202925,1,0,2,16,0,1,0,0,0,0,0,0,0,0,Weekday evening
0.8062157221206581,1,0,3,18,0,0,0,0,0,0,0,0,1,0,Weekday evening
0.8062157221206581,1,0,3,18,0,0,0,0,0,0,0,0,1,0,Weekday evening
0.8062157221206581,1,0,3,18,0,0,0,0,0,0,0,1,0,0,Weekday evening
0.8062157221206581,1,0,3,20,0,0,0,0,0,0,0,1,0,0,Weekday evening
0.8062157221206581,2,0,1,7,0,0,0,0,0,0,0,0,1,2,Weekday morning
0.3583180987202925,2,0,1,8,0,0,0,0,0,1,0,0,0,2,Weekday morning
0.5822669104204753,2,0,1,9,0,0,1,0,0,0,0,0,0,2,Weekday morning
0.8062157221206581,2,0,1,10,0,0,0,0,0,0,0,0,1,2,Weekday morning
0.5822669104204753,2,0,1,10,0,0,1,0,0,0,0,0,0,2,Weekday morning
0.8062157221206581,2,0,1,11,0,0,0,1,0,0,0,0,0,2,Weekday morning
0.8062157221206581,2,0,2,15,0,0,0,1,0,0,0,0,0,0,Weekday evening
0.8062157221206581,2,0,3,18,0,0,0,0,0,0,0,1,0,0,Weekday evening
0.8062157221206581,2,0,3,22,0,0,0,0,0,0,0,1,0,0,Weekday evening
0.8062157221206581,2,0,3,22,0,0,0,0,0,0,0,1,0,0,Weekday evening
0.8062157221206581,2,0,3,22,0,0,0,0,0,0,0,1,0,0,Weekday evening
0.8062157221206581,3,0,2,13,0,0,0,0,1,0,0,0,0,0,Weekday evening
0.5822669104204753,3,0,2,15,0,0,1,0,0,0,0,0,0,0,Weekday evening
0.3583180987202925,3,0,3,20,0,0,0,0,0,1,0,0,0,0,Weekday evening
0.8062157221206581,3,0,3,20,0,0,0,0,0,0,0,1,0,0,Weekday evening
0.8062157221206581,3,0,3,21,0,0,0,0,0,0,0,1,0,0,Weekday evening
0.8062157221206581,3,0,3,21,0,0,0,0,0,0,0,1,0,0,Weekday evening
0.8062157221206581,3,0,3,21,0,0,0,1,0,0,0,0,0,0,Weekday evening
0.8062157221206581,3,0,3,21,0,0,0,0,0,0,0,1,0,0,Weekday evening
0.3583180987202925,4,0,1,8,0,1,0,0,0,0,0,0,0,2,Weekday morning
0.3583180987202925,4,0,1,8,0,1,0,0,0,0,0,0,0,2,Weekday morning
0.5822669104204753,4,0,1,9,0,0,1,0,0,0,0,0,0,2,Weekday morning
0.3583180987202925,4,0,1,9,0,1,0,0,0,0,0,0,0,2,Weekday morning
0.3583180987202925,4,0,1,9,0,0,0,0,0,1,0,0,0,2,Weekday morning
0.3583180987202925,4,0,1,9,0,0,0,0,0,1,0,0,0,2,Weekday morning
0.8062157221206581,4,0,2,17,0,0,0,0,0,0,0,0,1,0,Weekday evening
0.8062157221206581,4,0,2,17,0,0,0,0,0,0,0,1,0,0,Weekday evening
0.8062157221206581,4,0,2,17,0,0,0,0,1,0,0,0,0,0,Weekday evening
0.3583180987202925,5,1,1,9,0,0,0,0,0,1,0,0,0,1,Weekend
0.3583180987202925,5,1,1,9,0,0,0,0,0,1,0,0,0,1,Weekend
0.8062157221206581,5,1,1,9,0,0,0,0,1,0,0,0,0,1,Weekend
0.8062157221206581,5,1,2,13,0,0,0,1,0,0,0,0,0,1,Weekend
0.3583180987202925,5,1,3,20,0,1,0,0,0,0,0,0,0,1,Weekend
0.3583180987202925,5,1,3,20,0,1,0,0,0,0,0,0,0,1,Weekend
0.3583180987202925,6,1,1,8,0,0,0,0,0,1,0,0,0,1,Weekend
0.8062157221206581,6,1,1,10,0,0,0,1,0,0,0,0,0,1,Weekend
0.3583180987202925,6,1,1,10,0,0,0,0,0,1,0,0,0,1,Weekend
0.8062157221206581,6,1,1,11,0,0,0,0,0,0,0,0,1,1,Weekend
0.8062157221206581,6,1,2,12,0,0,0,0,0,0,0,0,1,1,Weekend
0.8062157221206581,6,1,2,12,0,0,0,1,0,0,0,0,0,1,Weekend
0.5822669104204753,6,1,2,12,0,0,1,0,0,0,0,0,0,1,Weekend
0.3583180987202925,6,1,2,13,0,1,0,0,0,0,0,0,0,1,Weekend
0.8062157221206581,6,1,2,13,0,0,0,1,0,0,0,0,0,1,Weekend
0.5822669104204753,6,1,2,13,0,0,1,0,0,0,0,0,0,1,Weekend
0.8062157221206581,6,1,2,13,0,0,0,0,0,0,0,0,1,1,Weekend
0.8062157221206581,6,1,2,13,0,0,0,1,0,0,0,0,0,1,Weekend
0.8062157221206581,6,1,2,16,0,0,0,1,0,0,0,0,0,1,Weekend
0.1343692870201095,6,1,2,16,0,0,0,0,0,0,1,0,0,1,Weekend
0.5822669104204753,6,1,3,18,0,0,1,0,0,0,0,0,0,1,Weekend
0.8062157221206581,6,1,3,18,0,0,0,0,0,0,0,1,0,1,Weekend
0.8062157221206581,6,1,3,21,0,0,0,0,0,0,0,1,0,1,Weekend
0.8062157221206581,6,1,3,21,0,0,0,0,0,0,0,1,0,1,Weekend
0.8062157221206581,6,1,3,21,0,0,0,0,0,0,0,1,0,1,Weekend
0.8062157221206581,6,1,3,21,0,0,0,0,0,0,0,0,1,1,Weekend
0.8062157221206581,0,0,1,8,0,0,0,0,0,0,0,0,1,2,Weekday morning
0.8062157221206581,0,0,1,8,0,0,0,0,0,0,0,0,1,2,Weekday morning
0.5822669104204753,0,0,1,8,0,0,1,0,0,0,0,0,0,2,Weekday morning
0.8062157221206581,0,0,1,9,0,0,0,0,1,0,0,0,0,2,Weekday morning
0.8062157221206581,0,0,1,9,0,0,0,0,0,0,0,0,1,2,Weekday morning
0.5822669104204753,0,0,2,12,0,0,1,0,0,0,0,0,0,2,Weekday morning
0.3583180987202925,0,0,2,14,0,1,0,0,0,0,0,0,0,2,Weekday morning
0.3583180987202925,0,0,2,14,0,1,0,0,0,0,0,0,0,2,Weekday morning
0.8062157221206581,0,0,2,17,0,0,0,0,0,0,0,0,1,0,Weekday evening
0.8062157221206581,0,0,3,21,0,0,0,0,0,0,0,1,0,0,Weekday evening
0.8062157221206581,0,0,3,21,0,0,0,0,0,0,0,1,0,0,Weekday evening
0.8062157221206581,0,0,3,21,0,0,0,0,0,0,0,0,1,0,Weekday evening
0.8062157221206581,1,0,1,8,0,0,0,0,0,0,0,0,1,2,Weekday morning
0.5822669104204753,1,0,1,9,0,0,1,0,0,0,0,0,0,2,Weekday morning
0.3583180987202925,1,0,1,10,0,1,0,0,0,0,0,0,0,2,Weekday morning
0.8062157221206581,1,0,1,10,0,0,0,0,0,0,0,0,1,2,Weekday morning
0.8062157221206581,1,0,1,11,0,0,0,0,0,0,0,0,1,2,Weekday morning
0.3583180987202925,1,0,2,12,0,1,0,0,0,0,0,0,0,2,Weekday morning
0.3583180987202925,1,0,2,12,0,1,0,0,0,0,0,0,0,2,Weekday morning
0.8062157221206581,1,0,2,13,0,0,0,0,0,0,0,0,1,0,Weekday evening
0.8062157221206581,1,0,2,13,0,0,0,0,0,0,0,0,1,0,Weekday evening
0.8062157221206581,1,0,2,14,0,0,0,0,0,0,0,0,1,0,Weekday evening
0.8062157221206581,1,0,2,15,0,0,0,0,0,0,0,0,1,0,Weekday evening
0.3583180987202925,1,0,2,15,0,1,0,0,0,0,0,0,0,2,Weekday morning
0.5822669104204753,1,0,2,15,0,0,1,0,0,0,0,0,0,0,Weekday evening
0.8062157221206581,1,0,3,20,0,0,0,0,0,0,0,1,0,0,Weekday evening
0.8062157221206581,1,0,3,20,0,0,0,1,0,0,0,0,0,0,Weekday evening
0.8062157221206581,1,0,3,20,0,0,0,0,0,0,0,0,1,0,Weekday evening
0.5822669104204753,1,0,3,21,0,0,1,0,0,0,0,0,0,0,Weekday evening
0.5822669104204753,1,0,3,21,0,0,1,0,0,0,0,0,0,0,Weekday evening
0.8062157221206581,2,0,1,7,0,0,0,0,0,0,0,0,1,2,Weekday morning
0.5822669104204753,2,0,1,8,0,0,1,0,0,0,0,0,0,2,Weekday morning
0.5822669104204753,2,0,1,9,0,0,1,0,0,0,0,0,0,2,Weekday morning
0.8062157221206581,2,0,1,9,0,0,0,0,0,0,0,0,1,2,Weekday morning
0.1343692870201095,2,0,1,10,0,0,0,0,0,0,1,0,0,2,Weekday morning
0.3583180987202925,2,0,1,11,0,1,0,0,0,0,0,0,0,2,Weekday morning
0.8062157221206581,2,0,2,13,0,0,0,0,0,0,0,0,1,0,Weekday evening
0.5822669104204753,2,0,2,13,0,0,1,0,0,0,0,0,0,2,Weekday morning
0.8062157221206581,2,0,2,17,0,0,0,1,0,0,0,0,0,0,Weekday evening
0.3583180987202925,2,0,2,17,0,1,0,0,0,0,0,0,0,0,Weekday evening
0.1343692870201095,2,0,2,17,0,0,0,0,0,0,1,0,0,2,Weekday morning
0.8062157221206581,2,0,3,20,0,0,0,1,0,0,0,0,0,0,Weekday evening
0.3583180987202925,3,0,1,8,0,1,0,0,0,0,0,0,0,2,Weekday morning
0.5822669104204753,3,0,1,9,0,0,1,0,0,0,0,0,0,2,Weekday morning
0.8062157221206581,3,0,1,9,0,0,0,0,0,0,0,1,0,2,Weekday morning
0.8062157221206581,3,0,1,10,0,0,0,0,0,0,0,0,1,2,Weekday morning
0.3583180987202925,3,0,1,10,0,0,0,0,0,1,0,0,0,2,Weekday morning
0.3583180987202925,3,0,1,10,0,0,0,0,0,1,0,0,0,2,Weekday morning
0.8062157221206581,3,0,1,10,0,0,0,0,0,0,0,0,1,2,Weekday morning
0.8062157221206581,3,0,1,11,0,0,0,0,0,0,0,0,1,2,Weekday morning
0.8062157221206581,3,0,2,15,0,0,0,1,0,0,0,0,0,0,Weekday evening
0.8062157221206581,3,0,2,17,0,0,0,0,0,0,0,0,1,0,Weekday evening
0.3583180987202925,3,0,3,18,0,1,0,0,0,0,0,0,0,0,Weekday evening
0.5822669104204753,3,0,3,18,0,0,1,0,0,0,0,0,0,0,Weekday evening
0.8062157221206581,3,0,3,18,0,0,0,0,0,0,0,0,1,0,Weekday evening
0.8062157221206581,3,0,3,22,0,0,0,0,0,0,0,1,0,0,Weekday evening
0.8062157221206581,3,0,3,22,0,0,0,0,0,0,0,1,0,0,Weekday evening
0.5822669104204753,4,0,1,7,0,0,1,0,0,0,0,0,0,2,Weekday morning
0.8062157221206581,4,0,1,8,0,0,0,0,0,0,0,0,1,2,Weekday morning
0.3583180987202925,4,0,1,8,0,0,0,0,0,1,0,0,0,2,Weekday morning
0.8062157221206581,4,0,1,8,0,0,0,0,0,0,0,0,1,2,Weekday morning
0.8062157221206581,4,0,1,8,0,0,0,0,1,0,0,0,0,2,Weekday morning
0.8062157221206581,4,0,1,8,0,0,0,0,1,0,0,0,0,2,Weekday morning
0.5822669104204753,4,0,1,8,0,0,1,0,0,0,0,0,0,2,Weekday morning
0.8062157221206581,4,0,1,8,0,0,0,0,0,0,0,1,0,2,Weekday morning
0.5822669104204753,4,0,1,9,0,0,1,0,0,0,0,0,0,2,Weekday morning
0.3583180987202925,4,0,1,9,0,0,0,0,0,1,0,0,0,2,Weekday morning
0.3583180987202925,4,0,1,10,0,1,0,0,0,0,0,0,0,2,Weekday morning
0.3583180987202925,4,0,1,10,0,1,0,0,0,0,0,0,0,2,Weekday morning
0.5822669104204753,4,0,1,10,0,0,1,0,0,0,0,0,0,2,Weekday morning
0.8062157221206581,4,0,2,13,0,0,0,0,0,0,0,0,1,0,Weekday evening
0.3583180987202925,4,0,2,13,0,1,0,0,0,0,0,0,0,2,Weekday morning
0.3583180987202925,4,0,2,13,0,1,0,0,0,0,0,0,0,2,Weekday morning
0.8062157221206581,4,0,2,14,0,0,0,0,1,0,0,0,0,0,Weekday evening
0.3583180987202925,4,0,2,14,0,1,0,0,0,0,0,0,0,2,Weekday morning
0.8062157221206581,4,0,2,14,0,0,0,1,0,0,0,0,0,0,Weekday evening
0.8062157221206581,4,0,2,17,0,0,0,0,0,0,0,0,1,0,Weekday evening
0.8062157221206581,4,0,2,17,0,0,0,0,0,0,0,1,0,0,Weekday evening
0.8062157221206581,4,0,2,17,0,0,0,0,0,0,0,1,0,0,Weekday evening
0.8062157221206581,4,0,3,21,0,0,0,0,0,0,0,0,1,0,Weekday evening
0.5822669104204753,4,0,3,21,0,0,1,0,0,0,0,0,0,0,Weekday evening
0.8062157221206581,4,0,3,22,0,0,0,0,0,0,0,1,0,0,Weekday evening
0.8062157221206581,4,0,3,22,0,0,0,0,0,0,0,1,0,0,Weekday evening
0.3583180987202925,5,1,1,8,0,0,0,0,0,1,0,0,0,1,Weekend
0.3583180987202925,5,1,1,10,0,0,0,0,0,1,0,0,0,1,Weekend
0.3583180987202925,5,1,1,10,0,0,0,0,0,1,0,0,0,1,Weekend
0.8062157221206581,5,1,1,11,0,0,0,0,0,0,0,0,1,1,Weekend
0.5822669104204753,5,1,1,11,0,0,1,0,0,0,0,0,0,1,Weekend
0.8062157221206581,5,1,2,13,0,0,0,1,0,0,0,0,0,1,Weekend
0.8062157221206581,5,1,3,20,0,0,0,0,0,0,0,0,1,1,Weekend
0.3583180987202925,6,1,1,9,0,0,0,0,0,1,0,0,0,1,Weekend
0.5822669104204753,6,1,2,12,0,0,1,0,0,0,0,0,0,1,Weekend
0.3583180987202925,6,1,2,13,0,0,0,0,0,1,0,0,0,1,Weekend
0.1343692870201095,6,1,2,13,0,0,0,0,0,0,1,0,0,1,Weekend
0.3583180987202925,6,1,2,13,0,0,0,0,0,1,0,0,0,1,Weekend
0.8062157221206581,6,1,2,17,0,0,0,0,0,0,0,0,1,1,Weekend
0.8062157221206581,6,1,2,17,0,0,0,0,0,0,0,0,1,1,Weekend
0.8062157221206581,6,1,3,18,0,0,0,1,0,0,0,0,0,1,Weekend
0.8062157221206581,6,1,3,20,0,0,0,1,0,0,0,0,0,1,Weekend
0.5822669104204753,0,0,1,8,0,0,1,0,0,0,0,0,0,2,Weekday morning
0.8062157221206581,0,0,1,9,0,0,0,0,1,0,0,0,0,2,Weekday morning
0.3583180987202925,0,0,1,10,0,0,0,0,0,1,0,0,0,2,Weekday morning
0.8062157221206581,0,0,1,10,0,0,0,0,0,0,0,0,1,2,Weekday morning
0.8062157221206581,0,0,1,10,0,0,0,0,0,0,0,0,1,2,Weekday morning
0.8062157221206581,0,0,1,11,0,0,0,1,0,0,0,0,0,2,Weekday morning
0.3583180987202925,0,0,1,11,0,1,0,0,0,0,0,0,0,2,Weekday morning
0.3583180987202925,0,0,1,11,0,1,0,0,0,0,0,0,0,2,Weekday morning
0.8062157221206581,0,0,2,14,0,0,0,0,0,0,0,0,1,0,Weekday evening
0.8062157221206581,0,0,2,14,0,0,0,0,0,0,0,0,1,0,Weekday evening
0.3583180987202925,0,0,2,16,0,1,0,0,0,0,0,0,0,0,Weekday evening
0.8062157221206581,0,0,3,18,0,0,0,0,0,0,0,0,1,0,Weekday evening
0.8062157221206581,0,0,3,18,0,0,0,1,0,0,0,0,0,0,Weekday evening
0.8062157221206581,0,0,3,22,0,0,0,0,0,0,0,0,1,0,Weekday evening
0.8062157221206581,0,0,3,22,0,0,0,0,0,0,0,0,1,0,Weekday evening
0.8062157221206581,0,0,3,22,0,0,0,0,0,0,0,0,1,0,Weekday evening
0.3583180987202925,1,0,1,8,0,0,0,0,0,1,0,0,0,2,Weekday morning
0.1343692870201095,1,0,1,8,0,0,0,0,0,0,1,0,0,2,Weekday morning
0.8062157221206581,1,0,1,11,0,0,0,0,0,0,0,1,0,2,Weekday morning
0.8062157221206581,1,0,1,11,0,0,0,0,0,0,0,0,1,2,Weekday morning
0.8062157221206581,1,0,1,11,0,0,0,0,0,0,0,1,0,2,Weekday morning
0.8062157221206581,1,0,2,13,0,0,0,0,0,0,0,0,1,0,Weekday evening
0.5822669104204753,1,0,2,13,0,0,1,0,0,0,0,0,0,2,Weekday morning
0.8062157221206581,1,0,2,15,0,0,0,0,0,0,0,0,1,0,Weekday evening
0.3583180987202925,1,0,2,15,0,1,0,0,0,0,0,0,0,2,Weekday morning
0.1343692870201095,1,0,2,15,0,0,0,0,0,0,1,0,0,2,Weekday morning
0.8062157221206581,1,0,2,17,0,0,0,0,0,0,0,1,0,0,Weekday evening
0.3583180987202925,1,0,3,19,0,1,0,0,0,0,0,0,0,0,Weekday evening
0.8062157221206581,1,0,3,19,0,0,0,0,1,0,0,0,0,0,Weekday evening
0.8062157221206581,1,0,3,20,0,0,0,0,0,0,0,0,1,0,Weekday evening
0.8062157221206581,1,0,3,20,0,0,0,0,0,0,0,0,1,0,Weekday evening
0.8062157221206581,1,0,3,21,0,0,0,0,0,0,0,1,0,0,Weekday evening
0.8062157221206581,1,0,3,21,0,0,0,0,0,0,0,1,0,0,Weekday evening
0.8062157221206581,1,0,3,22,0,0,0,0,0,0,0,0,1,0,Weekday evening
0.5822669104204753,2,0,1,8,0,0,1,0,0,0,0,0,0,2,Weekday morning
0.8062157221206581,2,0,1,8,0,0,0,0,0,0,0,1,0,2,Weekday morning
0.8062157221206581,2,0,1,9,0,0,0,0,0,0,0,0,1,2,Weekday morning
0.5822669104204753,2,0,1,10,0,0,1,0,0,0,0,0,0,2,Weekday morning
0.5822669104204753,2,0,1,10,0,0,1,0,0,0,0,0,0,2,Weekday morning
0.5822669104204753,2,0,1,10,0,0,1,0,0,0,0,0,0,2,Weekday morning
0.3583180987202925,2,0,1,11,0,1,0,0,0,0,0,0,0,2,Weekday morning
0.5822669104204753,2,0,2,12,0,0,1,0,0,0,0,0,0,2,Weekday morning
0.3583180987202925,2,0,2,13,0,1,0,0,0,0,0,0,0,2,Weekday morning
0.8062157221206581,2,0,2,16,0,0,0,0,0,0,0,0,1,0,Weekday evening
0.5822669104204753,2,0,2,17,0,0,1,0,0,0,0,0,0,0,Weekday evening
0.5822669104204753,2,0,3,19,0,0,1,0,0,0,0,0,0,0,Weekday evening
0.5822669104204753,2,0,3,19,0,0,1,0,0,0,0,0,0,0,Weekday evening
0.8062157221206581,2,0,3,21,0,0,0,0,0,0,0,1,0,0,Weekday evening
0.8062157221206581,3,0,1,7,0,0,0,0,0,0,0,0,1,2,Weekday morning
0.8062157221206581,3,0,1,7,0,0,0,0,0,0,0,0,1,2,Weekday morning
0.5822669104204753,3,0,1,9,0,0,1,0,0,0,0,0,0,2,Weekday morning
0.8062157221206581,3,0,1,10,0,0,0,0,0,0,0,0,1,2,Weekday morning
0.8062157221206581,3,0,1,10,0,0,0,0,0,0,0,1,0,2,Weekday morning
0.5822669104204753,3,0,1,11,0,0,1,0,0,0,0,0,0,2,Weekday morning
0.8062157221206581,3,0,2,13,0,0,0,0,0,0,0,0,1,0,Weekday evening
0.3583180987202925,3,0,2,14,0,1,0,0,0,0,0,0,0,2,Weekday morning
0.8062157221206581,3,0,2,16,0,0,0,0,0,0,0,1,0,0,Weekday evening
0.8062157221206581,3,0,2,16,0,0,0,0,0,0,0,1,0,0,Weekday evening
0.8062157221206581,3,0,2,16,0,0,0,0,0,0,0,0,1,0,Weekday evening
0.8062157221206581,3,0,2,16,0,0,0,0,0,0,0,1,0,0,Weekday evening
0.8062157221206581,3,0,2,16,0,0,0,0,0,0,0,1,0,0,Weekday evening
0.8062157221206581,3,0,2,17,0,0,0,1,0,0,0,0,0,0,Weekday evening
0.8062157221206581,3,0,2,17,0,0,0,0,0,0,0,1,0,0,Weekday evening
0.8062157221206581,3,0,3,19,0,0,0,0,0,0,0,0,1,0,Weekday evening
0.5822669104204753,3,0,3,20,0,0,1,0,0,0,0,0,0,0,Weekday evening
0.8062157221206581,3,0,3,21,0,0,0,0,0,0,0,0,1,0,Weekday evening
0.8062157221206581,3,0,3,21,0,0,0,0,0,0,0,0,1,0,Weekday evening
0.8062157221206581,3,0,3,21,0,0,0,0,0,0,0,0,1,0,Weekday evening
0.8062157221206581,3,0,3,21,0,0,0,0,0,0,0,1,0,0,Weekday evening
0.8062157221206581,4,0,1,8,0,0,0,0,1,0,0,0,0,2,Weekday morning
0.8062157221206581,4,0,1,8,0,0,0,0,1,0,0,0,0,2,Weekday morning
0.8062157221206581,4,0,1,9,0,0,0,0,1,0,0,0,0,2,Weekday morning
0.8062157221206581,4,0,1,9,0,0,0,0,1,0,0,0,0,2,Weekday morning
0.8062157221206581,4,0,1,9,0,0,0,1,0,0,0,0,0,2,Weekday morning
0.8062157221206581,4,0,1,11,0,0,0,1,0,0,0,0,0,2,Weekday morning
0.8062157221206581,4,0,2,14,0,0,0,0,0,0,0,0,1,0,Weekday evening
0.8062157221206581,4,0,2,14,0,0,0,1,0,0,0,0,0,0,Weekday evening
0.3583180987202925,4,0,2,15,0,1,0,0,0,0,0,0,0,2,Weekday morning
0.8062157221206581,4,0,2,16,0,0,0,0,0,0,0,0,1,0,Weekday evening
0.8062157221206581,4,0,2,17,0,0,0,0,0,0,0,1,0,0,Weekday evening
0.8062157221206581,4,0,3,21,0,0,0,0,1,0,0,0,0,0,Weekday evening
0.8062157221206581,4,0,3,21,0,0,0,0,1,0,0,0,0,0,Weekday evening
0.5822669104204753,4,0,3,21,0,0,1,0,0,0,0,0,0,0,Weekday evening
0.8062157221206581,4,0,3,22,0,0,0,0,0,0,0,0,1,0,Weekday evening
0.5822669104204753,5,1,1,8,0,0,1,0,0,0,0,0,0,1,Weekend
0.8062157221206581,5,1,2,13,0,0,0,0,0,0,0,0,1,1,Weekend
0.8062157221206581,5,1,2,14,0,0,0,1,0,0,0,0,0,1,Weekend
0.8062157221206581,5,1,2,15,0,0,0,0,0,0,0,1,0,1,Weekend
0.8062157221206581,5,1,2,15,0,0,0,0,0,0,0,0,1,1,Weekend
0.8062157221206581,5,1,2,16,0,0,0,0,0,0,0,0,1,1,Weekend
0.8062157221206581,5,1,2,16,0,0,0,0,0,0,0,0,1,1,Weekend
0.8062157221206581,5,1,3,21,0,0,0,0,1,0,0,0,0,1,Weekend
0.8062157221206581,5,1,3,22,0,0,0,1,0,0,0,0,0,1,Weekend
0.8062157221206581,6,1,1,8,0,0,0,0,0,0,0,0,1,1,Weekend
0.8062157221206581,6,1,1,8,0,0,0,0,1,0,0,0,0,1,Weekend
0.8062157221206581,6,1,1,11,0,0,0,0,0,0,0,0,1,1,Weekend
0.8062157221206581,6,1,2,14,0,0,0,0,0,0,0,1,0,1,Weekend
0.3583180987202925,6,1,2,14,0,0,0,0,0,1,0,0,0,1,Weekend
0.5822669104204753,6,1,2,15,0,0,1,0,0,0,0,0,0,1,Weekend
0.8062157221206581,6,1,2,16,0,0,0,0,0,0,0,0,1,1,Weekend
0.8062157221206581,6,1,2,16,0,0,0,0,0,0,0,0,1,1,Weekend
0.8062157221206581,6,1,2,17,0,0,0,0,0,0,0,0,1,1,Weekend
0.8062157221206581,6,1,3,18,0,0,0,0,1,0,0,0,0,1,Weekend
0.8062157221206581,6,1,3,18,0,0,0,0,1,0,0,0,0,1,Weekend
0.8062157221206581,6,1,3,21,0,0,0,0,0,0,0,1,0,1,Weekend
0.3583180987202925,6,1,3,21,0,0,0,0,0,1,0,0,0,1,Weekend
0.8062157221206581,6,1,3,21,0,0,0,0,1,0,0,0,0,1,Weekend
0.8062157221206581,6,1,3,21,0,0,0,0,0,0,0,0,1,1,Weekend
0.8062157221206581,6,1,3,22,0,0,0,1,0,0,0,0,0,1,Weekend
0.8062157221206581,0,0,1,7,0,0,0,0,0,0,0,0,1,2,Weekday morning
0.8062157221206581,0,0,1,8,0,0,0,0,0,0,0,0,1,2,Weekday morning
0.5822669104204753,0,0,1,9,0,0,1,0,0,0,0,0,0,2,Weekday morning
0.8062157221206581,0,0,1,9,0,0,0,0,0,0,0,0,1,2,Weekday morning
0.3583180987202925,0,0,1,10,0,1,0,0,0,0,0,0,0,2,Weekday morning
0.3583180987202925,0,0,1,10,0,0,0,0,0,1,0,0,0,2,Weekday morning
0.3583180987202925,0,0,1,10,0,0,0,0,0,1,0,0,0,2,Weekday morning
0.1343692870201095,0,0,1,11,0,0,0,0,0,0,1,0,0,2,Weekday morning
0.8062157221206581,0,0,2,12,0,0,0,1,0,0,0,0,0,0,Weekday evening
0.8062157221206581,0,0,2,14,0,0,0,0,0,0,0,0,1,0,Weekday evening
0.8062157221206581,0,0,2,14,0,0,0,0,0,0,0,0,1,0,Weekday evening
0.5822669104204753,0,0,2,15,0,0,1,0,0,0,0,0,0,0,Weekday evening
0.3583180987202925,0,0,2,15,0,0,0,0,0,1,0,0,0,2,Weekday morning
0.8062157221206581,0,0,2,16,0,0,0,0,1,0,0,0,0,0,Weekday evening
0.8062157221206581,0,0,2,16,0,0,0,0,0,0,0,0,1,0,Weekday evening
0.8062157221206581,0,0,3,19,0,0,0,0,0,0,0,1,0,0,Weekday evening
0.8062157221206581,0,0,3,21,0,0,0,0,0,0,0,0,1,0,Weekday evening
0.8062157221206581,0,0,3,22,0,0,0,0,1,0,0,0,0,0,Weekday evening
0.8062157221206581,0,0,3,22,0,0,0,0,0,0,0,1,0,0,Weekday evening
0.8062157221206581,1,0,1,7,0,0,0,0,0,0,0,0,1,2,Weekday morning
0.8062157221206581,1,0,1,7,0,0,0,1,0,0,0,0,0,2,Weekday morning
0.5822669104204753,1,0,1,8,0,0,1,0,0,0,0,0,0,2,Weekday morning
0.3583180987202925,1,0,1,9,0,0,0,0,0,1,0,0,0,2,Weekday morning
0.1343692870201095,1,0,1,10,0,0,0,0,0,0,1,0,0,2,Weekday morning
0.3583180987202925,1,0,1,10,0,0,0,0,0,1,0,0,0,2,Weekday morning
0.3583180987202925,1,0,3,18,0,1,0,0,0,0,0,0,0,0,Weekday evening
0.8062157221206581,1,0,3,19,0,0,0,0,0,0,0,1,0,0,Weekday evening
0.8062157221206581,1,0,3,19,0,0,0,0,0,0,0,0,1,0,Weekday evening
0.8062157221206581,2,0,1,7,0,0,0,0,0,0,0,0,1,2,Weekday morning
0.5822669104204753,2,0,1,8,0,0,1,0,0,0,0,0,0,2,Weekday morning
0.3583180987202925,2,0,1,10,0,0,0,0,0,1,0,0,0,2,Weekday morning
0.5822669104204753,2,0,2,12,0,0,1,0,0,0,0,0,0,2,Weekday morning
0.5822669104204753,2,0,2,16,0,0,1,0,0,0,0,0,0,0,Weekday evening
0.5822669104204753,2,0,2,16,0,0,1,0,0,0,0,0,0,0,Weekday evening
0.8062157221206581,2,0,2,16,0,0,0,1,0,0,0,0,0,0,Weekday evening
0.1343692870201095,2,0,2,17,0,0,0,0,0,0,1,0,0,2,Weekday morning
0.8062157221206581,2,0,3,18,0,0,0,0,1,0,0,0,0,0,Weekday evening
0.8062157221206581,2,0,3,19,0,0,0,1,0,0,0,0,0,0,Weekday evening
0.5822669104204753,2,0,3,21,0,0,1,0,0,0,0,0,0,0,Weekday evening
0.8062157221206581,2,0,3,21,0,0,0,0,0,0,0,1,0,0,Weekday evening
0.8062157221206581,2,0,3,22,0,0,0,0,0,0,0,0,1,0,Weekday evening
0.3583180987202925,3,0,2,12,0,1,0,0,0,0,0,0,0,2,Weekday morning
0.8062157221206581,3,0,2,13,0,0,0,1,0,0,0,0,0,0,Weekday evening
0.8062157221206581,3,0,2,14,0,0,0,1,0,0,0,0,0,0,Weekday evening
0.8062157221206581,3,0,2,14,0,0,0,0,0,0,0,1,0,0,Weekday evening
0.8062157221206581,3,0,2,14,0,0,0,0,0,0,0,0,1,0,Weekday evening
0.8062157221206581,3,0,2,15,0,0,0,0,0,0,0,0,1,0,Weekday evening
0.8062157221206581,3,0,2,15,0,0,0,0,0,0,0,0,1,0,Weekday evening
0.3583180987202925,3,0,3,18,0,1,0,0,0,0,0,0,0,0,Weekday evening
0.3583180987202925,3,0,3,18,0,1,0,0,0,0,0,0,0,0,Weekday evening
0.8062157221206581,3,0,3,19,0,0,0,0,0,0,0,0,1,0,Weekday evening
0.3583180987202925,3,0,3,20,0,1,0,0,0,0,0,0,0,0,Weekday evening
0.8062157221206581,3,0,3,21,0,0,0,0,0,0,0,1,0,0,Weekday evening
0.8062157221206581,3,0,3,21,0,0,0,0,0,0,0,1,0,0,Weekday evening
0.8062157221206581,3,0,3,21,0,0,0,0,0,0,0,1,0,0,Weekday evening
0.8062157221206581,3,0,3,21,0,0,0,1,0,0,0,0,0,0,Weekday evening
0.8062157221206581,4,0,1,7,0,0,0,1,0,0,0,0,0,2,Weekday morning
0.1343692870201095,4,0,1,7,0,0,0,0,0,0,1,0,0,2,Weekday morning
0.8062157221206581,4,0,1,8,0,0,0,0,1,0,0,0,0,2,Weekday morning
0.8062157221206581,4,0,1,8,0,0,0,0,0,0,0,0,1,2,Weekday morning
0.8062157221206581,4,0,1,8,0,0,0,0,1,0,0,0,0,2,Weekday morning
0.3583180987202925,4,0,1,10,0,1,0,0,0,0,0,0,0,2,Weekday morning
0.3583180987202925,4,0,1,10,0,1,0,0,0,0,0,0,0,2,Weekday morning
0.5822669104204753,4,0,1,10,0,0,1,0,0,0,0,0,0,2,Weekday morning
0.8062157221206581,4,0,1,11,0,0,0,0,1,0,0,0,0,2,Weekday morning
0.8062157221206581,4,0,1,11,0,0,0,0,1,0,0,0,0,2,Weekday morning
0.3583180987202925,4,0,2,12,0,0,0,0,0,1,0,0,0,2,Weekday morning
0.8062157221206581,4,0,2,12,0,0,0,0,0,0,0,0,1,0,Weekday evening
0.8062157221206581,4,0,2,14,0,0,0,1,0,0,0,0,0,0,Weekday evening
0.8062157221206581,4,0,3,22,0,0,0,0,0,0,0,1,0,0,Weekday evening
0.1343692870201095,4,0,3,22,0,0,0,0,0,0,1,0,0,0,Weekday evening
0.8062157221206581,5,1,1,7,0,0,0,1,0,0,0,0,0,1,Weekend
0.3583180987202925,5,1,1,8,0,0,0,0,0,1,0,0,0,1,Weekend
0.8062157221206581,5,1,1,8,0,0,0,1,0,0,0,0,0,1,Weekend
0.3583180987202925,5,1,1,10,0,1,0,0,0,0,0,0,0,1,Weekend
0.8062157221206581,5,1,2,12,0,0,0,0,1,0,0,0,0,1,Weekend
0.8062157221206581,5,1,2,13,0,0,0,0,0,0,0,0,1,1,Weekend
0.8062157221206581,5,1,2,14,0,0,0,0,0,0,0,0,1,1,Weekend
0.5822669104204753,5,1,2,14,0,0,1,0,0,0,0,0,0,1,Weekend
0.3583180987202925,5,1,2,15,0,0,0,0,0,1,0,0,0,1,Weekend
0.3583180987202925,5,1,2,15,0,0,0,0,0,1,0,0,0,1,Weekend
0.8062157221206581,5,1,2,15,0,0,0,0,0,0,0,0,1,1,Weekend
0.8062157221206581,5,1,2,15,0,0,0,0,0,0,0,0,1,1,Weekend
0.5822669104204753,5,1,2,15,0,0,1,0,0,0,0,0,0,1,Weekend
0.5822669104204753,5,1,2,15,0,0,1,0,0,0,0,0,0,1,Weekend
0.8062157221206581,5,1,3,19,0,0,0,1,0,0,0,0,0,1,Weekend
0.5822669104204753,5,1,3,20,0,0,1,0,0,0,0,0,0,1,Weekend
0.5822669104204753,6,1,1,11,0,0,1,0,0,0,0,0,0,1,Weekend
0.8062157221206581,6,1,2,12,0,0,0,0,0,0,0,0,1,1,Weekend
0.5822669104204753,6,1,2,12,0,0,1,0,0,0,0,0,0,1,Weekend
0.8062157221206581,6,1,2,13,0,0,0,1,0,0,0,0,0,1,Weekend
0.8062157221206581,6,1,2,16,0,0,0,0,0,0,0,0,1,1,Weekend
0.8062157221206581,0,0,1,7,0,0,0,1,0,0,0,0,0,2,Weekday morning
0.3583180987202925,0,0,1,8,0,1,0,0,0,0,0,0,0,2,Weekday morning
0.8062157221206581,0,0,1,8,0,0,0,0,0,0,0,0,1,2,Weekday morning
0.5822669104204753,0,0,1,9,0,0,1,0,0,0,0,0,0,2,Weekday morning
0.8062157221206581,0,0,1,11,0,0,0,0,0,0,0,0,1,2,Weekday morning
0.8062157221206581,0,0,1,11,0,0,0,0,0,0,0,0,1,2,Weekday morning
0.8062157221206581,0,0,2,12,0,0,0,0,0,0,0,1,0,0,Weekday evening
0.5822669104204753,0,0,2,12,0,0,1,0,0,0,0,0,0,2,Weekday morning
0.8062157221206581,0,0,2,12,0,0,0,1,0,0,0,0,0,0,Weekday evening
0.5822669104204753,0,0,2,14,0,0,1,0,0,0,0,0,0,0,Weekday evening
0.5822669104204753,0,0,2,14,0,0,1,0,0,0,0,0,0,0,Weekday evening
0.5822669104204753,0,0,2,14,0,0,1,0,0,0,0,0,0,0,Weekday evening
0.8062157221206581,0,0,2,16,0,0,0,0,0,0,0,0,1,0,Weekday evening
0.8062157221206581,0,0,2,17,0,0,0,0,1,0,0,0,0,0,Weekday evening
0.8062157221206581,0,0,2,17,0,0,0,0,1,0,0,0,0,0,Weekday evening
0.8062157221206581,0,0,3,19,0,0,0,1,0,0,0,0,0,0,Weekday evening
0.5822669104204753,0,0,3,21,0,0,1,0,0,0,0,0,0,0,Weekday evening
0.5822669104204753,0,0,3,22,0,0,1,0,0,0,0,0,0,0,Weekday evening
0.8062157221206581,1,0,1,8,0,0,0,0,0,0,0,0,1,2,Weekday morning
0.8062157221206581,1,0,1,8,0,0,0,0,0,0,0,0,1,2,Weekday morning
0.8062157221206581,1,0,1,9,0,0,0,0,0,0,0,0,1,2,Weekday morning
0.5822669104204753,1,0,1,11,0,0,1,0,0,0,0,0,0,2,Weekday morning
0.1343692870201095,1,0,2,12,0,0,0,0,0,0,1,0,0,2,Weekday morning
0.3583180987202925,1,0,2,14,0,0,0,0,0,1,0,0,0,2,Weekday morning
0.3583180987202925,1,0,2,14,0,0,0,0,0,1,0,0,0,2,Weekday morning
0.8062157221206581,1,0,2,14,0,0,0,1,0,0,0,0,0,0,Weekday evening
0.8062157221206581,1,0,2,16,0,0,0,0,0,0,0,1,0,0,Weekday evening
0.8062157221206581,1,0,2,16,0,0,0,0,1,0,0,0,0,0,Weekday evening
0.8062157221206581,1,0,2,16,0,0,0,0,1,0,0,0,0,0,Weekday evening
0.5822669104204753,1,0,3,18,0,0,1,0,0,0,0,0,0,0,Weekday evening
0.5822669104204753,1,0,3,18,0,0,1,0,0,0,0,0,0,0,Weekday evening
0.5822669104204753,1,0,3,19,0,0,1,0,0,0,0,0,0,0,Weekday evening
0.8062157221206581,1,0,3,19,0,0,0,1,0,0,0,0,0,0,Weekday evening
0.8062157221206581,1,0,3,19,0,0,0,0,0,0,0,1,0,0,Weekday evening
0.8062157221206581,1,0,3,19,0,0,0,0,0,0,0,0,1,0,Weekday evening
0.8062157221206581,1,0,3,20,0,0,0,0,0,0,0,0,1,0,Weekday evening
0.8062157221206581,2,0,1,7,0,0,0,0,0,0,0,0,1,2,Weekday morning
0.5822669104204753,2,0,1,8,0,0,1,0,0,0,0,0,0,2,Weekday morning
0.5822669104204753,2,0,1,8,0,0,1,0,0,0,0,0,0,2,Weekday morning
0.8062157221206581,2,0,1,9,0,0,0,0,0,0,0,0,1,2,Weekday morning
0.8062157221206581,2,0,1,10,0,0,0,0,0,0,0,0,1,2,Weekday morning
0.8062157221206581,2,0,1,10,0,0,0,0,0,0,0,0,1,2,Weekday morning
0.8062157221206581,2,0,2,12,0,0,0,0,0,0,0,0,1,0,Weekday evening
0.3583180987202925,2,0,2,12,0,1,0,0,0,0,0,0,0,2,Weekday morning
0.5822669104204753,2,0,2,12,0,0,1,0,0,0,0,0,0,2,Weekday morning
0.3583180987202925,2,0,2,12,0,1,0,0,0,0,0,0,0,2,Weekday morning
0.8062157221206581,2,0,2,15,0,0,0,0,0,0,0,0,1,0,Weekday evening
0.8062157221206581,2,0,2,15,0,0,0,0,0,0,0,0,1,0,Weekday evening
0.5822669104204753,2,0,2,16,0,0,1,0,0,0,0,0,0,0,Weekday evening
0.8062157221206581,2,0,3,18,0,0,0,0,0,0,0,1,0,0,Weekday evening
0.5822669104204753,2,0,3,19,0,0,1,0,0,0,0,0,0,0,Weekday evening
0.5822669104204753,2,0,3,19,0,0,1,0,0,0,0,0,0,0,Weekday evening
0.8062157221206581,3,0,1,7,0,0,0,0,0,0,0,0,1,2,Weekday morning
0.8062157221206581,3,0,1,8,0,0,0,0,0,0,0,0,1,2,Weekday morning
0.5822669104204753,3,0,1,9,0,0,1,0,0,0,0,0,0,2,Weekday morning
0.8062157221206581,3,0,2,15,0,0,0,0,0,0,0,0,1,0,Weekday evening
0.5822669104204753,3,0,2,16,0,0,1,0,0,0,0,0,0,0,Weekday evening
0.8062157221206581,4,0,1,8,0,0,0,0,1,0,0,0,0,2,Weekday morning
0.3583180987202925,4,0,1,8,0,1,0,0,0,0,0,0,0,2,Weekday morning
0.8062157221206581,4,0,1,10,0,0,0,0,0,0,0,0,1,2,Weekday morning
0.8062157221206581,4,0,2,12,0,0,0,0,1,0,0,0,0,0,Weekday evening
0.8062157221206581,4,0,2,12,0,0,0,0,1,0,0,0,0,0,Weekday evening
0.3583180987202925,4,0,2,15,0,0,0,0,0,1,0,0,0,2,Weekday morning
0.5822669104204753,4,0,3,22,0,0,1,0,0,0,0,0,0,0,Weekday evening
0.3583180987202925,5,1,1,8,0,0,0,0,0,1,0,0,0,1,Weekend
0.8062157221206581,5,1,1,10,0,0,0,0,1,0,0,0,0,1,Weekend
0.5822669104204753,5,1,1,10,0,0,1,0,0,0,0,0,0,1,Weekend
0.5822669104204753,5,1,2,14,0,0,1,0,0,0,0,0,0,1,Weekend
0.8062157221206581,5,1,2,16,0,0,0,0,0,0,0,1,0,1,Weekend
0.8062157221206581,5,1,2,16,0,0,0,0,0,0,0,0,1,1,Weekend
0.8062157221206581,5,1,2,16,0,0,0,0,0,0,0,0,1,1,Weekend
0.5822669104204753,5,1,3,18,0,0,1,0,0,0,0,0,0,1,Weekend
0.3583180987202925,5,1,3,18,0,1,0,0,0,0,0,0,0,1,Weekend
0.3583180987202925,6,1,1,8,0,0,0,0,0,1,0,0,0,1,Weekend
0.5822669104204753,6,1,1,9,0,0,1,0,0,0,0,0,0,1,Weekend
0.5822669104204753,6,1,1,9,0,0,1,0,0,0,0,0,0,1,Weekend
0.8062157221206581,6,1,2,13,0,0,0,0,0,0,0,0,1,1,Weekend
0.5822669104204753,6,1,2,13,0,0,1,0,0,0,0,0,0,1,Weekend
0.8062157221206581,6,1,2,13,0,0,0,0,1,0,0,0,0,1,Weekend
0.3583180987202925,6,1,2,13,0,1,0,0,0,0,0,0,0,1,Weekend
0.5822669104204753,6,1,2,13,0,0,1,0,0,0,0,0,0,1,Weekend
0.8062157221206581,6,1,2,16,0,0,0,0,0,0,0,1,0,1,Weekend
0.8062157221206581,6,1,2,16,0,0,0,0,0,0,0,1,0,1,Weekend
0.3583180987202925,6,1,2,16,0,1,0,0,0,0,0,0,0,1,Weekend
0.3583180987202925,6,1,2,16,0,1,0,0,0,0,0,0,0,1,Weekend
0.8062157221206581,6,1,3,20,0,0,0,0,1,0,0,0,0,1,Weekend
0.8062157221206581,0,0,1,7,0,0,0,0,0,0,0,0,1,2,Weekday morning
0.8062157221206581,0,0,1,8,0,0,0,0,0,0,0,0,1,2,Weekday morning
0.5822669104204753,0,0,1,8,0,0,1,0,0,0,0,0,0,2,Weekday morning
0.3583180987202925,0,0,2,12,0,1,0,0,0,0,0,0,0,2,Weekday morning
0.5822669104204753,0,0,2,12,0,0,1,0,0,0,0,0,0,2,Weekday morning
0.8062157221206581,0,0,2,14,0,0,0,0,1,0,0,0,0,0,Weekday evening
0.8062157221206581,0,0,2,14,0,0,0,0,1,0,0,0,0,0,Weekday evening
0.8062157221206581,1,0,1,7,0,0,0,0,1,0,0,0,0,2,Weekday morning
0.5822669104204753,1,0,1,9,0,0,1,0,0,0,0,0,0,2,Weekday morning
0.8062157221206581,1,0,1,9,0,0,0,1,0,0,0,0,0,2,Weekday morning
0.5822669104204753,1,0,1,9,0,0,1,0,0,0,0,0,0,2,Weekday morning
0.5822669104204753,1,0,1,10,0,0,1,0,0,0,0,0,0,2,Weekday morning
0.8062157221206581,1,0,1,11,0,0,0,0,1,0,0,0,0,2,Weekday morning
0.8062157221206581,1,0,1,11,0,0,0,0,0,0,0,0,1,2,Weekday morning
0.8062157221206581,1,0,2,14,0,0,0,0,0,0,0,0,1,0,Weekday evening
0.8062157221206581,1,0,2,14,0,0,0,0,0,0,0,0,1,0,Weekday evening
0.8062157221206581,1,0,3,18,0,0,0,1,0,0,0,0,0,0,Weekday evening
0.8062157221206581,1,0,3,18,0,0,0,1,0,0,0,0,0,0,Weekday evening
0.8062157221206581,1,0,3,18,0,0,0,1,0,0,0,0,0,0,Weekday evening
0.8062157221206581,1,0,3,21,0,0,0,0,1,0,0,0,0,0,Weekday evening
0.8062157221206581,1,0,3,21,0,0,0,0,1,0,0,0,0,0,Weekday evening
0.8062157221206581,1,0,3,21,0,0,0,0,0,0,0,1,0,0,Weekday evening
0.8062157221206581,1,0,3,22,0,0,0,0,0,0,0,1,0,0,Weekday evening
0.5822669104204753,1,0,3,22,0,0,1,0,0,0,0,0,0,0,Weekday evening
0.8062157221206581,2,0,1,8,0,0,0,0,0,0,0,0,1,2,Weekday morning
0.1343692870201095,2,0,1,11,0,0,0,0,0,0,1,0,0,2,Weekday morning
0.3583180987202925,2,0,2,13,0,1,0,0,0,0,0,0,0,2,Weekday morning
0.8062157221206581,2,0,2,15,0,0,0,1,0,0,0,0,0,0,Weekday evening
0.8062157221206581,2,0,2,16,0,0,0,0,0,0,0,0,1,0,Weekday evening
0.8062157221206581,2,0,2,16,0,0,0,1,0,0,0,0,0,0,Weekday evening
0.8062157221206581,2,0,3,18,0,0,0,0,0,0,0,1,0,0,Weekday evening
0.8062157221206581,2,0,3,18,0,0,0,0,0,0,0,1,0,0,Weekday evening
0.8062157221206581,3,0,2,12,0,0,0,0,0,0,0,0,1,0,Weekday evening
0.3583180987202925,3,0,2,15,0,1,0,0,0,0,0,0,0,2,Weekday morning
0.3583180987202925,3,0,2,16,0,1,0,0,0,0,0,0,0,0,Weekday evening
0.8062157221206581,3,0,3,18,0,0,0,0,1,0,0,0,0,0,Weekday evening
0.8062157221206581,3,0,3,19,0,0,0,0,0,0,0,1,0,0,Weekday evening
0.8062157221206581,3,0,3,19,0,0,0,0,0,0,0,0,1,0,Weekday evening
0.8062157221206581,3,0,3,20,0,0,0,0,0,0,0,0,1,0,Weekday evening
0.5822669104204753,4,0,1,9,0,0,1,0,0,0,0,0,0,2,Weekday morning
0.3583180987202925,4,0,1,9,0,1,0,0,0,0,0,0,0,2,Weekday morning
0.3583180987202925,4,0,1,9,0,1,0,0,0,0,0,0,0,2,Weekday morning
0.8062157221206581,4,0,1,11,0,0,0,1,0,0,0,0,0,2,Weekday morning
0.8062157221206581,4,0,2,13,0,0,0,0,0,0,0,0,1,0,Weekday evening
0.8062157221206581,4,0,2,13,0,0,0,0,0,0,0,0,1,0,Weekday evening
0.5822669104204753,4,0,2,16,0,0,1,0,0,0,0,0,0,0,Weekday evening
0.5822669104204753,4,0,2,16,0,0,1,0,0,0,0,0,0,0,Weekday evening
0.8062157221206581,4,0,3,20,0,0,0,0,0,0,0,1,0,0,Weekday evening
0.8062157221206581,4,0,3,20,0,0,0,0,0,0,0,1,0,0,Weekday evening
0.8062157221206581,4,0,3,20,0,0,0,0,0,0,0,1,0,0,Weekday evening
0.8062157221206581,4,0,3,22,0,0,0,0,0,0,0,0,1,0,Weekday evening
0.5822669104204753,5,1,1,10,0,0,1,0,0,0,0,0,0,1,Weekend
0.3583180987202925,5,1,1,11,0,0,0,0,0,1,0,0,0,1,Weekend
0.3583180987202925,5,1,1,11,0,0,0,0,0,1,0,0,0,1,Weekend
0.8062157221206581,5,1,1,11,0,0,0,0,0,0,0,0,1,1,Weekend
0.8062157221206581,5,1,2,13,0,0,0,0,0,0,0,1,0,1,Weekend
0.8062157221206581,5,1,2,13,0,0,0,0,0,0,0,1,0,1,Weekend
0.8062157221206581,5,1,2,14,0,0,0,0,0,0,0,1,0,1,Weekend
0.8062157221206581,5,1,2,14,0,0,0,0,0,0,0,1,0,1,Weekend
0.3583180987202925,5,1,2,14,0,1,0,0,0,0,0,0,0,1,Weekend
0.5822669104204753,5,1,2,15,0,0,1,0,0,0,0,0,0,1,Weekend
0.8062157221206581,5,1,2,16,0,0,0,0,0,0,0,0,1,1,Weekend
0.8062157221206581,5,1,2,16,0,0,0,0,1,0,0,0,0,1,Weekend
0.3583180987202925,5,1,3,20,0,1,0,0,0,0,0,0,0,1,Weekend
0.8062157221206581,5,1,3,20,0,0,0,0,0,0,0,0,1,1,Weekend
0.8062157221206581,5,1,3,22,0,0,0,0,1,0,0,0,0,1,Weekend
0.3583180987202925,5,1,3,22,0,1,0,0,0,0,0,0,0,1,Weekend
0.3583180987202925,5,1,3,22,0,1,0,0,0,0,0,0,0,1,Weekend
0.3583180987202925,6,1,1,9,0,1,0,0,0,0,0,0,0,1,Weekend
0.8062157221206581,6,1,2,17,0,0,0,0,1,0,0,0,0,1,Weekend
0.8062157221206581,6,1,3,18,0,0,0,0,0,0,0,1,0,1,Weekend
0.8062157221206581,6,1,3,18,0,0,0,0,0,0,0,1,0,1,Weekend
0.8062157221206581,6,1,3,20,0,0,0,1,0,0,0,0,0,1,Weekend
0.8062157221206581,6,1,3,20,0,0,0,1,0,0,0,0,0,1,Weekend
0.8062157221206581,0,0,1,7,0,0,0,1,0,0,0,0,0,2,Weekday morning
0.5822669104204753,0,0,1,9,0,0,1,0,0,0,0,0,0,2,Weekday morning
0.3583180987202925,0,0,1,10,0,0,0,0,0,1,0,0,0,2,Weekday morning
0.8062157221206581,0,0,2,16,0,0,0,1,0,0,0,0,0,0,Weekday evening
0.8062157221206581,0,0,2,16,0,0,0,0,0,0,0,1,0,0,Weekday evening
0.8062157221206581,0,0,2,17,0,0,0,1,0,0,0,0,0,0,Weekday evening
0.8062157221206581,0,0,3,19,0,0,0,0,0,0,0,0,1,0,Weekday evening
0.8062157221206581,0,0,3,19,0,0,0,0,0,0,0,1,0,0,Weekday evening
0.8062157221206581,0,0,3,21,0,0,0,0,0,0,0,0,1,0,Weekday evening
0.8062157221206581,0,0,3,21,0,0,0,0,0,0,0,0,1,0,Weekday evening
0.8062157221206581,1,0,1,10,0,0,0,0,0,0,0,0,1,2,Weekday morning
0.8062157221206581,1,0,2,13,0,0,0,0,0,0,0,0,1,0,Weekday evening
0.8062157221206581,1,0,2,14,0,0,0,0,0,0,0,0,1,0,Weekday evening
0.8062157221206581,1,0,2,16,0,0,0,0,0,0,0,1,0,0,Weekday evening
0.8062157221206581,1,0,2,16,0,0,0,0,0,0,0,1,0,0,Weekday evening
0.8062157221206581,1,0,2,16,0,0,0,0,1,0,0,0,0,0,Weekday evening
0.8062157221206581,1,0,3,18,0,0,0,1,0,0,0,0,0,0,Weekday evening
0.8062157221206581,1,0,3,20,0,0,0,0,0,0,0,0,1,0,Weekday evening
0.8062157221206581,1,0,3,20,0,0,0,0,1,0,0,0,0,0,Weekday evening
0.5822669104204753,2,0,1,8,0,0,1,0,0,0,0,0,0,2,Weekday morning
0.8062157221206581,2,0,1,10,0,0,0,0,0,0,0,0,1,2,Weekday morning
0.5822669104204753,2,0,2,13,0,0,1,0,0,0,0,0,0,2,Weekday morning
0.5822669104204753,2,0,2,13,0,0,1,0,0,0,0,0,0,2,Weekday morning
0.5822669104204753,2,0,2,14,0,0,1,0,0,0,0,0,0,0,Weekday evening
0.8062157221206581,2,0,2,14,0,0,0,0,0,0,0,0,1,0,Weekday evening
0.8062157221206581,3,0,1,9,0,0,0,0,0,0,0,0,1,2,Weekday morning
0.3583180987202925,3,0,1,10,0,1,0,0,0,0,0,0,0,2,Weekday morning
0.1343692870201095,3,0,2,12,0,0,0,0,0,0,1,0,0,2,Weekday morning
0.8062157221206581,3,0,2,15,0,0,0,1,0,0,0,0,0,0,Weekday evening
0.8062157221206581,3,0,2,15,0,0,0,0,0,0,0,0,1,0,Weekday evening
0.8062157221206581,3,0,2,15,0,0,0,1,0,0,0,0,0,0,Weekday evening
0.5822669104204753,3,0,2,16,0,0,1,0,0,0,0,0,0,0,Weekday evening
0.8062157221206581,3,0,2,16,0,0,0,1,0,0,0,0,0,0,Weekday evening
0.8062157221206581,3,0,3,19,0,0,0,0,0,0,0,1,0,0,Weekday evening
0.8062157221206581,3,0,3,19,0,0,0,0,0,0,0,1,0,0,Weekday evening
0.8062157221206581,3,0,3,20,0,0,0,0,1,0,0,0,0,0,Weekday evening
0.8062157221206581,3,0,3,20,0,0,0,0,0,0,0,1,0,0,Weekday evening
0.8062157221206581,3,0,3,21,0,0,0,0,0,0,0,0,1,0,Weekday evening
0.8062157221206581,3,0,3,22,0,0,0,0,0,0,0,0,1,0,Weekday evening
0.5822669104204753,4,0,1,8,0,0,1,0,0,0,0,0,0,2,Weekday morning
0.5822669104204753,4,0,1,11,0,0,1,0,0,0,0,0,0,2,Weekday morning
0.8062157221206581,4,0,2,12,0,0,0,0,1,0,0,0,0,0,Weekday evening
0.8062157221206581,4,0,2,12,0,0,0,0,1,0,0,0,0,0,Weekday evening
0.8062157221206581,4,0,2,13,0,0,0,0,0,0,0,0,1,0,Weekday evening
0.3583180987202925,4,0,2,15,0,1,0,0,0,0,0,0,0,2,Weekday morning
0.5822669104204753,4,0,2,17,0,0,1,0,0,0,0,0,0,0,Weekday evening
0.8062157221206581,4,0,2,17,0,0,0,0,0,0,0,0,1,0,Weekday evening
0.8062157221206581,4,0,3,18,0,0,0,0,0,0,0,1,0,0,Weekday evening
0.5822669104204753,4,0,3,18,0,0,1,0,0,0,0,0,0,0,Weekday evening
0.5822669104204753,4,0,3,18,0,0,1,0,0,0,0,0,0,0,Weekday evening
0.3583180987202925,5,1,1,10,0,0,0,0,0,1,0,0,0,1,Weekend
0.3583180987202925,5,1,1,10,0,0,0,0,0,1,0,0,0,1,Weekend
0.8062157221206581,5,1,1,11,0,0,0,0,0,0,0,1,0,1,Weekend
0.8062157221206581,5,1,1,11,0,0,0,0,0,0,0,0,1,1,Weekend
0.3583180987202925,5,1,1,11,0,1,0,0,0,0,0,0,0,1,Weekend
0.8062157221206581,5,1,2,12,0,0,0,1,0,0,0,0,0,1,Weekend
0.5822669104204753,5,1,2,12,0,0,1,0,0,0,0,0,0,1,Weekend
0.8062157221206581,5,1,2,12,0,0,0,0,0,0,0,0,1,1,Weekend
0.8062157221206581,5,1,2,12,0,0,0,0,0,0,0,0,1,1,Weekend
0.5822669104204753,5,1,2,13,0,0,1,0,0,0,0,0,0,1,Weekend
0.8062157221206581,5,1,2,13,0,0,0,0,0,0,0,0,1,1,Weekend
0.8062157221206581,5,1,2,13,0,0,0,0,0,0,0,0,1,1,Weekend
0.5822669104204753,5,1,2,14,0,0,1,0,0,0,0,0,0,1,Weekend
0.5822669104204753,6,1,1,10,0,0,1,0,0,0,0,0,0,1,Weekend
0.5822669104204753,6,1,2,13,0,0,1,0,0,0,0,0,0,1,Weekend
0.3583180987202925,6,1,2,14,0,1,0,0,0,0,0,0,0,1,Weekend
0.5822669104204753,6,1,2,14,0,0,1,0,0,0,0,0,0,1,Weekend
0.8062157221206581,6,1,2,16,0,0,0,0,0,0,0,0,1,1,Weekend
0.8062157221206581,6,1,2,16,0,0,0,0,0,0,0,0,1,1,Weekend
0.8062157221206581,6,1,3,18,0,0,0,0,0,0,0,1,0,1,Weekend
0.8062157221206581,6,1,3,19,0,0,0,0,0,0,0,1,0,1,Weekend
0.8062157221206581,6,1,3,19,0,0,0,0,0,0,0,1,0,1,Weekend
0.5822669104204753,0,0,1,7,0,0,1,0,0,0,0,0,0,2,Weekday morning
0.5822669104204753,0,0,1,7,0,0,1,0,0,0,0,0,0,2,Weekday morning
0.8062157221206581,0,0,1,7,0,0,0,0,0,0,0,0,1,2,Weekday morning
0.8062157221206581,0,0,2,16,0,0,0,0,0,0,0,0,1,0,Weekday evening
0.8062157221206581,0,0,2,16,0,0,0,0,0,0,0,0,1,0,Weekday evening
0.8062157221206581,0,0,3,18,0,0,0,0,0,0,0,0,1,0,Weekday evening
0.8062157221206581,1,0,1,7,0,0,0,0,1,0,0,0,0,2,Weekday morning
0.5822669104204753,1,0,1,7,0,0,1,0,0,0,0,0,0,2,Weekday morning
0.8062157221206581,1,0,1,7,0,0,0,0,0,0,0,0,1,2,Weekday morning
0.1343692870201095,1,0,1,7,0,0,0,0,0,0,1,0,0,2,Weekday morning
0.8062157221206581,1,0,1,7,0,0,0,0,0,0,0,0,1,2,Weekday morning
0.5822669104204753,1,0,1,10,0,0,1,0,0,0,0,0,0,2,Weekday morning
0.8062157221206581,1,0,1,11,0,0,0,0,0,0,0,0,1,2,Weekday morning
0.8062157221206581,1,0,2,16,0,0,0,0,1,0,0,0,0,0,Weekday evening
0.8062157221206581,1,0,2,16,0,0,0,0,1,0,0,0,0,0,Weekday evening
0.8062157221206581,1,0,2,16,0,0,0,1,0,0,0,0,0,0,Weekday evening
0.8062157221206581,1,0,2,16,0,0,0,1,0,0,0,0,0,0,Weekday evening
0.5822669104204753,2,0,2,13,0,0,1,0,0,0,0,0,0,2,Weekday morning
0.8062157221206581,2,0,2,16,0,0,0,0,0,0,0,0,1,0,Weekday evening
0.8062157221206581,2,0,2,17,0,0,0,1,0,0,0,0,0,0,Weekday evening
0.8062157221206581,2,0,2,17,0,0,0,0,0,0,0,1,0,0,Weekday evening
0.3583180987202925,3,0,1,11,0,0,0,0,0,1,0,0,0,2,Weekday morning
0.8062157221206581,3,0,2,12,0,0,0,0,0,0,0,0,1,0,Weekday evening
0.8062157221206581,3,0,2,12,0,0,0,0,1,0,0,0,0,0,Weekday evening
0.8062157221206581,3,0,2,13,0,0,0,0,1,0,0,0,0,0,Weekday evening
0.8062157221206581,3,0,2,16,0,0,0,0,0,0,0,0,1,0,Weekday evening
0.5822669104204753,3,0,2,17,0,0,1,0,0,0,0,0,0,0,Weekday evening
0.3583180987202925,3,0,2,17,0,0,0,0,0,1,0,0,0,0,Weekday evening
0.8062157221206581,3,0,3,19,0,0,0,0,0,0,0,1,0,0,Weekday evening
0.8062157221206581,4,0,1,7,0,0,0,0,0,0,0,0,1,2,Weekday morning
0.8062157221206581,4,0,1,10,0,0,0,1,0,0,0,0,0,2,Weekday morning
0.8062157221206581,4,0,1,11,0,0,0,0,0,0,0,0,1,2,Weekday morning
0.8062157221206581,4,0,1,11,0,0,0,0,1,0,0,0,0,2,Weekday morning
0.8062157221206581,4,0,2,16,0,0,0,0,0,0,0,1,0,0,Weekday evening
0.8062157221206581,4,0,2,16,0,0,0,0,0,0,0,0,1,0,Weekday evening
0.3583180987202925,5,1,1,9,0,0,0,0,0,1,0,0,0,1,Weekend
0.3583180987202925,5,1,1,9,0,0,0,0,0,1,0,0,0,1,Weekend
0.8062157221206581,5,1,1,10,0,0,0,0,0,0,0,0,1,1,Weekend
0.8062157221206581,5,1,1,11,0,0,0,1,0,0,0,0,0,1,Weekend
0.3583180987202925,5,1,1,11,0,1,0,0,0,0,0,0,0,1,Weekend
0.3583180987202925,5,1,1,11,0,1,0,0,0,0,0,0,0,1,Weekend
0.8062157221206581,5,1,1,11,0,0,0,0,0,0,0,1,0,1,Weekend
0.8062157221206581,5,1,3,22,0,0,0,0,0,0,0,0,1,1,Weekend
0.8062157221206581,6,1,1,8,0,0,0,0,0,0,0,0,1,1,Weekend
0.8062157221206581,0,0,1,7,0,0,0,1,0,0,0,0,0,2,Weekday morning
0.8062157221206581,0,0,1,7,0,0,0,0,0,0,0,0,1,2,Weekday morning
0.5822669104204753,0,0,1,9,0,0,1,0,0,0,0,0,0,2,Weekday morning
0.3583180987202925,0,0,1,10,0,0,0,0,0,1,0,0,0,2,Weekday morning
0.8062157221206581,0,0,2,12,0,0,0,0,0,0,0,0,1,0,Weekday evening
0.8062157221206581,0,0,2,12,0,0,0,0,0,0,0,0,1,0,Weekday evening
0.8062157221206581,0,0,2,16,0,0,0,0,0,0,0,1,0,0,Weekday evening
0.5822669104204753,0,0,3,19,0,0,1,0,0,0,0,0,0,0,Weekday evening
0.8062157221206581,0,0,3,19,0,0,0,0,0,0,0,1,0,0,Weekday evening
0.8062157221206581,0,0,3,21,0,0,0,0,0,0,0,1,0,0,Weekday evening
0.8062157221206581,0,0,3,21,0,0,0,1,0,0,0,0,0,0,Weekday evening
0.8062157221206581,1,0,1,7,0,0,0,0,0,0,0,0,1,2,Weekday morning
0.8062157221206581,1,0,1,11,0,0,0,0,1,0,0,0,0,2,Weekday morning
0.3583180987202925,1,0,1,11,0,1,0,0,0,0,0,0,0,2,Weekday morning
0.8062157221206581,1,0,1,11,0,0,0,0,1,0,0,0,0,2,Weekday morning
0.8062157221206581,1,0,1,11,0,0,0,0,1,0,0,0,0,2,Weekday morning
0.8062157221206581,1,0,2,16,0,0,0,0,0,0,0,0,1,0,Weekday evening
0.8062157221206581,1,0,2,16,0,0,0,0,0,0,0,0,1,0,Weekday evening
0.3583180987202925,1,0,2,17,0,1,0,0,0,0,0,0,0,0,Weekday evening
0.5822669104204753,1,0,2,17,0,0,1,0,0,0,0,0,0,0,Weekday evening
0.8062157221206581,1,0,3,19,0,0,0,0,1,0,0,0,0,0,Weekday evening
0.8062157221206581,3,0,1,8,0,0,0,1,0,0,0,0,0,2,Weekday morning
0.5822669104204753,3,0,1,9,0,0,1,0,0,0,0,0,0,2,Weekday morning
0.5822669104204753,3,0,3,20,0,0,1,0,0,0,0,0,0,0,Weekday evening
0.8062157221206581,3,0,3,20,0,0,0,0,0,0,0,0,1,0,Weekday evening
0.8062157221206581,3,0,3,20,0,0,0,0,0,0,0,0,1,0,Weekday evening
0.8062157221206581,3,0,3,22,0,0,0,1,0,0,0,0,0,0,Weekday evening
0.8062157221206581,4,0,1,7,0,0,0,0,1,0,0,0,0,2,Weekday morning
0.8062157221206581,4,0,1,7,0,0,0,0,0,0,0,0,1,2,Weekday morning
0.5822669104204753,4,0,1,9,0,0,1,0,0,0,0,0,0,2,Weekday morning
0.5822669104204753,4,0,1,9,0,0,1,0,0,0,0,0,0,2,Weekday morning
0.5822669104204753,4,0,2,15,0,0,1,0,0,0,0,0,0,0,Weekday evening
0.8062157221206581,4,0,2,15,0,0,0,0,0,0,0,0,1,0,Weekday evening
0.8062157221206581,4,0,3,20,0,0,0,0,1,0,0,0,0,0,Weekday evening
0.8062157221206581,5,1,2,12,0,0,0,0,1,0,0,0,0,1,Weekend
0.3583180987202925,5,1,2,14,0,1,0,0,0,0,0,0,0,1,Weekend
0.8062157221206581,5,1,2,14,0,0,0,0,0,0,0,1,0,1,Weekend
0.8062157221206581,5,1,2,14,0,0,0,0,1,0,0,0,0,1,Weekend
0.5822669104204753,5,1,2,15,0,0,1,0,0,0,0,0,0,1,Weekend
0.5822669104204753,5,1,3,22,0,0,1,0,0,0,0,0,0,1,Weekend
0.5822669104204753,6,1,1,10,0,0,1,0,0,0,0,0,0,1,Weekend
0.5822669104204753,6,1,1,10,0,0,1,0,0,0,0,0,0,1,Weekend
0.5822669104204753,6,1,1,10,0,0,1,0,0,0,0,0,0,1,Weekend
0.5822669104204753,6,1,2,14,0,0,1,0,0,0,0,0,0,1,Weekend
0.8062157221206581,6,1,2,15,0,0,0,0,1,0,0,0,0,1,Weekend
0.8062157221206581,6,1,2,15,0,0,0,0,1,0,0,0,0,1,Weekend
0.8062157221206581,6,1,2,15,0,0,0,1,0,0,0,0,0,1,Weekend
0.8062157221206581,6,1,2,15,0,0,0,0,0,0,0,0,1,1,Weekend
0.8062157221206581,6,1,2,15,0,0,0,0,0,0,0,0,1,1,Weekend
0.8062157221206581,6,1,2,16,0,0,0,0,0,0,0,0,1,1,Weekend
0.8062157221206581,6,1,2,16,0,0,0,0,0,0,0,0,1,1,Weekend
0.5822669104204753,6,1,2,17,0,0,1,0,0,0,0,0,0,1,Weekend
0.5822669104204753,6,1,2,17,0,0,1,0,0,0,0,0,0,1,Weekend
0.5822669104204753,6,1,3,18,0,0,1,0,0,0,0,0,0,1,Weekend
0.8062157221206581,0,0,1,7,0,0,0,0,0,0,0,0,1,2,Weekday morning
0.3583180987202925,0,0,1,7,0,1,0,0,0,0,0,0,0,2,Weekday morning
0.5822669104204753,0,0,1,8,0,0,1,0,0,0,0,0,0,2,Weekday morning
0.8062157221206581,0,0,1,8,0,0,0,0,1,0,0,0,0,2,Weekday morning
0.3583180987202925,0,0,1,11,0,0,0,0,0,1,0,0,0,2,Weekday morning
0.1343692870201095,0,0,2,15,0,0,0,0,0,0,1,0,0,2,Weekday morning
0.8062157221206581,0,0,2,16,0,0,0,1,0,0,0,0,0,0,Weekday evening
0.3583180987202925,0,0,2,17,0,1,0,0,0,0,0,0,0,0,Weekday evening
0.8062157221206581,0,0,3,18,0,0,0,1,0,0,0,0,0,0,Weekday evening
0.8062157221206581,1,0,1,8,0,0,0,0,0,0,0,0,1,2,Weekday morning
0.5822669104204753,1,0,1,9,0,0,1,0,0,0,0,0,0,2,Weekday morning
0.5822669104204753,1,0,1,9,0,0,1,0,0,0,0,0,0,2,Weekday morning
0.3583180987202925,1,0,1,11,0,1,0,0,0,0,0,0,0,2,Weekday morning
0.5822669104204753,1,0,1,11,0,0,1,0,0,0,0,0,0,2,Weekday morning
0.5822669104204753,1,0,1,11,0,0,1,0,0,0,0,0,0,2,Weekday morning
0.5822669104204753,1,0,1,11,0,0,1,0,0,0,0,0,0,2,Weekday morning
0.8062157221206581,1,0,3,20,0,0,0,0,1,0,0,0,0,0,Weekday evening
0.8062157221206581,1,0,3,21,0,0,0,0,0,0,0,0,1,0,Weekday evening
0.8062157221206581,1,0,3,21,0,0,0,1,0,0,0,0,0,0,Weekday evening
0.8062157221206581,1,0,3,21,0,0,0,0,0,0,0,1,0,0,Weekday evening
0.5822669104204753,1,0,3,22,0,0,1,0,0,0,0,0,0,0,Weekday evening
0.8062157221206581,1,0,3,22,0,0,0,1,0,0,0,0,0,0,Weekday evening
0.3583180987202925,2,0,1,8,0,0,0,0,0,1,0,0,0,2,Weekday morning
0.8062157221206581,2,0,1,8,0,0,0,0,0,0,0,0,1,2,Weekday morning
0.8062157221206581,2,0,1,8,0,0,0,0,0,0,0,0,1,2,Weekday morning
0.3583180987202925,2,0,1,9,0,1,0,0,0,0,0,0,0,2,Weekday morning
0.5822669104204753,2,0,1,10,0,0,1,0,0,0,0,0,0,2,Weekday morning
0.5822669104204753,2,0,1,10,0,0,1,0,0,0,0,0,0,2,Weekday morning
0.5822669104204753,2,0,1,10,0,0,1,0,0,0,0,0,0,2,Weekday morning
0.8062157221206581,2,0,1,10,0,0,0,0,0,0,0,1,0,2,Weekday morning
0.5822669104204753,2,0,1,11,0,0,1,0,0,0,0,0,0,2,Weekday morning
0.8062157221206581,2,0,2,14,0,0,0,0,0,0,0,1,0,0,Weekday evening
0.3583180987202925,3,0,1,8,0,1,0,0,0,0,0,0,0,2,Weekday morning
0.3583180987202925,3,0,1,9,0,0,0,0,0,1,0,0,0,2,Weekday morning
0.5822669104204753,3,0,1,10,0,0,1,0,0,0,0,0,0,2,Weekday morning
0.5822669104204753,3,0,1,10,0,0,1,0,0,0,0,0,0,2,Weekday morning
0.8062157221206581,3,0,1,11,0,0,0,0,0,0,0,0,1,2,Weekday morning
0.3583180987202925,3,0,1,11,0,1,0,0,0,0,0,0,0,2,Weekday morning
0.8062157221206581,3,0,2,14,0,0,0,1,0,0,0,0,0,0,Weekday evening
0.8062157221206581,3,0,2,15,0,0,0,0,0,0,0,0,1,0,Weekday evening
0.8062157221206581,3,0,2,16,0,0,0,0,0,0,0,0,1,0,Weekday evening
0.8062157221206581,4,0,1,11,0,0,0,0,0,0,0,0,1,2,Weekday morning
0.8062157221206581,4,0,2,16,0,0,0,0,0,0,0,1,0,0,Weekday evening
0.8062157221206581,4,0,3,22,0,0,0,0,0,0,0,0,1,0,Weekday evening
0.8062157221206581,4,0,3,22,0,0,0,0,0,0,0,1,0,0,Weekday evening
0.5822669104204753,5,1,1,11,0,0,1,0,0,0,0,0,0,1,Weekend
0.3583180987202925,5,1,2,14,0,1,0,0,0,0,0,0,0,1,Weekend
0.8062157221206581,5,1,2,15,0,0,0,0,0,0,0,0,1,1,Weekend
0.8062157221206581,5,1,3,19,0,0,0,1,0,0,0,0,0,1,Weekend
0.5822669104204753,5,1,3,22,0,0,1,0,0,0,0,0,0,1,Weekend
0.3583180987202925,5,1,3,22,0,1,0,0,0,0,0,0,0,1,Weekend
0.3583180987202925,6,1,1,8,0,0,0,0,0,1,0,0,0,1,Weekend
0.8062157221206581,6,1,1,10,0,0,0,0,0,0,0,0,1,1,Weekend
0.8062157221206581,6,1,1,10,0,0,0,1,0,0,0,0,0,1,Weekend
0.3583180987202925,6,1,2,12,0,0,0,0,0,1,0,0,0,1,Weekend
0.5822669104204753,6,1,2,13,0,0,1,0,0,0,0,0,0,1,Weekend
0.5822669104204753,6,1,2,13,0,0,1,0,0,0,0,0,0,1,Weekend
0.8062157221206581,6,1,2,17,0,0,0,1,0,0,0,0,0,1,Weekend
0.1343692870201095,6,1,3,18,0,0,0,0,0,0,1,0,0,1,Weekend
0.8062157221206581,6,1,3,20,0,0,0,1,0,0,0,0,0,1,Weekend
0.5822669104204753,6,1,3,21,0,0,1,0,0,0,0,0,0,1,Weekend
0.5822669104204753,6,1,3,21,0,0,1,0,0,0,0,0,0,1,Weekend
0.8062157221206581,0,0,1,8,0,0,0,1,0,0,0,0,0,2,Weekday morning
0.3583180987202925,0,0,1,9,0,1,0,0,0,0,0,0,0,2,Weekday morning
0.5822669104204753,0,0,1,9,0,0,1,0,0,0,0,0,0,2,Weekday morning
0.3583180987202925,0,0,2,13,0,0,0,0,0,1,0,0,0,2,Weekday morning
0.8062157221206581,0,0,3,21,0,0,0,0,1,0,0,0,0,0,Weekday evening
0.3583180987202925,1,0,2,12,0,0,0,0,0,1,0,0,0,2,Weekday morning
0.8062157221206581,1,0,3,18,0,0,0,0,0,0,0,1,0,0,Weekday evening
0.8062157221206581,2,0,1,7,0,0,0,0,0,0,0,0,1,2,Weekday morning
0.3583180987202925,2,0,1,10,0,0,0,0,0,1,0,0,0,2,Weekday morning
0.8062157221206581,2,0,2,12,0,0,0,0,0,0,0,1,0,0,Weekday evening
0.1343692870201095,2,0,2,12,0,0,0,0,0,0,1,0,0,2,Weekday morning
0.8062157221206581,2,0,2,17,0,0,0,0,1,0,0,0,0,0,Weekday evening
0.8062157221206581,2,0,3,21,0,0,0,0,0,0,0,0,1,0,Weekday evening
0.8062157221206581,2,0,3,21,0,0,0,0,0,0,0,0,1,0,Weekday evening
0.5822669104204753,3,0,1,7,0,0,1,0,0,0,0,0,0,2,Weekday morning
0.3583180987202925,3,0,2,12,0,1,0,0,0,0,0,0,0,2,Weekday morning
0.1343692870201095,3,0,2,16,0,0,0,0,0,0,1,0,0,2,Weekday morning
0.1343692870201095,3,0,2,16,0,0,0,0,0,0,1,0,0,2,Weekday morning
0.3583180987202925,3,0,2,16,0,1,0,0,0,0,0,0,0,0,Weekday evening
0.8062157221206581,3,0,3,19,0,0,0,0,1,0,0,0,0,0,Weekday evening
0.8062157221206581,3,0,3,19,0,0,0,0,1,0,0,0,0,0,Weekday evening
0.3583180987202925,4,0,2,12,0,1,0,0,0,0,0,0,0,2,Weekday morning
0.3583180987202925,4,0,2,12,0,1,0,0,0,0,0,0,0,2,Weekday morning
0.8062157221206581,4,0,2,12,0,0,0,0,0,0,0,1,0,0,Weekday evening
0.8062157221206581,4,0,2,14,0,0,0,0,0,0,0,1,0,0,Weekday evening
0.8062157221206581,4,0,2,16,0,0,0,0,1,0,0,0,0,0,Weekday evening
0.8062157221206581,4,0,3,19,0,0,0,1,0,0,0,0,0,0,Weekday evening
0.8062157221206581,4,0,3,19,0,0,0,1,0,0,0,0,0,0,Weekday evening
0.8062157221206581,4,0,3,21,0,0,0,0,0,0,0,0,1,0,Weekday evening
0.5822669104204753,5,1,1,8,0,0,1,0,0,0,0,0,0,1,Weekend
0.8062157221206581,5,1,1,9,0,0,0,0,1,0,0,0,0,1,Weekend
0.8062157221206581,5,1,1,11,0,0,0,1,0,0,0,0,0,1,Weekend
0.3583180987202925,5,1,2,13,0,1,0,0,0,0,0,0,0,1,Weekend
0.8062157221206581,5,1,2,13,0,0,0,0,0,0,0,0,1,1,Weekend
0.8062157221206581,5,1,2,16,0,0,0,0,1,0,0,0,0,1,Weekend
0.3583180987202925,5,1,2,16,0,1,0,0,0,0,0,0,0,1,Weekend
0.3583180987202925,5,1,2,16,0,1,0,0,0,0,0,0,0,1,Weekend
0.3583180987202925,5,1,2,17,0,1,0,0,0,0,0,0,0,1,Weekend
0.3583180987202925,5,1,2,17,0,1,0,0,0,0,0,0,0,1,Weekend
0.5822669104204753,5,1,3,18,0,0,1,0,0,0,0,0,0,1,Weekend
0.8062157221206581,6,1,1,11,0,0,0,0,0,0,0,0,1,1,Weekend
0.8062157221206581,6,1,1,11,0,0,0,0,1,0,0,0,0,1,Weekend
0.8062157221206581,6,1,2,17,0,0,0,0,0,0,0,1,0,1,Weekend
0.8062157221206581,0,0,1,7,0,0,0,0,0,0,0,0,1,2,Weekday morning
0.8062157221206581,0,0,1,8,0,0,0,0,0,0,0,1,0,2,Weekday morning
0.8062157221206581,0,0,1,8,0,0,0,0,1,0,0,0,0,2,Weekday morning
0.5822669104204753,0,0,2,12,0,0,1,0,0,0,0,0,0,2,Weekday morning
0.8062157221206581,0,0,2,13,0,0,0,0,0,0,0,0,1,0,Weekday evening
0.8062157221206581,0,0,2,14,0,0,0,0,0,0,0,1,0,0,Weekday evening
0.8062157221206581,0,0,3,18,0,0,0,0,0,0,0,0,1,0,Weekday evening
0.5822669104204753,0,0,3,18,0,0,1,0,0,0,0,0,0,0,Weekday evening
0.3583180987202925,1,0,1,8,0,0,0,0,0,1,0,0,0,2,Weekday morning
0.8062157221206581,1,0,1,8,0,0,0,1,0,0,0,0,0,2,Weekday morning
0.5822669104204753,1,0,1,10,0,0,1,0,0,0,0,0,0,2,Weekday morning
0.3583180987202925,1,0,2,16,0,1,0,0,0,0,0,0,0,0,Weekday evening
0.8062157221206581,1,0,2,16,0,0,0,0,1,0,0,0,0,0,Weekday evening
0.8062157221206581,1,0,2,17,0,0,0,1,0,0,0,0,0,0,Weekday evening
0.8062157221206581,1,0,3,18,0,0,0,0,1,0,0,0,0,0,Weekday evening
0.8062157221206581,2,0,1,9,0,0,0,0,0,0,0,0,1,2,Weekday morning
0.5822669104204753,2,0,1,10,0,0,1,0,0,0,0,0,0,2,Weekday morning
0.8062157221206581,2,0,1,10,0,0,0,0,0,0,0,0,1,2,Weekday morning
0.8062157221206581,2,0,1,10,0,0,0,1,0,0,0,0,0,2,Weekday morning
0.8062157221206581,3,0,1,10,0,0,0,0,0,0,0,1,0,2,Weekday morning
0.5822669104204753,3,0,1,11,0,0,1,0,0,0,0,0,0,2,Weekday morning
0.1343692870201095,3,0,2,12,0,0,0,0,0,0,1,0,0,2,Weekday morning
0.8062157221206581,3,0,2,13,0,0,0,0,0,0,0,1,0,0,Weekday evening
0.8062157221206581,3,0,3,19,0,0,0,1,0,0,0,0,0,0,Weekday evening
0.8062157221206581,3,0,3,19,0,0,0,1,0,0,0,0,0,0,Weekday evening
0.5822669104204753,3,0,3,19,0,0,1,0,0,0,0,0,0,0,Weekday evening
0.8062157221206581,3,0,3,19,0,0,0,0,0,0,0,1,0,0,Weekday evening
0.8062157221206581,3,0,3,21,0,0,0,0,0,0,0,0,1,0,Weekday evening
0.8062157221206581,3,0,3,21,0,0,0,1,0,0,0,0,0,0,Weekday evening
0.3583180987202925,4,0,1,8,0,0,0,0,0,1,0,0,0,2,Weekday morning
0.5822669104204753,4,0,1,9,0,0,1,0,0,0,0,0,0,2,Weekday morning
0.8062157221206581,4,0,1,10,0,0,0,1,0,0,0,0,0,2,Weekday morning
0.3583180987202925,4,0,1,10,0,0,0,0,0,1,0,0,0,2,Weekday morning
0.1343692870201095,4,0,2,12,0,0,0,0,0,0,1,0,0,2,Weekday morning
0.5822669104204753,4,0,2,12,0,0,1,0,0,0,0,0,0,2,Weekday morning
0.3583180987202925,4,0,2,14,0,0,0,0,0,1,0,0,0,2,Weekday morning
0.8062157221206581,4,0,3,18,0,0,0,1,0,0,0,0,0,0,Weekday evening
0.8062157221206581,4,0,3,18,0,0,0,1,0,0,0,0,0,0,Weekday evening
0.8062157221206581,5,1,1,10,0,0,0,1,0,0,0,0,0,1,Weekend
0.8062157221206581,5,1,1,10,0,0,0,0,0,0,0,0,1,1,Weekend
0.3583180987202925,5,1,1,10,0,1,0,0,0,0,0,0,0,1,Weekend
0.8062157221206581,5,1,2,15,0,0,0,0,0,0,0,1,0,1,Weekend
0.8062157221206581,5,1,2,15,0,0,0,0,0,0,0,0,1,1,Weekend
0.5822669104204753,5,1,2,15,0,0,1,0,0,0,0,0,0,1,Weekend
0.8062157221206581,5,1,2,15,0,0,0,0,0,0,0,0,1,1,Weekend
0.8062157221206581,5,1,2,17,0,0,0,0,1,0,0,0,0,1,Weekend
0.8062157221206581,5,1,3,18,0,0,0,0,0,0,0,1,0,1,Weekend
0.3583180987202925,5,1,3,18,0,0,0,0,0,1,0,0,0,1,Weekend
0.5822669104204753,5,1,3,19,0,0,1,0,0,0,0,0,0,1,Weekend
0.3583180987202925,5,1,3,19,0,0,0,0,0,1,0,0,0,1,Weekend
0.3583180987202925,5,1,3,21,0,0,0,0,0,1,0,0,0,1,Weekend
0.8062157221206581,5,1,3,21,0,0,0,0,0,0,0,0,1,1,Weekend
0.3583180987202925,5,1,3,22,0,0,0,0,0,1,0,0,0,1,Weekend
0.8062157221206581,6,1,1,10,0,0,0,1,0,0,0,0,0,1,Weekend
0.8062157221206581,6,1,3,18,0,0,0,1,0,0,0,0,0,1,Weekend
0.8062157221206581,6,1,3,19,0,0,0,0,0,0,0,1,0,1,Weekend
0.8062157221206581,6,1,3,19,0,0,0,0,0,0,0,1,0,1,Weekend
0.8062157221206581,6,1,3,20,0,0,0,0,0,0,0,1,0,1,Weekend
0.8062157221206581,6,1,3,21,0,0,0,0,1,0,0,0,0,1,Weekend
0.3583180987202925,6,1,3,21,0,0,0,0,0,1,0,0,0,1,Weekend
0.3583180987202925,0,0,1,9,0,0,0,0,0,1,0,0,0,2,Weekday morning
0.5822669104204753,0,0,1,9,0,0,1,0,0,0,0,0,0,2,Weekday morning
0.5822669104204753,0,0,1,10,0,0,1,0,0,0,0,0,0,2,Weekday morning
0.8062157221206581,0,0,1,11,0,0,0,1,0,0,0,0,0,2,Weekday morning
0.8062157221206581,0,0,2,14,0,0,0,0,0,0,0,0,1,0,Weekday evening
0.5822669104204753,0,0,2,15,0,0,1,0,0,0,0,0,0,0,Weekday evening
0.8062157221206581,0,0,2,16,0,0,0,0,0,0,0,0,1,0,Weekday evening
0.3583180987202925,0,0,2,17,0,0,0,0,0,1,0,0,0,0,Weekday evening
0.8062157221206581,0,0,2,17,0,0,0,0,0,0,0,0,1,0,Weekday evening
0.3583180987202925,0,0,3,20,0,0,0,0,0,1,0,0,0,0,Weekday evening
0.5822669104204753,1,0,2,15,0,0,1,0,0,0,0,0,0,0,Weekday evening
0.8062157221206581,1,0,2,16,0,0,0,0,0,0,0,1,0,0,Weekday evening
0.3583180987202925,1,0,2,17,0,0,0,0,0,1,0,0,0,0,Weekday evening
0.8062157221206581,1,0,3,19,0,0,0,0,0,0,0,1,0,0,Weekday evening
0.8062157221206581,1,0,3,19,0,0,0,0,0,0,0,0,1,0,Weekday evening
0.1343692870201095,1,0,3,19,0,0,0,0,0,0,1,0,0,0,Weekday evening
0.8062157221206581,1,0,3,19,0,0,0,1,0,0,0,0,0,0,Weekday evening
0.8062157221206581,2,0,1,10,0,0,0,0,0,0,0,0,1,2,Weekday morning
0.8062157221206581,2,0,1,10,0,0,0,0,0,0,0,0,1,2,Weekday morning
0.5822669104204753,2,0,2,12,0,0,1,0,0,0,0,0,0,2,Weekday morning
0.3583180987202925,2,0,2,12,0,1,0,0,0,0,0,0,0,2,Weekday morning
0.5822669104204753,2,0,2,13,0,0,1,0,0,0,0,0,0,2,Weekday morning
0.3583180987202925,2,0,2,13,0,1,0,0,0,0,0,0,0,2,Weekday morning
0.8062157221206581,2,0,3,20,0,0,0,1,0,0,0,0,0,0,Weekday evening
0.8062157221206581,2,0,3,21,0,0,0,0,1,0,0,0,0,0,Weekday evening
0.8062157221206581,2,0,3,21,0,0,0,0,1,0,0,0,0,0,Weekday evening
0.8062157221206581,2,0,3,21,0,0,0,0,0,0,0,0,1,0,Weekday evening
0.8062157221206581,2,0,3,22,0,0,0,1,0,0,0,0,0,0,Weekday evening
0.5822669104204753,2,0,3,22,0,0,1,0,0,0,0,0,0,0,Weekday evening
0.8062157221206581,3,0,2,13,0,0,0,1,0,0,0,0,0,0,Weekday evening
0.1343692870201095,3,0,2,15,0,0,0,0,0,0,1,0,0,2,Weekday morning
0.3583180987202925,4,0,1,7,0,1,0,0,0,0,0,0,0,2,Weekday morning
0.3583180987202925,4,0,1,8,0,0,0,0,0,1,0,0,0,2,Weekday morning
0.3583180987202925,4,0,1,9,0,0,0,0,0,1,0,0,0,2,Weekday morning
0.5822669104204753,4,0,1,10,0,0,1,0,0,0,0,0,0,2,Weekday morning
0.8062157221206581,4,0,2,17,0,0,0,0,0,0,0,0,1,0,Weekday evening
0.3583180987202925,4,0,3,19,0,1,0,0,0,0,0,0,0,0,Weekday evening
0.5822669104204753,4,0,3,19,0,0,1,0,0,0,0,0,0,0,Weekday evening
0.8062157221206581,4,0,3,22,0,0,0,0,1,0,0,0,0,0,Weekday evening
0.3583180987202925,5,1,1,9,0,0,0,0,0,1,0,0,0,1,Weekend
0.3583180987202925,5,1,1,9,0,0,0,0,0,1,0,0,0,1,Weekend
0.5822669104204753,5,1,1,10,0,0,1,0,0,0,0,0,0,1,Weekend
0.8062157221206581,5,1,1,10,0,0,0,0,0,0,0,0,1,1,Weekend
0.8062157221206581,5,1,2,14,0,0,0,1,0,0,0,0,0,1,Weekend
0.8062157221206581,5,1,2,14,0,0,0,0,0,0,0,1,0,1,Weekend
0.8062157221206581,5,1,2,17,0,0,0,0,0,0,0,0,1,1,Weekend
0.8062157221206581,5,1,3,22,0,0,0,1,0,0,0,0,0,1,Weekend
0.3583180987202925,6,1,2,13,0,0,0,0,0,1,0,0,0,1,Weekend
0.1343692870201095,6,1,2,15,0,0,0,0,0,0,1,0,0,1,Weekend
0.3583180987202925,6,1,2,15,0,1,0,0,0,0,0,0,0,1,Weekend
0.3583180987202925,6,1,2,17,0,0,0,0,0,1,0,0,0,1,Weekend
0.1343692870201095,6,1,2,17,0,0,0,0,0,0,1,0,0,1,Weekend
0.3583180987202925,6,1,3,19,0,0,0,0,0,1,0,0,0,1,Weekend
0.8062157221206581,6,1,3,20,0,0,0,0,0,0,0,1,0,1,Weekend
0.8062157221206581,6,1,3,21,0,0,0,0,0,0,0,0,1,1,Weekend
0.3583180987202925,0,0,1,9,0,0,0,0,0,1,0,0,0,2,Weekday morning
0.5822669104204753,0,0,1,9,0,0,1,0,0,0,0,0,0,2,Weekday morning
0.8062157221206581,0,0,2,13,0,0,0,0,0,0,0,0,1,0,Weekday evening
0.8062157221206581,0,0,2,13,0,0,0,0,0,0,0,1,0,0,Weekday evening
0.8062157221206581,0,0,2,15,0,0,0,0,0,0,0,0,1,0,Weekday evening
0.5822669104204753,0,0,2,15,0,0,1,0,0,0,0,0,0,0,Weekday evening
0.5822669104204753,0,0,2,16,0,0,1,0,0,0,0,0,0,0,Weekday evening
0.3583180987202925,0,0,2,16,0,1,0,0,0,0,0,0,0,0,Weekday evening
0.8062157221206581,0,0,2,16,0,0,0,1,0,0,0,0,0,0,Weekday evening
0.3583180987202925,1,0,1,8,0,0,0,0,0,1,0,0,0,2,Weekday morning
0.8062157221206581,1,0,1,9,0,0,0,1,0,0,0,0,0,2,Weekday morning
0.3583180987202925,1,0,1,9,0,0,0,0,0,1,0,0,0,2,Weekday morning
0.8062157221206581,1,0,1,9,0,0,0,0,1,0,0,0,0,2,Weekday morning
0.5822669104204753,1,0,1,10,0,0,1,0,0,0,0,0,0,2,Weekday morning
0.5822669104204753,1,0,1,10,0,0,1,0,0,0,0,0,0,2,Weekday morning
0.8062157221206581,1,0,1,11,0,0,0,1,0,0,0,0,0,2,Weekday morning
0.5822669104204753,1,0,1,11,0,0,1,0,0,0,0,0,0,2,Weekday morning
0.1343692870201095,1,0,2,15,0,0,0,0,0,0,1,0,0,2,Weekday morning
0.3583180987202925,1,0,2,15,0,1,0,0,0,0,0,0,0,2,Weekday morning
0.8062157221206581,1,0,2,16,0,0,0,1,0,0,0,0,0,0,Weekday evening
0.8062157221206581,1,0,2,17,0,0,0,0,0,0,0,0,1,0,Weekday evening
0.5822669104204753,1,0,2,17,0,0,1,0,0,0,0,0,0,0,Weekday evening
0.8062157221206581,1,0,2,17,0,0,0,1,0,0,0,0,0,0,Weekday evening
0.8062157221206581,1,0,3,19,0,0,0,0,0,0,0,0,1,0,Weekday evening
0.8062157221206581,1,0,3,19,0,0,0,0,0,0,0,1,0,0,Weekday evening
0.5822669104204753,3,0,1,9,0,0,1,0,0,0,0,0,0,2,Weekday morning
0.8062157221206581,3,0,2,13,0,0,0,0,1,0,0,0,0,0,Weekday evening
0.8062157221206581,3,0,2,13,0,0,0,0,1,0,0,0,0,0,Weekday evening
0.3583180987202925,3,0,2,14,0,0,0,0,0,1,0,0,0,2,Weekday morning
0.3583180987202925,3,0,2,14,0,0,0,0,0,1,0,0,0,2,Weekday morning
0.3583180987202925,3,0,2,16,0,1,0,0,0,0,0,0,0,0,Weekday evening
0.8062157221206581,3,0,2,16,0,0,0,0,0,0,0,1,0,0,Weekday evening
0.5822669104204753,3,0,2,16,0,0,1,0,0,0,0,0,0,0,Weekday evening
0.8062157221206581,3,0,2,17,0,0,0,1,0,0,0,0,0,0,Weekday evening
0.3583180987202925,4,0,1,9,0,0,0,0,0,1,0,0,0,2,Weekday morning
0.5822669104204753,4,0,1,10,0,0,1,0,0,0,0,0,0,2,Weekday morning
0.5822669104204753,4,0,2,16,0,0,1,0,0,0,0,0,0,0,Weekday evening
0.8062157221206581,4,0,3,22,0,0,0,1,0,0,0,0,0,0,Weekday evening
0.3583180987202925,4,0,3,22,0,1,0,0,0,0,0,0,0,0,Weekday evening
0.3583180987202925,4,0,3,22,0,1,0,0,0,0,0,0,0,0,Weekday evening
0.8062157221206581,4,0,3,22,0,0,0,0,0,0,0,0,1,0,Weekday evening
0.3583180987202925,5,1,1,8,0,0,0,0,0,1,0,0,0,1,Weekend
0.3583180987202925,5,1,1,9,0,1,0,0,0,0,0,0,0,1,Weekend
0.8062157221206581,5,1,2,13,0,0,0,1,0,0,0,0,0,1,Weekend
0.8062157221206581,5,1,2,15,0,0,0,0,1,0,0,0,0,1,Weekend
0.5822669104204753,5,1,2,16,0,0,1,0,0,0,0,0,0,1,Weekend
0.8062157221206581,5,1,2,16,0,0,0,1,0,0,0,0,0,1,Weekend
0.8062157221206581,5,1,2,16,0,0,0,1,0,0,0,0,0,1,Weekend
0.3583180987202925,5,1,2,16,0,0,0,0,0,1,0,0,0,1,Weekend
0.3583180987202925,5,1,3,18,0,1,0,0,0,0,0,0,0,1,Weekend
0.8062157221206581,5,1,3,22,0,0,0,0,0,0,0,0,1,1,Weekend
0.5822669104204753,6,1,1,9,0,0,1,0,0,0,0,0,0,1,Weekend
0.8062157221206581,6,1,1,10,0,0,0,0,0,0,0,0,1,1,Weekend
0.5822669104204753,6,1,3,22,0,0,1,0,0,0,0,0,0,1,Weekend
0.3583180987202925,0,0,3,19,0,1,0,0,0,0,0,0,0,0,Weekday evening
0.8062157221206581,1,0,2,13,0,0,0,1,0,0,0,0,0,0,Weekday evening
0.8062157221206581,1,0,3,22,0,0,0,0,1,0,0,0,0,0,Weekday evening
0.8062157221206581,1,0,3,22,0,0,0,0,1,0,0,0,0,0,Weekday evening
0.5822669104204753,2,0,1,7,0,0,1,0,0,0,0,0,0,2,Weekday morning
0.8062157221206581,2,0,1,9,0,0,0,0,0,0,0,0,1,2,Weekday morning
0.3583180987202925,2,0,1,10,0,0,0,0,0,1,0,0,0,2,Weekday morning
0.8062157221206581,2,0,2,17,0,0,0,1,0,0,0,0,0,0,Weekday evening
0.3583180987202925,3,0,1,8,0,1,0,0,0,0,0,0,0,2,Weekday morning
0.8062157221206581,3,0,1,8,0,0,0,0,0,0,0,0,1,2,Weekday morning
0.5822669104204753,3,0,1,9,0,0,1,0,0,0,0,0,0,2,Weekday morning
0.1343692870201095,3,0,2,14,0,0,0,0,0,0,1,0,0,2,Weekday morning
0.8062157221206581,3,0,2,15,0,0,0,0,0,0,0,0,1,0,Weekday evening
0.5822669104204753,3,0,2,15,0,0,1,0,0,0,0,0,0,0,Weekday evening
0.3583180987202925,3,0,2,15,0,0,0,0,0,1,0,0,0,2,Weekday morning
0.5822669104204753,3,0,3,20,0,0,1,0,0,0,0,0,0,0,Weekday evening
0.8062157221206581,3,0,3,22,0,0,0,0,0,0,0,0,1,0,Weekday evening
0.5822669104204753,4,0,1,8,0,0,1,0,0,0,0,0,0,2,Weekday morning
0.5822669104204753,4,0,1,9,0,0,1,0,0,0,0,0,0,2,Weekday morning
0.8062157221206581,4,0,2,17,0,0,0,1,0,0,0,0,0,0,Weekday evening
0.8062157221206581,4,0,2,17,0,0,0,0,0,0,0,1,0,0,Weekday evening
0.5822669104204753,4,0,2,17,0,0,1,0,0,0,0,0,0,0,Weekday evening
0.5822669104204753,5,1,1,7,0,0,1,0,0,0,0,0,0,1,Weekend
0.8062157221206581,5,1,1,10,0,0,0,0,0,0,0,1,0,1,Weekend
0.3583180987202925,5,1,1,11,0,1,0,0,0,0,0,0,0,1,Weekend
0.8062157221206581,5,1,1,11,0,0,0,0,0,0,0,0,1,1,Weekend
0.8062157221206581,5,1,1,11,0,0,0,0,0,0,0,0,1,1,Weekend
0.8062157221206581,5,1,2,12,0,0,0,0,0,0,0,0,1,1,Weekend
0.8062157221206581,5,1,2,12,0,0,0,0,0,0,0,0,1,1,Weekend
0.5822669104204753,5,1,2,14,0,0,1,0,0,0,0,0,0,1,Weekend
0.5822669104204753,5,1,2,14,0,0,1,0,0,0,0,0,0,1,Weekend
0.8062157221206581,5,1,2,14,0,0,0,1,0,0,0,0,0,1,Weekend
0.8062157221206581,5,1,2,14,0,0,0,0,0,0,0,0,1,1,Weekend
0.3583180987202925,5,1,2,17,0,0,0,0,0,1,0,0,0,1,Weekend
0.8062157221206581,5,1,2,17,0,0,0,0,0,0,0,0,1,1,Weekend
0.3583180987202925,5,1,2,17,0,0,0,0,0,1,0,0,0,1,Weekend
0.5822669104204753,5,1,3,18,0,0,1,0,0,0,0,0,0,1,Weekend
0.5822669104204753,6,1,1,11,0,0,1,0,0,0,0,0,0,1,Weekend
0.3583180987202925,6,1,1,11,0,1,0,0,0,0,0,0,0,1,Weekend
0.5822669104204753,6,1,1,11,0,0,1,0,0,0,0,0,0,1,Weekend
0.8062157221206581,6,1,2,16,0,0,0,0,0,0,0,1,0,1,Weekend
0.5822669104204753,6,1,3,20,0,0,1,0,0,0,0,0,0,1,Weekend
0.5822669104204753,0,0,1,8,0,0,1,0,0,0,0,0,0,2,Weekday morning
0.5822669104204753,0,0,1,9,0,0,1,0,0,0,0,0,0,2,Weekday morning
0.3583180987202925,0,0,2,13,0,0,0,0,0,1,0,0,0,2,Weekday morning
0.8062157221206581,0,0,2,13,0,0,0,0,0,0,0,0,1,0,Weekday evening
0.8062157221206581,0,0,2,14,0,0,0,0,0,0,0,0,1,0,Weekday evening
0.8062157221206581,0,0,2,14,0,0,0,1,0,0,0,0,0,0,Weekday evening
0.8062157221206581,0,0,2,16,0,0,0,0,0,0,0,0,1,0,Weekday evening
0.1343692870201095,0,0,3,20,0,0,0,0,0,0,1,0,0,0,Weekday evening
0.8062157221206581,1,0,1,7,0,0,0,0,0,0,0,0,1,2,Weekday morning
0.3583180987202925,1,0,1,9,0,0,0,0,0,1,0,0,0,2,Weekday morning
0.5822669104204753,1,0,1,10,0,0,1,0,0,0,0,0,0,2,Weekday morning
0.8062157221206581,1,0,2,12,0,0,0,0,0,0,0,0,1,0,Weekday evening
0.5822669104204753,1,0,2,16,0,0,1,0,0,0,0,0,0,0,Weekday evening
0.5822669104204753,1,0,2,16,0,0,1,0,0,0,0,0,0,0,Weekday evening
0.8062157221206581,1,0,3,19,0,0,0,1,0,0,0,0,0,0,Weekday evening
0.8062157221206581,1,0,3,21,0,0,0,0,0,0,0,0,1,0,Weekday evening
0.5822669104204753,2,0,1,9,0,0,1,0,0,0,0,0,0,2,Weekday morning
0.3583180987202925,2,0,1,11,0,1,0,0,0,0,0,0,0,2,Weekday morning
0.8062157221206581,2,0,2,13,0,0,0,1,0,0,0,0,0,0,Weekday evening
0.8062157221206581,2,0,2,15,0,0,0,0,0,0,0,0,1,0,Weekday evening
0.8062157221206581,2,0,2,15,0,0,0,1,0,0,0,0,0,0,Weekday evening
0.8062157221206581,2,0,2,15,0,0,0,0,0,0,0,0,1,0,Weekday evening
0.8062157221206581,2,0,2,16,0,0,0,0,0,0,0,0,1,0,Weekday evening
0.8062157221206581,2,0,3,18,0,0,0,0,0,0,0,0,1,0,Weekday evening
0.8062157221206581,2,0,3,19,0,0,0,0,0,0,0,0,1,0,Weekday evening
0.8062157221206581,2,0,3,21,0,0,0,1,0,0,0,0,0,0,Weekday evening
0.8062157221206581,3,0,1,9,0,0,0,0,0,0,0,0,1,2,Weekday morning
0.5822669104204753,3,0,1,9,0,0,1,0,0,0,0,0,0,2,Weekday morning
0.5822669104204753,3,0,1,10,0,0,1,0,0,0,0,0,0,2,Weekday morning
0.3583180987202925,3,0,2,12,0,0,0,0,0,1,0,0,0,2,Weekday morning
0.8062157221206581,3,0,2,15,0,0,0,0,0,0,0,0,1,0,Weekday evening
0.8062157221206581,3,0,2,16,0,0,0,0,0,0,0,0,1,0,Weekday evening
0.8062157221206581,3,0,3,18,0,0,0,1,0,0,0,0,0,0,Weekday evening
0.8062157221206581,3,0,3,21,0,0,0,0,0,0,0,1,0,0,Weekday evening
0.8062157221206581,3,0,3,21,0,0,0,0,0,0,0,1,0,0,Weekday evening
0.3583180987202925,3,0,3,21,0,0,0,0,0,1,0,0,0,0,Weekday evening
0.8062157221206581,4,0,1,7,0,0,0,0,1,0,0,0,0,2,Weekday morning
0.8062157221206581,4,0,1,8,0,0,0,0,0,0,0,0,1,2,Weekday morning
0.8062157221206581,4,0,1,8,0,0,0,1,0,0,0,0,0,2,Weekday morning
0.5822669104204753,4,0,1,8,0,0,1,0,0,0,0,0,0,2,Weekday morning
0.5822669104204753,4,0,1,9,0,0,1,0,0,0,0,0,0,2,Weekday morning
0.8062157221206581,4,0,2,14,0,0,0,0,1,0,0,0,0,0,Weekday evening
0.8062157221206581,4,0,2,14,0,0,0,0,1,0,0,0,0,0,Weekday evening
0.8062157221206581,4,0,2,17,0,0,0,0,0,0,0,1,0,0,Weekday evening
0.8062157221206581,4,0,3,21,0,0,0,0,0,0,0,1,0,0,Weekday evening
0.5822669104204753,5,1,1,10,0,0,1,0,0,0,0,0,0,1,Weekend
0.8062157221206581,5,1,2,16,0,0,0,0,0,0,0,1,0,1,Weekend
0.8062157221206581,5,1,2,16,0,0,0,0,0,0,0,0,1,1,Weekend
0.8062157221206581,5,1,2,16,0,0,0,0,0,0,0,1,0,1,Weekend
0.5822669104204753,0,0,1,8,0,0,1,0,0,0,0,0,0,2,Weekday morning
0.5822669104204753,0,0,1,10,0,0,1,0,0,0,0,0,0,2,Weekday morning
0.3583180987202925,0,0,1,11,0,0,0,0,0,1,0,0,0,2,Weekday morning
0.3583180987202925,0,0,2,12,0,1,0,0,0,0,0,0,0,2,Weekday morning
0.3583180987202925,0,0,2,12,0,0,0,0,0,1,0,0,0,2,Weekday morning
0.5822669104204753,0,0,2,13,0,0,1,0,0,0,0,0,0,2,Weekday morning
0.8062157221206581,0,0,3,20,0,0,0,0,0,0,0,1,0,0,Weekday evening
0.8062157221206581,0,0,3,20,0,0,0,1,0,0,0,0,0,0,Weekday evening
0.8062157221206581,0,0,3,20,0,0,0,1,0,0,0,0,0,0,Weekday evening
0.8062157221206581,0,0,3,21,0,0,0,0,0,0,0,0,1,0,Weekday evening
0.8062157221206581,1,0,1,8,0,0,0,0,1,0,0,0,0,2,Weekday morning
0.3583180987202925,1,0,1,8,0,0,0,0,0,1,0,0,0,2,Weekday morning
0.5822669104204753,1,0,1,8,0,0,1,0,0,0,0,0,0,2,Weekday morning
0.3583180987202925,1,0,2,15,0,1,0,0,0,0,0,0,0,2,Weekday morning
0.8062157221206581,1,0,3,18,0,0,0,0,0,0,0,1,0,0,Weekday evening
0.8062157221206581,1,0,3,18,0,0,0,0,0,0,0,0,1,0,Weekday evening
0.8062157221206581,1,0,3,18,0,0,0,0,0,0,0,0,1,0,Weekday evening
0.3583180987202925,1,0,3,19,0,1,0,0,0,0,0,0,0,0,Weekday evening
0.1343692870201095,2,0,1,11,0,0,0,0,0,0,1,0,0,2,Weekday morning
0.5822669104204753,2,0,2,17,0,0,1,0,0,0,0,0,0,0,Weekday evening
0.8062157221206581,2,0,3,18,0,0,0,0,1,0,0,0,0,0,Weekday evening
0.5822669104204753,2,0,3,19,0,0,1,0,0,0,0,0,0,0,Weekday evening
0.8062157221206581,2,0,3,19,0,0,0,1,0,0,0,0,0,0,Weekday evening
0.8062157221206581,2,0,3,19,0,0,0,0,0,0,0,0,1,0,Weekday evening
0.5822669104204753,2,0,3,20,0,0,1,0,0,0,0,0,0,0,Weekday evening
0.8062157221206581,4,0,2,13,0,0,0,1,0,0,0,0,0,0,Weekday evening
0.3583180987202925,4,0,2,13,0,0,0,0,0,1,0,0,0,2,Weekday morning
0.8062157221206581,4,0,2,15,0,0,0,0,1,0,0,0,0,0,Weekday evening
0.3583180987202925,4,0,2,17,0,1,0,0,0,0,0,0,0,0,Weekday evening
0.8062157221206581,4,0,3,21,0,0,0,0,1,0,0,0,0,0,Weekday evening
0.8062157221206581,4,0,3,22,0,0,0,0,0,0,0,1,0,0,Weekday evening
0.8062157221206581,4,0,3,22,0,0,0,0,0,0,0,0,1,0,Weekday evening
0.8062157221206581,5,1,2,13,0,0,0,1,0,0,0,0,0,1,Weekend
0.8062157221206581,5,1,2,14,0,0,0,1,0,0,0,0,0,1,Weekend
0.3583180987202925,5,1,2,14,0,1,0,0,0,0,0,0,0,1,Weekend
0.3583180987202925,6,1,2,12,0,1,0,0,0,0,0,0,0,1,Weekend
0.1343692870201095,6,1,2,12,0,0,0,0,0,0,1,0,0,1,Weekend
0.3583180987202925,0,0,1,8,0,0,0,0,0,1,0,0,0,2,Weekday morning
0.3583180987202925,0,0,1,8,0,1,0,0,0,0,0,0,0,2,Weekday morning
0.8062157221206581,0,0,2,12,0,0,0,1,0,0,0,0,0,0,Weekday evening
0.5822669104204753,0,0,2,13,0,0,1,0,0,0,0,0,0,2,Weekday morning
0.5822669104204753,0,0,2,15,0,0,1,0,0,0,0,0,0,0,Weekday evening
0.3583180987202925,0,0,2,15,0,0,0,0,0,1,0,0,0,2,Weekday morning
0.5822669104204753,0,0,2,15,0,0,1,0,0,0,0,0,0,0,Weekday evening
0.8062157221206581,0,0,3,18,0,0,0,0,0,0,0,0,1,0,Weekday evening
0.8062157221206581,0,0,3,19,0,0,0,0,0,0,0,0,1,0,Weekday evening
0.8062157221206581,0,0,3,19,0,0,0,0,0,0,0,0,1,0,Weekday evening
0.8062157221206581,1,0,1,8,0,0,0,0,0,0,0,0,1,2,Weekday morning
0.3583180987202925,1,0,1,9,0,1,0,0,0,0,0,0,0,2,Weekday morning
0.5822669104204753,1,0,1,11,0,0,1,0,0,0,0,0,0,2,Weekday morning
0.3583180987202925,1,0,2,12,0,1,0,0,0,0,0,0,0,2,Weekday morning
0.8062157221206581,1,0,2,16,0,0,0,0,1,0,0,0,0,0,Weekday evening
0.3583180987202925,1,0,2,16,0,0,0,0,0,1,0,0,0,0,Weekday evening
0.3583180987202925,1,0,2,17,0,1,0,0,0,0,0,0,0,0,Weekday evening
0.8062157221206581,1,0,3,20,0,0,0,0,0,0,0,0,1,0,Weekday evening
0.8062157221206581,1,0,3,20,0,0,0,1,0,0,0,0,0,0,Weekday evening
0.3583180987202925,2,0,1,9,0,1,0,0,0,0,0,0,0,2,Weekday morning
0.3583180987202925,2,0,2,16,0,1,0,0,0,0,0,0,0,0,Weekday evening
0.5822669104204753,2,0,3,19,0,0,1,0,0,0,0,0,0,0,Weekday evening
0.1343692870201095,2,0,3,19,0,0,0,0,0,0,1,0,0,0,Weekday evening
0.5822669104204753,3,0,1,9,0,0,1,0,0,0,0,0,0,2,Weekday morning
0.5822669104204753,3,0,1,10,0,0,1,0,0,0,0,0,0,2,Weekday morning
0.3583180987202925,3,0,1,11,0,0,0,0,0,1,0,0,0,2,Weekday morning
0.8062157221206581,3,0,2,12,0,0,0,0,0,0,0,1,0,0,Weekday evening
0.3583180987202925,3,0,2,13,0,1,0,0,0,0,0,0,0,2,Weekday morning
0.5822669104204753,3,0,2,14,0,0,1,0,0,0,0,0,0,0,Weekday evening
0.8062157221206581,3,0,2,17,0,0,0,0,0,0,0,1,0,0,Weekday evening
0.5822669104204753,3,0,3,18,0,0,1,0,0,0,0,0,0,0,Weekday evening
0.3583180987202925,3,0,3,18,0,0,0,0,0,1,0,0,0,0,Weekday evening
0.3583180987202925,4,0,1,8,0,1,0,0,0,0,0,0,0,2,Weekday morning
0.5822669104204753,4,0,1,8,0,0,1,0,0,0,0,0,0,2,Weekday morning
0.5822669104204753,4,0,1,9,0,0,1,0,0,0,0,0,0,2,Weekday morning
0.8062157221206581,4,0,1,9,0,0,0,0,1,0,0,0,0,2,Weekday morning
0.8062157221206581,4,0,1,9,0,0,0,1,0,0,0,0,0,2,Weekday morning
0.8062157221206581,4,0,1,9,0,0,0,1,0,0,0,0,0,2,Weekday morning
0.8062157221206581,4,0,2,12,0,0,0,0,0,0,0,0,1,0,Weekday evening
0.8062157221206581,4,0,2,12,0,0,0,0,0,0,0,0,1,0,Weekday evening
0.8062157221206581,4,0,2,14,0,0,0,1,0,0,0,0,0,0,Weekday evening
0.5822669104204753,4,0,2,16,0,0,1,0,0,0,0,0,0,0,Weekday evening
0.5822669104204753,4,0,3,22,0,0,1,0,0,0,0,0,0,0,Weekday evening
0.3583180987202925,4,0,3,22,0,1,0,0,0,0,0,0,0,0,Weekday evening
0.5822669104204753,5,1,1,8,0,0,1,0,0,0,0,0,0,1,Weekend
0.5822669104204753,5,1,1,10,0,0,1,0,0,0,0,0,0,1,Weekend
0.3583180987202925,5,1,2,13,0,0,0,0,0,1,0,0,0,1,Weekend
0.3583180987202925,5,1,2,13,0,0,0,0,0,1,0,0,0,1,Weekend
0.8062157221206581,5,1,2,14,0,0,0,1,0,0,0,0,0,1,Weekend
0.8062157221206581,5,1,2,14,0,0,0,1,0,0,0,0,0,1,Weekend
0.8062157221206581,5,1,2,15,0,0,0,0,0,0,0,0,1,1,Weekend
0.8062157221206581,5,1,3,18,0,0,0,1,0,0,0,0,0,1,Weekend
0.5822669104204753,5,1,3,19,0,0,1,0,0,0,0,0,0,1,Weekend
0.5822669104204753,5,1,3,19,0,0,1,0,0,0,0,0,0,1,Weekend
0.5822669104204753,5,1,3,21,0,0,1,0,0,0,0,0,0,1,Weekend
0.8062157221206581,6,1,1,10,0,0,0,1,0,0,0,0,0,1,Weekend
0.8062157221206581,6,1,1,10,0,0,0,1,0,0,0,0,0,1,Weekend
0.8062157221206581,6,1,2,12,0,0,0,0,0,0,0,0,1,1,Weekend
0.8062157221206581,6,1,2,12,0,0,0,0,0,0,0,0,1,1,Weekend
0.5822669104204753,6,1,2,14,0,0,1,0,0,0,0,0,0,1,Weekend
0.8062157221206581,6,1,2,16,0,0,0,0,0,0,0,0,1,1,Weekend
0.8062157221206581,6,1,2,16,0,0,0,0,0,0,0,0,1,1,Weekend
0.8062157221206581,0,0,1,7,0,0,0,1,0,0,0,0,0,2,Weekday morning
0.5822669104204753,0,0,1,7,0,0,1,0,0,0,0,0,0,2,Weekday morning
0.1343692870201095,0,0,1,8,0,0,0,0,0,0,1,0,0,2,Weekday morning
0.5822669104204753,0,0,1,8,0,0,1,0,0,0,0,0,0,2,Weekday morning
0.3583180987202925,0,0,1,10,0,1,0,0,0,0,0,0,0,2,Weekday morning
0.8062157221206581,0,0,1,10,0,0,0,1,0,0,0,0,0,2,Weekday morning
0.5822669104204753,0,0,1,10,0,0,1,0,0,0,0,0,0,2,Weekday morning
0.8062157221206581,0,0,2,13,0,0,0,1,0,0,0,0,0,0,Weekday evening
0.8062157221206581,0,0,2,13,0,0,0,1,0,0,0,0,0,0,Weekday evening
0.3583180987202925,0,0,2,13,0,1,0,0,0,0,0,0,0,2,Weekday morning
0.3583180987202925,0,0,2,14,0,1,0,0,0,0,0,0,0,2,Weekday morning
0.8062157221206581,0,0,2,14,0,0,0,0,0,0,0,0,1,0,Weekday evening
0.8062157221206581,0,0,2,14,0,0,0,0,0,0,0,0,1,0,Weekday evening
0.8062157221206581,0,0,2,15,0,0,0,0,0,0,0,0,1,0,Weekday evening
0.3583180987202925,0,0,2,15,0,1,0,0,0,0,0,0,0,2,Weekday morning
0.8062157221206581,0,0,2,17,0,0,0,0,1,0,0,0,0,0,Weekday evening
0.5822669104204753,0,0,2,17,0,0,1,0,0,0,0,0,0,0,Weekday evening
0.5822669104204753,0,0,2,17,0,0,1,0,0,0,0,0,0,0,Weekday evening
0.5822669104204753,0,0,2,17,0,0,1,0,0,0,0,0,0,0,Weekday evening
0.8062157221206581,0,0,2,17,0,0,0,0,0,0,0,1,0,0,Weekday evening
0.8062157221206581,0,0,2,17,0,0,0,0,0,0,0,0,1,0,Weekday evening
0.8062157221206581,0,0,2,17,0,0,0,0,0,0,0,1,0,0,Weekday evening
0.5822669104204753,0,0,2,17,0,0,1,0,0,0,0,0,0,0,Weekday evening
0.3583180987202925,0,0,3,18,0,1,0,0,0,0,0,0,0,0,Weekday evening
0.8062157221206581,0,0,3,20,0,0,0,0,1,0,0,0,0,0,Weekday evening
0.5822669104204753,1,0,1,10,0,0,1,0,0,0,0,0,0,2,Weekday morning
0.3583180987202925,1,0,1,10,0,1,0,0,0,0,0,0,0,2,Weekday morning
0.5822669104204753,1,0,2,12,0,0,1,0,0,0,0,0,0,2,Weekday morning
0.3583180987202925,1,0,2,13,0,0,0,0,0,1,0,0,0,2,Weekday morning
0.3583180987202925,1,0,2,14,0,1,0,0,0,0,0,0,0,2,Weekday morning
0.5822669104204753,1,0,2,14,0,0,1,0,0,0,0,0,0,0,Weekday evening
0.3583180987202925,1,0,2,14,0,1,0,0,0,0,0,0,0,2,Weekday morning
0.5822669104204753,1,0,3,18,0,0,1,0,0,0,0,0,0,0,Weekday evening
0.8062157221206581,1,0,3,19,0,0,0,0,1,0,0,0,0,0,Weekday evening
0.8062157221206581,1,0,3,19,0,0,0,0,1,0,0,0,0,0,Weekday evening
0.8062157221206581,1,0,3,19,0,0,0,0,1,0,0,0,0,0,Weekday evening
0.3583180987202925,1,0,3,19,0,0,0,0,0,1,0,0,0,0,Weekday evening
0.5822669104204753,2,0,1,8,0,0,1,0,0,0,0,0,0,2,Weekday morning
0.5822669104204753,2,0,1,9,0,0,1,0,0,0,0,0,0,2,Weekday morning
0.3583180987202925,2,0,1,11,0,1,0,0,0,0,0,0,0,2,Weekday morning
0.3583180987202925,2,0,1,11,0,1,0,0,0,0,0,0,0,2,Weekday morning
0.3583180987202925,2,0,1,11,0,1,0,0,0,0,0,0,0,2,Weekday morning
0.5822669104204753,2,0,1,11,0,0,1,0,0,0,0,0,0,2,Weekday morning
0.3583180987202925,2,0,2,12,0,1,0,0,0,0,0,0,0,2,Weekday morning
0.3583180987202925,2,0,2,13,0,1,0,0,0,0,0,0,0,2,Weekday morning
0.1343692870201095,2,0,2,13,0,0,0,0,0,0,1,0,0,2,Weekday morning
0.1343692870201095,2,0,2,13,0,0,0,0,0,0,1,0,0,2,Weekday morning
0.8062157221206581,2,0,2,14,0,0,0,1,0,0,0,0,0,0,Weekday evening
0.8062157221206581,2,0,2,15,0,0,0,1,0,0,0,0,0,0,Weekday evening
0.8062157221206581,2,0,2,16,0,0,0,0,0,0,0,1,0,0,Weekday evening
0.8062157221206581,2,0,2,16,0,0,0,0,0,0,0,0,1,0,Weekday evening
0.8062157221206581,2,0,2,16,0,0,0,0,0,0,0,0,1,0,Weekday evening
0.8062157221206581,2,0,2,16,0,0,0,0,1,0,0,0,0,0,Weekday evening
0.8062157221206581,2,0,2,16,0,0,0,0,0,0,0,1,0,0,Weekday evening
0.8062157221206581,2,0,3,18,0,0,0,1,0,0,0,0,0,0,Weekday evening
0.8062157221206581,2,0,3,18,0,0,0,1,0,0,0,0,0,0,Weekday evening
0.8062157221206581,2,0,3,18,0,0,0,0,1,0,0,0,0,0,Weekday evening
0.5822669104204753,2,0,3,18,0,0,1,0,0,0,0,0,0,0,Weekday evening
0.8062157221206581,2,0,3,18,0,0,0,1,0,0,0,0,0,0,Weekday evening
0.8062157221206581,2,0,3,19,0,0,0,0,0,0,0,1,0,0,Weekday evening
0.8062157221206581,2,0,3,20,0,0,0,0,1,0,0,0,0,0,Weekday evening
0.5822669104204753,3,0,1,7,0,0,1,0,0,0,0,0,0,2,Weekday morning
0.3583180987202925,3,0,2,13,0,1,0,0,0,0,0,0,0,2,Weekday morning
0.5822669104204753,3,0,2,14,0,0,1,0,0,0,0,0,0,0,Weekday evening
0.8062157221206581,3,0,2,14,0,0,0,1,0,0,0,0,0,0,Weekday evening
0.8062157221206581,3,0,2,16,0,0,0,0,1,0,0,0,0,0,Weekday evening
0.8062157221206581,3,0,2,17,0,0,0,0,1,0,0,0,0,0,Weekday evening
0.8062157221206581,3,0,2,17,0,0,0,0,1,0,0,0,0,0,Weekday evening
0.8062157221206581,3,0,3,19,0,0,0,1,0,0,0,0,0,0,Weekday evening
0.1343692870201095,3,0,3,19,0,0,0,0,0,0,1,0,0,0,Weekday evening
0.8062157221206581,3,0,3,20,0,0,0,0,1,0,0,0,0,0,Weekday evening
0.8062157221206581,3,0,3,20,0,0,0,0,1,0,0,0,0,0,Weekday evening
0.8062157221206581,3,0,3,20,0,0,0,0,0,0,0,0,1,0,Weekday evening
0.5822669104204753,4,0,1,8,0,0,1,0,0,0,0,0,0,2,Weekday morning
0.5822669104204753,4,0,1,9,0,0,1,0,0,0,0,0,0,2,Weekday morning
0.3583180987202925,4,0,1,10,0,1,0,0,0,0,0,0,0,2,Weekday morning
0.8062157221206581,4,0,2,12,0,0,0,0,1,0,0,0,0,0,Weekday evening
0.5822669104204753,4,0,2,12,0,0,1,0,0,0,0,0,0,2,Weekday morning
0.3583180987202925,4,0,2,12,0,1,0,0,0,0,0,0,0,2,Weekday morning
0.3583180987202925,4,0,2,16,0,0,0,0,0,1,0,0,0,0,Weekday evening
0.8062157221206581,4,0,2,16,0,0,0,0,0,0,0,0,1,0,Weekday evening
0.8062157221206581,4,0,2,16,0,0,0,0,0,0,0,1,0,0,Weekday evening
0.8062157221206581,4,0,2,16,0,0,0,0,0,0,0,0,1,0,Weekday evening
0.8062157221206581,4,0,3,18,0,0,0,0,1,0,0,0,0,0,Weekday evening
0.8062157221206581,4,0,3,18,0,0,0,0,1,0,0,0,0,0,Weekday evening
0.3583180987202925,4,0,3,18,0,0,0,0,0,1,0,0,0,0,Weekday evening
0.8062157221206581,4,0,3,18,0,0,0,0,1,0,0,0,0,0,Weekday evening
0.8062157221206581,4,0,3,20,0,0,0,0,1,0,0,0,0,0,Weekday evening
0.3583180987202925,4,0,3,20,0,0,0,0,0,1,0,0,0,0,Weekday evening
0.3583180987202925,5,1,1,9,0,1,0,0,0,0,0,0,0,1,Weekend
0.5822669104204753,5,1,1,10,0,0,1,0,0,0,0,0,0,1,Weekend
0.3583180987202925,5,1,1,11,0,0,0,0,0,1,0,0,0,1,Weekend
0.3583180987202925,5,1,1,11,0,1,0,0,0,0,0,0,0,1,Weekend
0.3583180987202925,5,1,2,12,0,1,0,0,0,0,0,0,0,1,Weekend
0.3583180987202925,5,1,2,13,0,1,0,0,0,0,0,0,0,1,Weekend
0.3583180987202925,5,1,2,15,0,1,0,0,0,0,0,0,0,1,Weekend
0.3583180987202925,5,1,2,15,0,1,0,0,0,0,0,0,0,1,Weekend
0.8062157221206581,6,1,1,8,0,0,0,0,1,0,0,0,0,1,Weekend
0.5822669104204753,6,1,1,10,0,0,1,0,0,0,0,0,0,1,Weekend
0.3583180987202925,6,1,1,10,0,1,0,0,0,0,0,0,0,1,Weekend
0.8062157221206581,6,1,2,12,0,0,0,0,0,0,0,0,1,1,Weekend
0.8062157221206581,6,1,2,15,0,0,0,0,1,0,0,0,0,1,Weekend
0.8062157221206581,6,1,2,15,0,0,0,0,0,0,0,0,1,1,Weekend
0.8062157221206581,6,1,2,15,0,0,0,0,0,0,0,1,0,1,Weekend
0.8062157221206581,6,1,2,15,0,0,0,0,1,0,0,0,0,1,Weekend
0.3583180987202925,6,1,2,16,0,0,0,0,0,1,0,0,0,1,Weekend
0.3583180987202925,0,0,1,7,0,1,0,0,0,0,0,0,0,2,Weekday morning
0.3583180987202925,0,0,1,8,0,1,0,0,0,0,0,0,0,2,Weekday morning
0.3583180987202925,0,0,1,8,0,1,0,0,0,0,0,0,0,2,Weekday morning
0.5822669104204753,0,0,1,11,0,0,1,0,0,0,0,0,0,2,Weekday morning
0.3583180987202925,0,0,2,13,0,1,0,0,0,0,0,0,0,2,Weekday morning
0.8062157221206581,0,0,2,13,0,0,0,0,1,0,0,0,0,0,Weekday evening
0.5822669104204753,0,0,2,13,0,0,1,0,0,0,0,0,0,2,Weekday morning
0.3583180987202925,0,0,2,13,0,1,0,0,0,0,0,0,0,2,Weekday morning
0.8062157221206581,0,0,2,14,0,0,0,0,0,0,0,0,1,0,Weekday evening
0.3583180987202925,0,0,2,14,0,1,0,0,0,0,0,0,0,2,Weekday morning
0.8062157221206581,0,0,2,14,0,0,0,0,1,0,0,0,0,0,Weekday evening
0.8062157221206581,0,0,2,14,0,0,0,0,1,0,0,0,0,0,Weekday evening
0.8062157221206581,0,0,2,15,0,0,0,1,0,0,0,0,0,0,Weekday evening
0.5822669104204753,0,0,2,15,0,0,1,0,0,0,0,0,0,0,Weekday evening
0.8062157221206581,0,0,2,15,0,0,0,0,0,0,0,0,1,0,Weekday evening
0.8062157221206581,0,0,2,15,0,0,0,0,0,0,0,1,0,0,Weekday evening
0.8062157221206581,0,0,2,16,0,0,0,0,1,0,0,0,0,0,Weekday evening
0.3583180987202925,0,0,2,17,0,1,0,0,0,0,0,0,0,0,Weekday evening
0.5822669104204753,0,0,3,18,0,0,1,0,0,0,0,0,0,0,Weekday evening
0.8062157221206581,0,0,3,19,0,0,0,0,0,0,0,0,1,0,Weekday evening
0.8062157221206581,0,0,3,19,0,0,0,0,0,0,0,0,1,0,Weekday evening
0.3583180987202925,1,0,1,10,0,1,0,0,0,0,0,0,0,2,Weekday morning
0.3583180987202925,1,0,1,11,0,1,0,0,0,0,0,0,0,2,Weekday morning
0.5822669104204753,1,0,1,11,0,0,1,0,0,0,0,0,0,2,Weekday morning
0.8062157221206581,1,0,1,11,0,0,0,0,1,0,0,0,0,2,Weekday morning
0.8062157221206581,1,0,2,15,0,0,0,0,0,0,0,1,0,0,Weekday evening
0.5822669104204753,1,0,2,16,0,0,1,0,0,0,0,0,0,0,Weekday evening
0.1343692870201095,1,0,2,16,0,0,0,0,0,0,1,0,0,2,Weekday morning
0.8062157221206581,1,0,2,17,0,0,0,0,0,0,0,0,1,0,Weekday evening
0.5822669104204753,1,0,2,17,0,0,1,0,0,0,0,0,0,0,Weekday evening
0.5822669104204753,1,0,2,17,0,0,1,0,0,0,0,0,0,0,Weekday evening
0.3583180987202925,1,0,2,17,0,1,0,0,0,0,0,0,0,0,Weekday evening
0.5822669104204753,1,0,2,17,0,0,1,0,0,0,0,0,0,0,Weekday evening
0.8062157221206581,1,0,3,19,0,0,0,0,0,0,0,0,1,0,Weekday evening
0.8062157221206581,1,0,3,19,0,0,0,0,1,0,0,0,0,0,Weekday evening
0.8062157221206581,2,0,1,7,0,0,0,1,0,0,0,0,0,2,Weekday morning
0.3583180987202925,2,0,1,7,0,1,0,0,0,0,0,0,0,2,Weekday morning
0.8062157221206581,2,0,1,8,0,0,0,0,1,0,0,0,0,2,Weekday morning
0.5822669104204753,2,0,1,9,0,0,1,0,0,0,0,0,0,2,Weekday morning
0.3583180987202925,2,0,1,10,0,1,0,0,0,0,0,0,0,2,Weekday morning
0.3583180987202925,2,0,2,12,0,1,0,0,0,0,0,0,0,2,Weekday morning
0.3583180987202925,2,0,2,13,0,1,0,0,0,0,0,0,0,2,Weekday morning
0.8062157221206581,2,0,2,13,0,0,0,0,0,0,0,1,0,0,Weekday evening
0.8062157221206581,2,0,2,15,0,0,0,0,0,0,0,1,0,0,Weekday evening
0.8062157221206581,2,0,2,15,0,0,0,0,0,0,0,0,1,0,Weekday evening
0.8062157221206581,2,0,2,15,0,0,0,0,0,0,0,1,0,0,Weekday evening
0.3583180987202925,2,0,2,16,0,1,0,0,0,0,0,0,0,0,Weekday evening
0.3583180987202925,2,0,2,16,0,1,0,0,0,0,0,0,0,0,Weekday evening
0.8062157221206581,2,0,2,17,0,0,0,1,0,0,0,0,0,0,Weekday evening
0.3583180987202925,2,0,2,17,0,1,0,0,0,0,0,0,0,0,Weekday evening
0.8062157221206581,2,0,3,20,0,0,0,0,0,0,0,0,1,0,Weekday evening
0.8062157221206581,2,0,3,20,0,0,0,0,1,0,0,0,0,0,Weekday evening
0.8062157221206581,2,0,3,21,0,0,0,1,0,0,0,0,0,0,Weekday evening
0.5822669104204753,3,0,1,7,0,0,1,0,0,0,0,0,0,2,Weekday morning
0.3583180987202925,3,0,1,8,0,1,0,0,0,0,0,0,0,2,Weekday morning
0.1343692870201095,3,0,1,9,0,0,0,0,0,0,1,0,0,2,Weekday morning
0.8062157221206581,3,0,1,9,0,0,0,0,1,0,0,0,0,2,Weekday morning
0.5822669104204753,3,0,1,10,0,0,1,0,0,0,0,0,0,2,Weekday morning
0.5822669104204753,3,0,1,10,0,0,1,0,0,0,0,0,0,2,Weekday morning
0.3583180987202925,3,0,2,16,0,1,0,0,0,0,0,0,0,0,Weekday evening
0.3583180987202925,3,0,2,16,0,1,0,0,0,0,0,0,0,0,Weekday evening
0.5822669104204753,3,0,2,17,0,0,1,0,0,0,0,0,0,0,Weekday evening
0.5822669104204753,3,0,2,17,0,0,1,0,0,0,0,0,0,0,Weekday evening
0.8062157221206581,3,0,3,18,0,0,0,0,0,0,0,0,1,0,Weekday evening
0.8062157221206581,3,0,3,18,0,0,0,1,0,0,0,0,0,0,Weekday evening
0.8062157221206581,3,0,3,19,0,0,0,0,0,0,0,0,1,0,Weekday evening
0.3583180987202925,4,0,1,11,0,1,0,0,0,0,0,0,0,2,Weekday morning
0.8062157221206581,4,0,2,14,0,0,0,0,0,0,0,1,0,0,Weekday evening
0.3583180987202925,4,0,2,14,0,1,0,0,0,0,0,0,0,2,Weekday morning
0.1343692870201095,4,0,2,14,0,0,0,0,0,0,1,0,0,2,Weekday morning
0.5822669104204753,4,0,2,14,0,0,1,0,0,0,0,0,0,0,Weekday evening
0.8062157221206581,4,0,2,15,0,0,0,1,0,0,0,0,0,0,Weekday evening
0.8062157221206581,4,0,2,15,0,0,0,1,0,0,0,0,0,0,Weekday evening
0.8062157221206581,4,0,2,15,0,0,0,0,0,0,0,0,1,0,Weekday evening
0.8062157221206581,4,0,2,15,0,0,0,0,0,0,0,1,0,0,Weekday evening
0.8062157221206581,4,0,2,15,0,0,0,1,0,0,0,0,0,0,Weekday evening
0.3583180987202925,4,0,2,17,0,1,0,0,0,0,0,0,0,0,Weekday evening
0.8062157221206581,4,0,2,17,0,0,0,0,1,0,0,0,0,0,Weekday evening
0.1343692870201095,4,0,2,17,0,0,0,0,0,0,1,0,0,2,Weekday morning
0.5822669104204753,4,0,2,17,0,0,1,0,0,0,0,0,0,0,Weekday evening
0.3583180987202925,4,0,3,21,0,1,0,0,0,0,0,0,0,0,Weekday evening
0.8062157221206581,5,1,1,9,0,0,0,1,0,0,0,0,0,1,Weekend
0.8062157221206581,5,1,2,12,0,0,0,1,0,0,0,0,0,1,Weekend
0.3583180987202925,5,1,2,12,0,1,0,0,0,0,0,0,0,1,Weekend
0.5822669104204753,5,1,2,13,0,0,1,0,0,0,0,0,0,1,Weekend
0.5822669104204753,5,1,2,13,0,0,1,0,0,0,0,0,0,1,Weekend
0.8062157221206581,5,1,2,14,0,0,0,1,0,0,0,0,0,1,Weekend
0.3583180987202925,5,1,2,14,0,1,0,0,0,0,0,0,0,1,Weekend
0.8062157221206581,5,1,2,15,0,0,0,0,0,0,0,1,0,1,Weekend
0.8062157221206581,5,1,2,15,0,0,0,0,0,0,0,1,0,1,Weekend
0.3583180987202925,6,1,1,10,0,1,0,0,0,0,0,0,0,1,Weekend
0.3583180987202925,6,1,1,10,0,1,0,0,0,0,0,0,0,1,Weekend
0.5822669104204753,6,1,1,10,0,0,1,0,0,0,0,0,0,1,Weekend
0.8062157221206581,6,1,1,11,0,0,0,0,0,0,0,1,0,1,Weekend
0.3583180987202925,6,1,1,11,0,1,0,0,0,0,0,0,0,1,Weekend
0.8062157221206581,6,1,2,14,0,0,0,0,0,0,0,1,0,1,Weekend
0.8062157221206581,6,1,2,14,0,0,0,0,0,0,0,0,1,1,Weekend
0.8062157221206581,6,1,2,17,0,0,0,0,0,0,0,1,0,1,Weekend
0.5822669104204753,6,1,2,17,0,0,1,0,0,0,0,0,0,1,Weekend
0.5822669104204753,6,1,2,17,0,0,1,0,0,0,0,0,0,1,Weekend
0.8062157221206581,0,0,1,6,0,0,0,1,0,0,0,0,0,2,Weekday morning
0.3583180987202925,0,0,1,8,0,1,0,0,0,0,0,0,0,2,Weekday morning
0.3583180987202925,0,0,1,9,0,1,0,0,0,0,0,0,0,2,Weekday morning
0.5822669104204753,0,0,1,9,0,0,1,0,0,0,0,0,0,2,Weekday morning
0.8062157221206581,0,0,1,9,0,0,0,0,0,0,0,1,0,2,Weekday morning
0.5822669104204753,0,0,1,10,0,0,1,0,0,0,0,0,0,2,Weekday morning
0.3583180987202925,0,0,1,10,0,1,0,0,0,0,0,0,0,2,Weekday morning
0.5822669104204753,0,0,1,11,0,0,1,0,0,0,0,0,0,2,Weekday morning
0.1343692870201095,0,0,1,11,0,0,0,0,0,0,1,0,0,2,Weekday morning
0.8062157221206581,0,0,2,12,0,0,0,1,0,0,0,0,0,0,Weekday evening
0.8062157221206581,0,0,2,14,0,0,0,0,0,0,0,0,1,0,Weekday evening
0.5822669104204753,0,0,2,15,0,0,1,0,0,0,0,0,0,0,Weekday evening
0.8062157221206581,0,0,2,15,0,0,0,0,0,0,0,0,1,0,Weekday evening
0.1343692870201095,0,0,2,16,0,0,0,0,0,0,1,0,0,2,Weekday morning
0.3583180987202925,0,0,2,16,0,1,0,0,0,0,0,0,0,0,Weekday evening
0.5822669104204753,0,0,2,17,0,0,1,0,0,0,0,0,0,0,Weekday evening
0.3583180987202925,0,0,3,18,0,1,0,0,0,0,0,0,0,0,Weekday evening
0.3583180987202925,0,0,3,19,0,1,0,0,0,0,0,0,0,0,Weekday evening
0.3583180987202925,0,0,3,19,0,1,0,0,0,0,0,0,0,0,Weekday evening
0.8062157221206581,0,0,3,20,0,0,0,0,0,0,0,0,1,0,Weekday evening
0.3583180987202925,1,0,1,8,0,1,0,0,0,0,0,0,0,2,Weekday morning
0.3583180987202925,1,0,1,8,0,1,0,0,0,0,0,0,0,2,Weekday morning
0.3583180987202925,1,0,1,11,0,1,0,0,0,0,0,0,0,2,Weekday morning
0.3583180987202925,1,0,1,11,0,1,0,0,0,0,0,0,0,2,Weekday morning
0.5822669104204753,1,0,1,11,0,0,1,0,0,0,0,0,0,2,Weekday morning
0.5822669104204753,1,0,2,12,0,0,1,0,0,0,0,0,0,2,Weekday morning
0.8062157221206581,1,0,2,13,0,0,0,0,1,0,0,0,0,0,Weekday evening
0.3583180987202925,1,0,2,13,0,1,0,0,0,0,0,0,0,2,Weekday morning
0.5822669104204753,1,0,2,13,0,0,1,0,0,0,0,0,0,2,Weekday morning
0.8062157221206581,1,0,2,17,0,0,0,0,0,0,0,1,0,0,Weekday evening
0.5822669104204753,1,0,2,17,0,0,1,0,0,0,0,0,0,0,Weekday evening
0.1343692870201095,1,0,2,17,0,0,0,0,0,0,1,0,0,2,Weekday morning
0.8062157221206581,1,0,2,17,0,0,0,0,1,0,0,0,0,0,Weekday evening
0.8062157221206581,1,0,2,17,0,0,0,0,1,0,0,0,0,0,Weekday evening
0.8062157221206581,1,0,3,19,0,0,0,0,1,0,0,0,0,0,Weekday evening
0.8062157221206581,1,0,3,20,0,0,0,0,1,0,0,0,0,0,Weekday evening
0.8062157221206581,1,0,3,20,0,0,0,0,0,0,0,1,0,0,Weekday evening
0.5822669104204753,1,0,3,21,0,0,1,0,0,0,0,0,0,0,Weekday evening
0.8062157221206581,2,0,1,8,0,0,0,1,0,0,0,0,0,2,Weekday morning
0.3583180987202925,2,0,1,8,0,1,0,0,0,0,0,0,0,2,Weekday morning
0.3583180987202925,2,0,1,8,0,1,0,0,0,0,0,0,0,2,Weekday morning
0.8062157221206581,2,0,1,9,0,0,0,1,0,0,0,0,0,2,Weekday morning
0.3583180987202925,2,0,1,10,0,1,0,0,0,0,0,0,0,2,Weekday morning
0.8062157221206581,2,0,1,10,0,0,0,0,0,0,0,1,0,2,Weekday morning
0.5822669104204753,2,0,1,10,0,0,1,0,0,0,0,0,0,2,Weekday morning
0.3583180987202925,2,0,2,12,0,1,0,0,0,0,0,0,0,2,Weekday morning
0.8062157221206581,2,0,2,12,0,0,0,0,1,0,0,0,0,0,Weekday evening
0.3583180987202925,2,0,2,13,0,1,0,0,0,0,0,0,0,2,Weekday morning
0.8062157221206581,2,0,2,15,0,0,0,1,0,0,0,0,0,0,Weekday evening
0.3583180987202925,2,0,2,17,0,1,0,0,0,0,0,0,0,0,Weekday evening
0.8062157221206581,2,0,2,17,0,0,0,1,0,0,0,0,0,0,Weekday evening
0.5822669104204753,2,0,2,17,0,0,1,0,0,0,0,0,0,0,Weekday evening
0.8062157221206581,2,0,3,18,0,0,0,1,0,0,0,0,0,0,Weekday evening
0.8062157221206581,2,0,3,19,0,0,0,0,0,0,0,0,1,0,Weekday evening
0.8062157221206581,2,0,3,19,0,0,0,0,1,0,0,0,0,0,Weekday evening
0.8062157221206581,2,0,3,19,0,0,0,0,0,0,0,1,0,0,Weekday evening
0.8062157221206581,2,0,3,19,0,0,0,0,0,0,0,0,1,0,Weekday evening
0.8062157221206581,2,0,3,20,0,0,0,0,1,0,0,0,0,0,Weekday evening
0.8062157221206581,3,0,1,7,0,0,0,1,0,0,0,0,0,2,Weekday morning
0.3583180987202925,3,0,1,9,0,1,0,0,0,0,0,0,0,2,Weekday morning
0.8062157221206581,3,0,1,10,0,0,0,1,0,0,0,0,0,2,Weekday morning
0.3583180987202925,3,0,1,10,0,1,0,0,0,0,0,0,0,2,Weekday morning
0.3583180987202925,3,0,1,10,0,1,0,0,0,0,0,0,0,2,Weekday morning
0.3583180987202925,3,0,1,10,0,1,0,0,0,0,0,0,0,2,Weekday morning
0.5822669104204753,3,0,2,13,0,0,1,0,0,0,0,0,0,2,Weekday morning
0.8062157221206581,3,0,2,14,0,0,0,0,0,0,0,0,1,0,Weekday evening
0.3583180987202925,3,0,2,14,0,1,0,0,0,0,0,0,0,2,Weekday morning
0.3583180987202925,3,0,2,14,0,1,0,0,0,0,0,0,0,2,Weekday morning
0.1343692870201095,3,0,2,15,0,0,0,0,0,0,1,0,0,2,Weekday morning
0.8062157221206581,3,0,2,16,0,0,0,1,0,0,0,0,0,0,Weekday evening
0.8062157221206581,3,0,2,16,0,0,0,1,0,0,0,0,0,0,Weekday evening
0.8062157221206581,3,0,2,17,0,0,0,0,0,0,0,1,0,0,Weekday evening
0.3583180987202925,3,0,2,17,0,1,0,0,0,0,0,0,0,0,Weekday evening
0.3583180987202925,3,0,3,18,0,1,0,0,0,0,0,0,0,0,Weekday evening
0.8062157221206581,3,0,3,19,0,0,0,0,0,0,0,1,0,0,Weekday evening
0.8062157221206581,3,0,3,19,0,0,0,0,1,0,0,0,0,0,Weekday evening
0.8062157221206581,3,0,3,20,0,0,0,0,0,0,0,0,1,0,Weekday evening
0.3583180987202925,4,0,1,6,0,1,0,0,0,0,0,0,0,2,Weekday morning
0.8062157221206581,4,0,1,9,0,0,0,0,0,0,0,0,1,2,Weekday morning
0.8062157221206581,4,0,1,9,0,0,0,1,0,0,0,0,0,2,Weekday morning
0.1343692870201095,4,0,1,9,0,0,0,0,0,0,1,0,0,2,Weekday morning
0.3583180987202925,4,0,1,10,0,1,0,0,0,0,0,0,0,2,Weekday morning
0.5822669104204753,4,0,1,11,0,0,1,0,0,0,0,0,0,2,Weekday morning
0.3583180987202925,4,0,2,12,0,1,0,0,0,0,0,0,0,2,Weekday morning
0.3583180987202925,4,0,2,12,0,1,0,0,0,0,0,0,0,2,Weekday morning
0.3583180987202925,4,0,2,12,0,1,0,0,0,0,0,0,0,2,Weekday morning
0.3583180987202925,4,0,2,12,0,1,0,0,0,0,0,0,0,2,Weekday morning
0.3583180987202925,4,0,2,13,0,1,0,0,0,0,0,0,0,2,Weekday morning
0.3583180987202925,4,0,2,14,0,1,0,0,0,0,0,0,0,2,Weekday morning
0.8062157221206581,4,0,2,15,0,0,0,1,0,0,0,0,0,0,Weekday evening
0.3583180987202925,4,0,2,15,0,1,0,0,0,0,0,0,0,2,Weekday morning
0.3583180987202925,4,0,2,15,0,1,0,0,0,0,0,0,0,2,Weekday morning
0.3583180987202925,4,0,2,15,0,1,0,0,0,0,0,0,0,2,Weekday morning
0.8062157221206581,4,0,2,16,0,0,0,0,1,0,0,0,0,0,Weekday evening
0.8062157221206581,4,0,2,16,0,0,0,0,0,0,0,0,1,0,Weekday evening
0.8062157221206581,4,0,2,16,0,0,0,0,0,0,0,1,0,0,Weekday evening
0.8062157221206581,4,0,2,16,0,0,0,0,0,0,0,0,1,0,Weekday evening
0.8062157221206581,4,0,3,19,0,0,0,0,1,0,0,0,0,0,Weekday evening
0.8062157221206581,4,0,3,19,0,0,0,0,1,0,0,0,0,0,Weekday evening
0.8062157221206581,4,0,3,19,0,0,0,1,0,0,0,0,0,0,Weekday evening
0.8062157221206581,5,1,1,10,0,0,0,0,0,0,0,1,0,1,Weekend
0.3583180987202925,5,1,1,11,0,1,0,0,0,0,0,0,0,1,Weekend
0.3583180987202925,5,1,1,11,0,1,0,0,0,0,0,0,0,1,Weekend
0.1343692870201095,5,1,2,12,0,0,0,0,0,0,1,0,0,1,Weekend
0.5822669104204753,5,1,2,15,0,0,1,0,0,0,0,0,0,1,Weekend
0.5822669104204753,6,1,1,10,0,0,1,0,0,0,0,0,0,1,Weekend
0.5822669104204753,6,1,2,12,0,0,1,0,0,0,0,0,0,1,Weekend
0.5822669104204753,6,1,2,12,0,0,1,0,0,0,0,0,0,1,Weekend
0.8062157221206581,6,1,2,13,0,0,0,1,0,0,0,0,0,1,Weekend
0.8062157221206581,6,1,2,14,0,0,0,0,1,0,0,0,0,1,Weekend
0.3583180987202925,6,1,2,17,0,1,0,0,0,0,0,0,0,1,Weekend
0.5822669104204753,0,0,1,9,0,0,1,0,0,0,0,0,0,2,Weekday morning
0.8062157221206581,0,0,1,9,0,0,0,0,0,0,0,0,1,2,Weekday morning
0.3583180987202925,0,0,1,10,0,1,0,0,0,0,0,0,0,2,Weekday morning
0.5822669104204753,0,0,1,10,0,0,1,0,0,0,0,0,0,2,Weekday morning
0.5822669104204753,0,0,1,10,0,0,1,0,0,0,0,0,0,2,Weekday morning
0.8062157221206581,0,0,1,10,0,0,0,0,1,0,0,0,0,2,Weekday morning
0.8062157221206581,0,0,2,12,0,0,0,0,0,0,0,0,1,0,Weekday evening
0.8062157221206581,0,0,2,13,0,0,0,0,1,0,0,0,0,0,Weekday evening
0.5822669104204753,0,0,2,15,0,0,1,0,0,0,0,0,0,0,Weekday evening
0.8062157221206581,0,0,2,16,0,0,0,0,1,0,0,0,0,0,Weekday evening
0.8062157221206581,0,0,2,16,0,0,0,1,0,0,0,0,0,0,Weekday evening
0.8062157221206581,0,0,2,16,0,0,0,0,0,0,0,0,1,0,Weekday evening
0.3583180987202925,0,0,2,16,0,1,0,0,0,0,0,0,0,0,Weekday evening
0.3583180987202925,0,0,2,17,0,1,0,0,0,0,0,0,0,0,Weekday evening
0.5822669104204753,0,0,2,17,0,0,1,0,0,0,0,0,0,0,Weekday evening
0.5822669104204753,0,0,3,18,0,0,1,0,0,0,0,0,0,0,Weekday evening
0.8062157221206581,0,0,3,18,0,0,0,0,0,0,0,0,1,0,Weekday evening
0.5822669104204753,0,0,3,19,0,0,1,0,0,0,0,0,0,0,Weekday evening
0.8062157221206581,0,0,3,19,0,0,0,0,0,0,0,1,0,0,Weekday evening
0.8062157221206581,0,0,3,19,0,0,0,0,0,0,0,0,1,0,Weekday evening
0.8062157221206581,0,0,3,19,0,0,0,0,1,0,0,0,0,0,Weekday evening
0.8062157221206581,0,0,3,20,0,0,0,0,1,0,0,0,0,0,Weekday evening
0.5822669104204753,1,0,1,8,0,0,1,0,0,0,0,0,0,2,Weekday morning
0.3583180987202925,1,0,1,8,0,1,0,0,0,0,0,0,0,2,Weekday morning
0.5822669104204753,1,0,1,8,0,0,1,0,0,0,0,0,0,2,Weekday morning
0.1343692870201095,1,0,1,10,0,0,0,0,0,0,1,0,0,2,Weekday morning
0.3583180987202925,1,0,1,11,0,1,0,0,0,0,0,0,0,2,Weekday morning
0.3583180987202925,1,0,1,11,0,1,0,0,0,0,0,0,0,2,Weekday morning
0.8062157221206581,1,0,2,12,0,0,0,1,0,0,0,0,0,0,Weekday evening
0.8062157221206581,1,0,2,14,0,0,0,1,0,0,0,0,0,0,Weekday evening
0.3583180987202925,1,0,2,16,0,1,0,0,0,0,0,0,0,0,Weekday evening
0.3583180987202925,1,0,2,16,0,1,0,0,0,0,0,0,0,0,Weekday evening
0.8062157221206581,1,0,3,18,0,0,0,0,1,0,0,0,0,0,Weekday evening
0.8062157221206581,1,0,3,19,0,0,0,1,0,0,0,0,0,0,Weekday evening
0.3583180987202925,2,0,1,8,0,1,0,0,0,0,0,0,0,2,Weekday morning
0.5822669104204753,2,0,1,10,0,0,1,0,0,0,0,0,0,2,Weekday morning
0.5822669104204753,2,0,1,10,0,0,1,0,0,0,0,0,0,2,Weekday morning
0.8062157221206581,2,0,1,10,0,0,0,0,0,0,0,1,0,2,Weekday morning
0.8062157221206581,2,0,2,13,0,0,0,0,1,0,0,0,0,0,Weekday evening
0.8062157221206581,2,0,2,13,0,0,0,0,0,0,0,0,1,0,Weekday evening
0.3583180987202925,2,0,2,15,0,1,0,0,0,0,0,0,0,2,Weekday morning
0.3583180987202925,2,0,2,15,0,1,0,0,0,0,0,0,0,2,Weekday morning
0.3583180987202925,2,0,2,15,0,0,0,0,0,1,0,0,0,2,Weekday morning
0.8062157221206581,2,0,2,15,0,0,0,0,0,0,0,1,0,0,Weekday evening
0.3583180987202925,2,0,2,15,0,1,0,0,0,0,0,0,0,2,Weekday morning
0.3583180987202925,2,0,2,15,0,1,0,0,0,0,0,0,0,2,Weekday morning
0.8062157221206581,2,0,2,16,0,0,0,0,0,0,0,0,1,0,Weekday evening
0.8062157221206581,2,0,2,16,0,0,0,0,0,0,0,1,0,0,Weekday evening
0.8062157221206581,2,0,2,16,0,0,0,0,0,0,0,0,1,0,Weekday evening
0.5822669104204753,2,0,2,17,0,0,1,0,0,0,0,0,0,0,Weekday evening
0.8062157221206581,2,0,3,18,0,0,0,0,0,0,0,0,1,0,Weekday evening
0.8062157221206581,2,0,3,18,0,0,0,1,0,0,0,0,0,0,Weekday evening
0.8062157221206581,3,0,1,7,0,0,0,1,0,0,0,0,0,2,Weekday morning
0.8062157221206581,3,0,1,7,0,0,0,1,0,0,0,0,0,2,Weekday morning
0.1343692870201095,3,0,1,10,0,0,0,0,0,0,1,0,0,2,Weekday morning
0.8062157221206581,3,0,1,11,0,0,0,0,1,0,0,0,0,2,Weekday morning
0.8062157221206581,3,0,2,12,0,0,0,0,1,0,0,0,0,0,Weekday evening
0.5822669104204753,3,0,2,13,0,0,1,0,0,0,0,0,0,2,Weekday morning
0.3583180987202925,3,0,2,14,0,1,0,0,0,0,0,0,0,2,Weekday morning
0.8062157221206581,3,0,2,14,0,0,0,0,0,0,0,0,1,0,Weekday evening
0.3583180987202925,3,0,2,15,0,1,0,0,0,0,0,0,0,2,Weekday morning
0.3583180987202925,3,0,2,16,0,1,0,0,0,0,0,0,0,0,Weekday evening
0.3583180987202925,3,0,2,17,0,1,0,0,0,0,0,0,0,0,Weekday evening
0.3583180987202925,3,0,2,17,0,1,0,0,0,0,0,0,0,0,Weekday evening
0.8062157221206581,3,0,2,17,0,0,0,0,0,0,0,0,1,0,Weekday evening
0.8062157221206581,3,0,3,18,0,0,0,0,0,0,0,0,1,0,Weekday evening
0.8062157221206581,3,0,3,18,0,0,0,1,0,0,0,0,0,0,Weekday evening
0.8062157221206581,3,0,3,18,0,0,0,0,1,0,0,0,0,0,Weekday evening
0.8062157221206581,3,0,3,18,0,0,0,0,1,0,0,0,0,0,Weekday evening
0.8062157221206581,3,0,3,19,0,0,0,0,0,0,0,0,1,0,Weekday evening
0.8062157221206581,3,0,3,20,0,0,0,1,0,0,0,0,0,0,Weekday evening
0.5822669104204753,4,0,1,6,0,0,1,0,0,0,0,0,0,2,Weekday morning
0.5822669104204753,4,0,1,6,0,0,1,0,0,0,0,0,0,2,Weekday morning
0.8062157221206581,4,0,1,7,0,0,0,1,0,0,0,0,0,2,Weekday morning
0.1343692870201095,4,0,1,8,0,0,0,0,0,0,1,0,0,2,Weekday morning
0.5822669104204753,4,0,1,9,0,0,1,0,0,0,0,0,0,2,Weekday morning
0.3583180987202925,4,0,2,14,0,1,0,0,0,0,0,0,0,2,Weekday morning
0.3583180987202925,4,0,2,14,0,1,0,0,0,0,0,0,0,2,Weekday morning
0.3583180987202925,4,0,2,14,0,1,0,0,0,0,0,0,0,2,Weekday morning
0.8062157221206581,4,0,2,14,0,0,0,0,0,0,0,0,1,0,Weekday evening
0.3583180987202925,4,0,2,15,0,1,0,0,0,0,0,0,0,2,Weekday morning
0.8062157221206581,4,0,2,16,0,0,0,0,1,0,0,0,0,0,Weekday evening
0.3583180987202925,4,0,2,16,0,1,0,0,0,0,0,0,0,0,Weekday evening
0.8062157221206581,4,0,2,17,0,0,0,0,0,0,0,0,1,0,Weekday evening
0.5822669104204753,4,0,2,17,0,0,1,0,0,0,0,0,0,0,Weekday evening
0.3583180987202925,4,0,2,17,0,1,0,0,0,0,0,0,0,0,Weekday evening
0.3583180987202925,4,0,2,17,0,1,0,0,0,0,0,0,0,0,Weekday evening
0.8062157221206581,4,0,3,18,0,0,0,0,0,0,0,0,1,0,Weekday evening
0.8062157221206581,5,1,1,10,0,0,0,1,0,0,0,0,0,1,Weekend
0.3583180987202925,5,1,1,11,0,1,0,0,0,0,0,0,0,1,Weekend
0.3583180987202925,5,1,1,11,0,1,0,0,0,0,0,0,0,1,Weekend
0.8062157221206581,5,1,2,14,0,0,0,0,0,0,0,0,1,1,Weekend
0.3583180987202925,5,1,2,15,0,1,0,0,0,0,0,0,0,1,Weekend
0.5822669104204753,5,1,2,15,0,0,1,0,0,0,0,0,0,1,Weekend
0.8062157221206581,5,1,2,16,0,0,0,1,0,0,0,0,0,1,Weekend
0.3583180987202925,5,1,2,17,0,1,0,0,0,0,0,0,0,1,Weekend
0.8062157221206581,6,1,1,9,0,0,0,0,1,0,0,0,0,1,Weekend
0.8062157221206581,6,1,2,12,0,0,0,0,0,0,0,0,1,1,Weekend
0.5822669104204753,6,1,2,13,0,0,1,0,0,0,0,0,0,1,Weekend
0.5822669104204753,6,1,2,15,0,0,1,0,0,0,0,0,0,1,Weekend
0.3583180987202925,6,1,2,15,0,1,0,0,0,0,0,0,0,1,Weekend
0.3583180987202925,6,1,2,15,0,1,0,0,0,0,0,0,0,1,Weekend
0.8062157221206581,0,0,1,8,0,0,0,1,0,0,0,0,0,2,Weekday morning
0.8062157221206581,0,0,1,9,0,0,0,0,1,0,0,0,0,2,Weekday morning
0.8062157221206581,0,0,1,9,0,0,0,0,0,0,0,0,1,2,Weekday morning
0.8062157221206581,0,0,1,10,0,0,0,0,0,0,0,1,0,2,Weekday morning
0.8062157221206581,0,0,1,10,0,0,0,0,0,0,0,1,0,2,Weekday morning
0.8062157221206581,0,0,2,12,0,0,0,1,0,0,0,0,0,0,Weekday evening
0.8062157221206581,0,0,2,15,0,0,0,0,0,0,0,0,1,0,Weekday evening
0.3583180987202925,0,0,2,15,0,1,0,0,0,0,0,0,0,2,Weekday morning
0.8062157221206581,0,0,2,16,0,0,0,0,1,0,0,0,0,0,Weekday evening
0.8062157221206581,0,0,2,16,0,0,0,0,0,0,0,0,1,0,Weekday evening
0.8062157221206581,0,0,2,16,0,0,0,0,0,0,0,0,1,0,Weekday evening
0.8062157221206581,0,0,2,16,0,0,0,1,0,0,0,0,0,0,Weekday evening
0.8062157221206581,0,0,2,16,0,0,0,1,0,0,0,0,0,0,Weekday evening
0.3583180987202925,0,0,2,16,0,1,0,0,0,0,0,0,0,0,Weekday evening
0.5822669104204753,0,0,2,17,0,0,1,0,0,0,0,0,0,0,Weekday evening
0.3583180987202925,0,0,2,17,0,1,0,0,0,0,0,0,0,0,Weekday evening
0.8062157221206581,0,0,2,17,0,0,0,0,0,0,0,1,0,0,Weekday evening
0.3583180987202925,0,0,2,17,0,1,0,0,0,0,0,0,0,0,Weekday evening
0.8062157221206581,0,0,2,17,0,0,0,0,0,0,0,1,0,0,Weekday evening
0.8062157221206581,0,0,2,17,0,0,0,0,0,0,0,1,0,0,Weekday evening
0.5822669104204753,0,0,3,18,0,0,1,0,0,0,0,0,0,0,Weekday evening
0.8062157221206581,0,0,3,18,0,0,0,0,0,0,0,0,1,0,Weekday evening
0.8062157221206581,1,0,1,7,0,0,0,1,0,0,0,0,0,2,Weekday morning
0.3583180987202925,1,0,1,7,0,1,0,0,0,0,0,0,0,2,Weekday morning
0.5822669104204753,1,0,1,8,0,0,1,0,0,0,0,0,0,2,Weekday morning
0.3583180987202925,1,0,1,9,0,1,0,0,0,0,0,0,0,2,Weekday morning
0.3583180987202925,1,0,1,9,0,1,0,0,0,0,0,0,0,2,Weekday morning
0.3583180987202925,1,0,1,9,0,1,0,0,0,0,0,0,0,2,Weekday morning
0.5822669104204753,1,0,1,11,0,0,1,0,0,0,0,0,0,2,Weekday morning
0.3583180987202925,1,0,1,11,0,1,0,0,0,0,0,0,0,2,Weekday morning
0.3583180987202925,1,0,1,11,0,1,0,0,0,0,0,0,0,2,Weekday morning
0.3583180987202925,1,0,1,11,0,1,0,0,0,0,0,0,0,2,Weekday morning
0.3583180987202925,1,0,1,11,0,1,0,0,0,0,0,0,0,2,Weekday morning
0.8062157221206581,1,0,2,12,0,0,0,0,1,0,0,0,0,0,Weekday evening
0.3583180987202925,1,0,2,16,0,1,0,0,0,0,0,0,0,0,Weekday evening
0.8062157221206581,1,0,3,18,0,0,0,0,1,0,0,0,0,0,Weekday evening
0.8062157221206581,1,0,3,19,0,0,0,0,0,0,0,0,1,0,Weekday evening
0.8062157221206581,1,0,3,20,0,0,0,0,0,0,0,0,1,0,Weekday evening
0.5822669104204753,2,0,1,8,0,0,1,0,0,0,0,0,0,2,Weekday morning
0.3583180987202925,2,0,1,9,0,1,0,0,0,0,0,0,0,2,Weekday morning
0.3583180987202925,2,0,1,10,0,1,0,0,0,0,0,0,0,2,Weekday morning
0.3583180987202925,2,0,1,10,0,1,0,0,0,0,0,0,0,2,Weekday morning
0.8062157221206581,2,0,1,10,0,0,0,1,0,0,0,0,0,2,Weekday morning
0.5822669104204753,2,0,1,10,0,0,1,0,0,0,0,0,0,2,Weekday morning
0.8062157221206581,2,0,1,11,0,0,0,1,0,0,0,0,0,2,Weekday morning
0.8062157221206581,2,0,1,11,0,0,0,0,1,0,0,0,0,2,Weekday morning
0.3583180987202925,2,0,1,11,0,1,0,0,0,0,0,0,0,2,Weekday morning
0.3583180987202925,2,0,1,11,0,1,0,0,0,0,0,0,0,2,Weekday morning
0.3583180987202925,2,0,2,12,0,1,0,0,0,0,0,0,0,2,Weekday morning
0.8062157221206581,2,0,2,15,0,0,0,0,0,0,0,0,1,0,Weekday evening
0.8062157221206581,2,0,2,15,0,0,0,0,0,0,0,0,1,0,Weekday evening
0.8062157221206581,2,0,2,15,0,0,0,0,0,0,0,1,0,0,Weekday evening
0.5822669104204753,2,0,2,17,0,0,1,0,0,0,0,0,0,0,Weekday evening
0.1343692870201095,2,0,2,17,0,0,0,0,0,0,1,0,0,2,Weekday morning
0.8062157221206581,2,0,2,17,0,0,0,0,0,0,0,0,1,0,Weekday evening
0.8062157221206581,2,0,3,18,0,0,0,1,0,0,0,0,0,0,Weekday evening
0.8062157221206581,2,0,3,19,0,0,0,0,1,0,0,0,0,0,Weekday evening
0.8062157221206581,3,0,1,9,0,0,0,0,0,0,0,1,0,2,Weekday morning
0.1343692870201095,3,0,1,9,0,0,0,0,0,0,1,0,0,2,Weekday morning
0.5822669104204753,3,0,1,10,0,0,1,0,0,0,0,0,0,2,Weekday morning
0.3583180987202925,3,0,1,10,0,1,0,0,0,0,0,0,0,2,Weekday morning
0.3583180987202925,3,0,1,10,0,1,0,0,0,0,0,0,0,2,Weekday morning
0.3583180987202925,3,0,1,11,0,1,0,0,0,0,0,0,0,2,Weekday morning
0.8062157221206581,3,0,1,11,0,0,0,1,0,0,0,0,0,2,Weekday morning
0.8062157221206581,3,0,2,13,0,0,0,0,0,0,0,0,1,0,Weekday evening
0.5822669104204753,3,0,2,16,0,0,1,0,0,0,0,0,0,0,Weekday evening
0.8062157221206581,3,0,2,17,0,0,0,0,1,0,0,0,0,0,Weekday evening
0.8062157221206581,3,0,3,18,0,0,0,1,0,0,0,0,0,0,Weekday evening
0.5822669104204753,3,0,3,19,0,0,1,0,0,0,0,0,0,0,Weekday evening
0.8062157221206581,4,0,1,7,0,0,0,1,0,0,0,0,0,2,Weekday morning
0.3583180987202925,4,0,1,8,0,1,0,0,0,0,0,0,0,2,Weekday morning
0.3583180987202925,4,0,1,8,0,1,0,0,0,0,0,0,0,2,Weekday morning
0.3583180987202925,4,0,1,9,0,1,0,0,0,0,0,0,0,2,Weekday morning
0.8062157221206581,4,0,1,10,0,0,0,0,0,0,0,1,0,2,Weekday morning
0.5822669104204753,4,0,1,10,0,0,1,0,0,0,0,0,0,2,Weekday morning
0.5822669104204753,4,0,1,10,0,0,1,0,0,0,0,0,0,2,Weekday morning
0.8062157221206581,4,0,1,10,0,0,0,0,1,0,0,0,0,2,Weekday morning
0.8062157221206581,4,0,1,11,0,0,0,0,1,0,0,0,0,2,Weekday morning
0.5822669104204753,4,0,2,12,0,0,1,0,0,0,0,0,0,2,Weekday morning
0.8062157221206581,4,0,2,13,0,0,0,0,0,0,0,1,0,0,Weekday evening
0.3583180987202925,4,0,2,13,0,1,0,0,0,0,0,0,0,2,Weekday morning
0.8062157221206581,4,0,2,14,0,0,0,1,0,0,0,0,0,0,Weekday evening
0.8062157221206581,4,0,2,15,0,0,0,0,0,0,0,0,1,0,Weekday evening
0.8062157221206581,4,0,2,15,0,0,0,0,0,0,0,0,1,0,Weekday evening
0.8062157221206581,4,0,2,17,0,0,0,0,0,0,0,0,1,0,Weekday evening
0.8062157221206581,4,0,2,17,0,0,0,0,0,0,0,1,0,0,Weekday evening
0.5822669104204753,5,1,1,9,0,0,1,0,0,0,0,0,0,1,Weekend
0.5822669104204753,5,1,1,9,0,0,1,0,0,0,0,0,0,1,Weekend
0.3583180987202925,5,1,1,10,0,1,0,0,0,0,0,0,0,1,Weekend
0.3583180987202925,5,1,1,11,0,1,0,0,0,0,0,0,0,1,Weekend
0.3583180987202925,5,1,1,11,0,1,0,0,0,0,0,0,0,1,Weekend
0.5822669104204753,5,1,2,12,0,0,1,0,0,0,0,0,0,1,Weekend
0.3583180987202925,5,1,2,12,0,1,0,0,0,0,0,0,0,1,Weekend
0.8062157221206581,5,1,2,13,0,0,0,1,0,0,0,0,0,1,Weekend
0.1343692870201095,6,1,1,9,0,0,0,0,0,0,1,0,0,1,Weekend
0.5822669104204753,6,1,1,11,0,0,1,0,0,0,0,0,0,1,Weekend
0.8062157221206581,6,1,2,13,0,0,0,1,0,0,0,0,0,1,Weekend
0.3583180987202925,6,1,2,14,0,1,0,0,0,0,0,0,0,1,Weekend
0.8062157221206581,6,1,2,15,0,0,0,1,0,0,0,0,0,1,Weekend
0.3583180987202925,6,1,2,15,0,1,0,0,0,0,0,0,0,1,Weekend
0.5822669104204753,6,1,2,15,0,0,1,0,0,0,0,0,0,1,Weekend
0.8062157221206581,6,1,2,15,0,0,0,0,1,0,0,0,0,1,Weekend
0.3583180987202925,0,0,1,8,0,1,0,0,0,0,0,0,0,2,Weekday morning
0.8062157221206581,0,0,1,8,0,0,0,0,0,0,0,0,1,2,Weekday morning
0.5822669104204753,0,0,1,9,0,0,1,0,0,0,0,0,0,2,Weekday morning
0.8062157221206581,0,0,1,9,0,0,0,0,0,0,0,1,0,2,Weekday morning
0.8062157221206581,0,0,1,9,0,0,0,0,1,0,0,0,0,2,Weekday morning
0.8062157221206581,0,0,1,10,0,0,0,0,0,0,0,1,0,2,Weekday morning
0.3583180987202925,0,0,2,12,0,1,0,0,0,0,0,0,0,2,Weekday morning
0.3583180987202925,0,0,2,15,0,1,0,0,0,0,0,0,0,2,Weekday morning
0.8062157221206581,0,0,2,15,0,0,0,0,0,0,0,1,0,0,Weekday evening
0.8062157221206581,0,0,2,16,0,0,0,0,0,0,0,0,1,0,Weekday evening
0.8062157221206581,0,0,2,16,0,0,0,0,0,0,0,0,1,0,Weekday evening
0.8062157221206581,0,0,2,16,0,0,0,1,0,0,0,0,0,0,Weekday evening
0.5822669104204753,0,0,2,16,0,0,1,0,0,0,0,0,0,0,Weekday evening
0.3583180987202925,0,0,3,18,0,1,0,0,0,0,0,0,0,0,Weekday evening
0.8062157221206581,0,0,3,18,0,0,0,0,0,0,0,0,1,0,Weekday evening
0.8062157221206581,0,0,3,18,0,0,0,0,0,0,0,0,1,0,Weekday evening
0.5822669104204753,0,0,3,19,0,0,1,0,0,0,0,0,0,0,Weekday evening
0.3583180987202925,1,0,1,8,0,1,0,0,0,0,0,0,0,2,Weekday morning
0.8062157221206581,1,0,1,9,0,0,0,1,0,0,0,0,0,2,Weekday morning
0.8062157221206581,1,0,1,9,0,0,0,0,0,0,0,0,1,2,Weekday morning
0.3583180987202925,1,0,1,10,0,1,0,0,0,0,0,0,0,2,Weekday morning
0.3583180987202925,1,0,2,12,0,1,0,0,0,0,0,0,0,2,Weekday morning
0.3583180987202925,1,0,2,13,0,1,0,0,0,0,0,0,0,2,Weekday morning
0.8062157221206581,1,0,2,16,0,0,0,0,0,0,0,1,0,0,Weekday evening
0.8062157221206581,1,0,2,16,0,0,0,0,1,0,0,0,0,0,Weekday evening
0.8062157221206581,1,0,2,16,0,0,0,0,0,0,0,1,0,0,Weekday evening
0.8062157221206581,1,0,2,17,0,0,0,1,0,0,0,0,0,0,Weekday evening
0.5822669104204753,1,0,3,18,0,0,1,0,0,0,0,0,0,0,Weekday evening
0.8062157221206581,1,0,3,19,0,0,0,0,0,0,0,0,1,0,Weekday evening
0.8062157221206581,1,0,3,20,0,0,0,0,1,0,0,0,0,0,Weekday evening
0.8062157221206581,2,0,1,11,0,0,0,0,1,0,0,0,0,2,Weekday morning
0.5822669104204753,2,0,1,11,0,0,1,0,0,0,0,0,0,2,Weekday morning
0.8062157221206581,2,0,1,11,0,0,0,1,0,0,0,0,0,2,Weekday morning
0.3583180987202925,2,0,1,11,0,1,0,0,0,0,0,0,0,2,Weekday morning
0.3583180987202925,2,0,1,11,0,1,0,0,0,0,0,0,0,2,Weekday morning
0.3583180987202925,2,0,2,12,0,1,0,0,0,0,0,0,0,2,Weekday morning
0.8062157221206581,2,0,2,12,0,0,0,0,0,0,0,1,0,0,Weekday evening
0.8062157221206581,2,0,2,13,0,0,0,0,0,0,0,0,1,0,Weekday evening
0.8062157221206581,2,0,2,13,0,0,0,0,0,0,0,0,1,0,Weekday evening
0.8062157221206581,2,0,2,16,0,0,0,1,0,0,0,0,0,0,Weekday evening
0.8062157221206581,2,0,2,16,0,0,0,0,0,0,0,0,1,0,Weekday evening
0.8062157221206581,2,0,2,16,0,0,0,0,0,0,0,0,1,0,Weekday evening
0.3583180987202925,2,0,3,18,0,1,0,0,0,0,0,0,0,0,Weekday evening
0.8062157221206581,2,0,3,18,0,0,0,0,1,0,0,0,0,0,Weekday evening
0.3583180987202925,2,0,3,18,0,1,0,0,0,0,0,0,0,0,Weekday evening
0.8062157221206581,2,0,3,18,0,0,0,1,0,0,0,0,0,0,Weekday evening
0.3583180987202925,2,0,3,18,0,1,0,0,0,0,0,0,0,0,Weekday evening
0.8062157221206581,3,0,1,7,0,0,0,1,0,0,0,0,0,2,Weekday morning
0.5822669104204753,3,0,1,8,0,0,1,0,0,0,0,0,0,2,Weekday morning
0.5822669104204753,3,0,1,9,0,0,1,0,0,0,0,0,0,2,Weekday morning
0.8062157221206581,3,0,1,9,0,0,0,0,0,0,0,0,1,2,Weekday morning
0.1343692870201095,3,0,1,9,0,0,0,0,0,0,1,0,0,2,Weekday morning
0.3583180987202925,3,0,1,9,0,1,0,0,0,0,0,0,0,2,Weekday morning
0.5822669104204753,3,0,1,9,0,0,1,0,0,0,0,0,0,2,Weekday morning
0.3583180987202925,3,0,1,11,0,1,0,0,0,0,0,0,0,2,Weekday morning
0.8062157221206581,3,0,2,12,0,0,0,0,0,0,0,0,1,0,Weekday evening
0.5822669104204753,3,0,2,14,0,0,1,0,0,0,0,0,0,0,Weekday evening
0.3583180987202925,3,0,2,14,0,1,0,0,0,0,0,0,0,2,Weekday morning
0.8062157221206581,3,0,3,18,0,0,0,1,0,0,0,0,0,0,Weekday evening
0.3583180987202925,4,0,1,7,0,1,0,0,0,0,0,0,0,2,Weekday morning
0.5822669104204753,4,0,1,8,0,0,1,0,0,0,0,0,0,2,Weekday morning
0.3583180987202925,4,0,1,8,0,1,0,0,0,0,0,0,0,2,Weekday morning
0.8062157221206581,4,0,1,9,0,0,0,0,0,0,0,0,1,2,Weekday morning
0.1343692870201095,4,0,1,9,0,0,0,0,0,0,1,0,0,2,Weekday morning
0.3583180987202925,4,0,1,9,0,1,0,0,0,0,0,0,0,2,Weekday morning
0.3583180987202925,4,0,1,10,0,1,0,0,0,0,0,0,0,2,Weekday morning
0.8062157221206581,4,0,1,10,0,0,0,0,0,0,0,0,1,2,Weekday morning
0.8062157221206581,4,0,1,10,0,0,0,1,0,0,0,0,0,2,Weekday morning
0.3583180987202925,4,0,2,14,0,1,0,0,0,0,0,0,0,2,Weekday morning
0.8062157221206581,4,0,2,14,0,0,0,0,0,0,0,0,1,0,Weekday evening
0.8062157221206581,4,0,2,15,0,0,0,0,0,0,0,0,1,0,Weekday evening
0.8062157221206581,4,0,2,15,0,0,0,0,0,0,0,0,1,0,Weekday evening
0.3583180987202925,4,0,2,16,0,1,0,0,0,0,0,0,0,0,Weekday evening
0.8062157221206581,4,0,2,16,0,0,0,0,1,0,0,0,0,0,Weekday evening
0.8062157221206581,4,0,2,16,0,0,0,0,1,0,0,0,0,0,Weekday evening
0.8062157221206581,4,0,2,16,0,0,0,0,1,0,0,0,0,0,Weekday evening
0.3583180987202925,4,0,2,17,0,1,0,0,0,0,0,0,0,0,Weekday evening
0.3583180987202925,4,0,2,17,0,1,0,0,0,0,0,0,0,0,Weekday evening
0.8062157221206581,4,0,2,17,0,0,0,0,0,0,0,0,1,0,Weekday evening
0.8062157221206581,4,0,2,17,0,0,0,0,0,0,0,0,1,0,Weekday evening
0.3583180987202925,4,0,3,20,0,1,0,0,0,0,0,0,0,0,Weekday evening
0.3583180987202925,4,0,3,21,0,1,0,0,0,0,0,0,0,0,Weekday evening
0.5822669104204753,5,1,1,9,0,0,1,0,0,0,0,0,0,1,Weekend
0.8062157221206581,5,1,1,10,0,0,0,1,0,0,0,0,0,1,Weekend
0.3583180987202925,5,1,2,13,0,1,0,0,0,0,0,0,0,1,Weekend
0.8062157221206581,5,1,2,17,0,0,0,1,0,0,0,0,0,1,Weekend
0.5822669104204753,5,1,2,17,0,0,1,0,0,0,0,0,0,1,Weekend
0.5822669104204753,5,1,3,19,0,0,1,0,0,0,0,0,0,1,Weekend
0.8062157221206581,5,1,3,19,0,0,0,1,0,0,0,0,0,1,Weekend
0.8062157221206581,6,1,1,9,0,0,0,1,0,0,0,0,0,1,Weekend
0.5822669104204753,6,1,1,9,0,0,1,0,0,0,0,0,0,1,Weekend
0.8062157221206581,6,1,1,10,0,0,0,0,0,0,0,0,1,1,Weekend
0.8062157221206581,6,1,2,12,0,0,0,0,0,0,0,1,0,1,Weekend
0.3583180987202925,6,1,2,14,0,1,0,0,0,0,0,0,0,1,Weekend
0.3583180987202925,0,0,1,6,0,1,0,0,0,0,0,0,0,2,Weekday morning
0.3583180987202925,0,0,1,8,0,1,0,0,0,0,0,0,0,2,Weekday morning
0.3583180987202925,0,0,1,8,0,1,0,0,0,0,0,0,0,2,Weekday morning
0.5822669104204753,0,0,1,9,0,0,1,0,0,0,0,0,0,2,Weekday morning
0.3583180987202925,0,0,1,10,0,1,0,0,0,0,0,0,0,2,Weekday morning
0.3583180987202925,0,0,2,13,0,1,0,0,0,0,0,0,0,2,Weekday morning
0.8062157221206581,0,0,2,14,0,0,0,0,1,0,0,0,0,0,Weekday evening
0.8062157221206581,0,0,2,14,0,0,0,0,1,0,0,0,0,0,Weekday evening
0.8062157221206581,0,0,2,14,0,0,0,0,0,0,0,0,1,0,Weekday evening
0.8062157221206581,0,0,2,15,0,0,0,1,0,0,0,0,0,0,Weekday evening
0.8062157221206581,0,0,2,15,0,0,0,0,0,0,0,0,1,0,Weekday evening
0.8062157221206581,0,0,2,15,0,0,0,0,0,0,0,0,1,0,Weekday evening
0.3583180987202925,0,0,2,16,0,1,0,0,0,0,0,0,0,0,Weekday evening
0.5822669104204753,1,0,1,8,0,0,1,0,0,0,0,0,0,2,Weekday morning
0.8062157221206581,1,0,1,8,0,0,0,0,0,0,0,0,1,2,Weekday morning
0.8062157221206581,1,0,1,10,0,0,0,0,0,0,0,0,1,2,Weekday morning
0.3583180987202925,1,0,1,10,0,1,0,0,0,0,0,0,0,2,Weekday morning
0.8062157221206581,1,0,1,11,0,0,0,0,0,0,0,1,0,2,Weekday morning
0.8062157221206581,1,0,1,11,0,0,0,0,0,0,0,1,0,2,Weekday morning
0.5822669104204753,1,0,2,14,0,0,1,0,0,0,0,0,0,0,Weekday evening
0.3583180987202925,1,0,2,15,0,1,0,0,0,0,0,0,0,2,Weekday morning
0.5822669104204753,1,0,2,15,0,0,1,0,0,0,0,0,0,0,Weekday evening
0.3583180987202925,1,0,2,16,0,1,0,0,0,0,0,0,0,0,Weekday evening
0.8062157221206581,1,0,2,16,0,0,0,0,0,0,0,0,1,0,Weekday evening
0.1343692870201095,1,0,2,16,0,0,0,0,0,0,1,0,0,2,Weekday morning
0.8062157221206581,1,0,3,18,0,0,0,0,1,0,0,0,0,0,Weekday evening
0.8062157221206581,1,0,3,18,0,0,0,0,1,0,0,0,0,0,Weekday evening
0.8062157221206581,1,0,3,20,0,0,0,0,1,0,0,0,0,0,Weekday evening
0.8062157221206581,1,0,3,20,0,0,0,0,1,0,0,0,0,0,Weekday evening
0.8062157221206581,1,0,3,21,0,0,0,0,0,0,0,0,1,0,Weekday evening
0.3583180987202925,2,0,1,7,0,1,0,0,0,0,0,0,0,2,Weekday morning
0.3583180987202925,2,0,1,7,0,1,0,0,0,0,0,0,0,2,Weekday morning
0.8062157221206581,2,0,1,7,0,0,0,1,0,0,0,0,0,2,Weekday morning
0.3583180987202925,2,0,1,8,0,1,0,0,0,0,0,0,0,2,Weekday morning
0.8062157221206581,2,0,1,10,0,0,0,0,0,0,0,1,0,2,Weekday morning
0.3583180987202925,2,0,1,11,0,1,0,0,0,0,0,0,0,2,Weekday morning
0.3583180987202925,2,0,2,12,0,1,0,0,0,0,0,0,0,2,Weekday morning
0.8062157221206581,2,0,2,15,0,0,0,0,0,0,0,0,1,0,Weekday evening
0.8062157221206581,2,0,2,15,0,0,0,0,0,0,0,0,1,0,Weekday evening
0.8062157221206581,2,0,2,16,0,0,0,0,0,0,0,0,1,0,Weekday evening
0.3583180987202925,2,0,2,16,0,1,0,0,0,0,0,0,0,0,Weekday evening
0.8062157221206581,2,0,2,16,0,0,0,1,0,0,0,0,0,0,Weekday evening
0.8062157221206581,2,0,2,16,0,0,0,1,0,0,0,0,0,0,Weekday evening
0.3583180987202925,2,0,2,16,0,1,0,0,0,0,0,0,0,0,Weekday evening
0.3583180987202925,2,0,2,16,0,1,0,0,0,0,0,0,0,0,Weekday evening
0.8062157221206581,2,0,2,16,0,0,0,0,1,0,0,0,0,0,Weekday evening
0.5822669104204753,2,0,2,17,0,0,1,0,0,0,0,0,0,0,Weekday evening
0.5822669104204753,2,0,2,17,0,0,1,0,0,0,0,0,0,0,Weekday evening
0.3583180987202925,2,0,3,18,0,0,0,0,0,1,0,0,0,0,Weekday evening
0.1343692870201095,2,0,3,18,0,0,0,0,0,0,1,0,0,0,Weekday evening
0.1343692870201095,2,0,3,18,0,0,0,0,0,0,1,0,0,0,Weekday evening
0.5822669104204753,3,0,1,8,0,0,1,0,0,0,0,0,0,2,Weekday morning
0.5822669104204753,3,0,1,9,0,0,1,0,0,0,0,0,0,2,Weekday morning
0.5822669104204753,3,0,1,10,0,0,1,0,0,0,0,0,0,2,Weekday morning
0.3583180987202925,3,0,1,10,0,1,0,0,0,0,0,0,0,2,Weekday morning
0.3583180987202925,3,0,1,10,0,1,0,0,0,0,0,0,0,2,Weekday morning
0.3583180987202925,3,0,2,12,0,1,0,0,0,0,0,0,0,2,Weekday morning
0.3583180987202925,3,0,2,14,0,1,0,0,0,0,0,0,0,2,Weekday morning
0.3583180987202925,3,0,2,14,0,1,0,0,0,0,0,0,0,2,Weekday morning
0.1343692870201095,3,0,2,14,0,0,0,0,0,0,1,0,0,2,Weekday morning
0.3583180987202925,3,0,2,14,0,0,0,0,0,1,0,0,0,2,Weekday morning
0.8062157221206581,3,0,2,14,0,0,0,1,0,0,0,0,0,0,Weekday evening
0.8062157221206581,3,0,2,14,0,0,0,1,0,0,0,0,0,0,Weekday evening
0.3583180987202925,3,0,2,15,0,1,0,0,0,0,0,0,0,2,Weekday morning
0.3583180987202925,3,0,2,15,0,1,0,0,0,0,0,0,0,2,Weekday morning
0.8062157221206581,3,0,2,16,0,0,0,1,0,0,0,0,0,0,Weekday evening
0.3583180987202925,3,0,2,17,0,1,0,0,0,0,0,0,0,0,Weekday evening
0.8062157221206581,3,0,3,18,0,0,0,0,0,0,0,1,0,0,Weekday evening
0.8062157221206581,3,0,3,19,0,0,0,0,1,0,0,0,0,0,Weekday evening
0.8062157221206581,3,0,3,19,0,0,0,1,0,0,0,0,0,0,Weekday evening
0.8062157221206581,3,0,3,21,0,0,0,0,0,0,0,0,1,0,Weekday evening
0.5822669104204753,4,0,1,7,0,0,1,0,0,0,0,0,0,2,Weekday morning
0.5822669104204753,4,0,1,7,0,0,1,0,0,0,0,0,0,2,Weekday morning
0.3583180987202925,4,0,1,8,0,1,0,0,0,0,0,0,0,2,Weekday morning
0.3583180987202925,4,0,1,8,0,1,0,0,0,0,0,0,0,2,Weekday morning
0.3583180987202925,4,0,1,8,0,1,0,0,0,0,0,0,0,2,Weekday morning
0.8062157221206581,4,0,1,8,0,0,0,1,0,0,0,0,0,2,Weekday morning
0.3583180987202925,4,0,1,11,0,1,0,0,0,0,0,0,0,2,Weekday morning
0.8062157221206581,4,0,1,11,0,0,0,0,0,0,0,0,1,2,Weekday morning
0.3583180987202925,4,0,2,13,0,1,0,0,0,0,0,0,0,2,Weekday morning
0.8062157221206581,4,0,2,13,0,0,0,0,0,0,0,0,1,0,Weekday evening
0.8062157221206581,4,0,2,14,0,0,0,1,0,0,0,0,0,0,Weekday evening
0.8062157221206581,4,0,2,15,0,0,0,1,0,0,0,0,0,0,Weekday evening
0.3583180987202925,4,0,2,15,0,1,0,0,0,0,0,0,0,2,Weekday morning
0.8062157221206581,4,0,2,15,0,0,0,0,0,0,0,0,1,0,Weekday evening
0.8062157221206581,4,0,2,15,0,0,0,1,0,0,0,0,0,0,Weekday evening
0.8062157221206581,4,0,2,17,0,0,0,0,0,0,0,1,0,0,Weekday evening
0.8062157221206581,4,0,2,17,0,0,0,0,0,0,0,0,1,0,Weekday evening
0.8062157221206581,4,0,2,17,0,0,0,0,0,0,0,0,1,0,Weekday evening
0.8062157221206581,4,0,3,18,0,0,0,0,0,0,0,0,1,0,Weekday evening
0.3583180987202925,4,0,3,18,0,1,0,0,0,0,0,0,0,0,Weekday evening
0.5822669104204753,5,1,1,9,0,0,1,0,0,0,0,0,0,1,Weekend
0.5822669104204753,5,1,1,10,0,0,1,0,0,0,0,0,0,1,Weekend
0.8062157221206581,5,1,1,11,0,0,0,0,0,0,0,1,0,1,Weekend
0.8062157221206581,5,1,1,11,0,0,0,0,1,0,0,0,0,1,Weekend
0.5822669104204753,5,1,2,12,0,0,1,0,0,0,0,0,0,1,Weekend
0.3583180987202925,5,1,2,12,0,1,0,0,0,0,0,0,0,1,Weekend
0.3583180987202925,5,1,2,13,0,1,0,0,0,0,0,0,0,1,Weekend
0.5822669104204753,5,1,2,13,0,0,1,0,0,0,0,0,0,1,Weekend
0.1343692870201095,5,1,2,15,0,0,0,0,0,0,1,0,0,1,Weekend
0.8062157221206581,5,1,2,16,0,0,0,0,0,0,0,0,1,1,Weekend
0.5822669104204753,5,1,2,17,0,0,1,0,0,0,0,0,0,1,Weekend
0.5822669104204753,5,1,3,19,0,0,1,0,0,0,0,0,0,1,Weekend
0.8062157221206581,6,1,1,10,0,0,0,0,0,0,0,0,1,1,Weekend
0.8062157221206581,6,1,1,10,0,0,0,1,0,0,0,0,0,1,Weekend
0.8062157221206581,6,1,2,14,0,0,0,0,1,0,0,0,0,1,Weekend
0.8062157221206581,6,1,2,14,0,0,0,0,1,0,0,0,0,1,Weekend
0.3583180987202925,6,1,2,15,0,1,0,0,0,0,0,0,0,1,Weekend
0.8062157221206581,6,1,3,18,0,0,0,0,0,0,0,0,1,1,Weekend
